{"stats":{"minecraft:killed_by":{"minecraft:drowned":2},"minecraft:picked_up":{"minecraft:coarse_dirt":14,"minecraft:stick":31,"minecraft:crafting_table":3,"iceandfire:ghost_chest":1,"minecraft:lilac":1,"minecraft:brown_mushroom":1,"minecraft:spruce_sapling":28,"minecraft:chain":2,"minecraft:white_bed":1,"minecraft:yellow_bed":1,"minecraft:spruce_log":147,"minecraft:mossy_cobblestone":2,"skilltree:gem":1,"minecraft:dirt":95,"minecraft:bone":4,"minecraft:rotten_flesh":2,"iceandfire:graveyard_soil":2,"minecraft:wheat_seeds":2,"minecraft:sugar_cane":5,"minecraft:coal":3,"minecraft:cobblestone":24},"minecraft:mined":{"minecraft:podzol":6,"minecraft:large_fern":2,"minecraft:white_bed":1,"minecraft:brown_mushroom":1,"minecraft:yellow_bed":1,"treechop:chopped_log":4,"minecraft:crafting_table":3,"minecraft:grass_block":2,"minecraft:coal_ore":4,"minecraft:vine":1,"iceandfire:ghost_chest":1,"minecraft:cobblestone":1,"minecraft:spruce_leaves":2,"minecraft:stone":24,"minecraft:sugar_cane":2,"minecraft:fern":6},"minecraft:crafted":{"minecraft:stone_shovel":3,"minecraft:wooden_pickaxe":1,"minecraft:stone_pickaxe":2,"minecraft:stone_sword":2,"minecraft:spruce_boat":1,"minecraft:stone_hoe":2,"minecraft:stone_axe":2},"minecraft:dropped":{"minecraft:stone_hoe":1,"minecraft:stone_axe":1,"minecraft:stone_sword":1,"tombstone:grave_key":1,"minecraft:stone_shovel":1,"minecraft:stone_pickaxe":1},"minecraft:custom":{"minecraft:time_since_rest":1009,"minecraft:damage_taken":956,"minecraft:sprint_one_cm":51412,"minecraft:walk_one_cm":57241,"minecraft:drop":6,"minecraft:damage_dealt":291,"minecraft:swim_one_cm":12145,"minecraft:interact_with_crafting_table":9,"minecraft:fly_one_cm":66216,"minecraft:open_chest":2,"minecraft:play_time":31114,"minecraft:sneak_time":104,"minecraft:deaths":3,"minecraft:walk_under_water_one_cm":13114,"minecraft:boat_one_cm":110769,"minecraft:jump":360,"minecraft:leave_game":2,"minecraft:time_since_death":5453,"minecraft:walk_on_water_one_cm":9710,"minecraft:total_world_time":31114,"minecraft:fall_one_cm":3567},"minecraft:used":{"minecraft:stone_sword":1,"minecraft:stone_shovel":8,"minecraft:stone_pickaxe":26,"iceandfire:ghost_chest":1,"minecraft:spruce_planks":2,"minecraft:wooden_pickaxe":3,"minecraft:stone_hoe":2,"minecraft:lilac":1,"minecraft:stone_axe":57,"minecraft:dirt":1,"minecraft:crafting_table":2,"tombstone:gift":2,"minecraft:spruce_boat":1}},"DataVersion":3465}