{"stats":{"minecraft:crafted":{"minecraft:stone_shovel":1,"minecraft:crafting_table":1,"minecraft:wooden_pickaxe":1,"minecraft:stone_pickaxe":1,"minecraft:stone_sword":1,"minecraft:furnace":2,"minecraft:stone_hoe":1,"minecraft:stone_axe":1,"minecraft:air":0,"minecraft:cooked_mutton":2,"minecraft:smoker":1},"minecraft:mined":{"treechop:chopped_log":2,"minecraft:crafting_table":2,"minecraft:grass":8,"minecraft:grass_block":3,"minecraft:dirt":6,"minecraft:tall_grass":1,"minecraft:stone":38,"minecraft:white_wool":1,"minecraft:oak_leaves":4,"minecraft:blue_bed":1},"minecraft:used":{"minecraft:cooked_mutton":2,"minecraft:stone_sword":11,"minecraft:stone_pickaxe":35,"minecraft:wooden_pickaxe":3,"minecraft:spruce_sapling":2,"minecraft:stone_hoe":4,"minecraft:rotten_flesh":2,"minecraft:stone_axe":22,"minecraft:white_wool":1,"minecraft:dirt":2,"minecraft:crafting_table":2,"minecraft:smoker":1},"minecraft:picked_up":{"minecraft:stick":5,"minecraft:crafting_table":2,"minecraft:porkchop":8,"minecraft:oak_log":4,"minecraft:spruce_sapling":2,"minecraft:spruce_log":5,"minecraft:golden_chestplate":1,"minecraft:blue_bed":1,"minecraft:dirt":9,"minecraft:bone":1,"minecraft:rotten_flesh":2,"minecraft:apple":1,"minecraft:wheat_seeds":1,"minecraft:oak_sapling":3,"minecraft:mutton":2,"minecraft:white_wool":2,"minecraft:cobblestone":38},"minecraft:custom":{"minecraft:time_since_rest":12845,"minecraft:sprint_one_cm":24789,"minecraft:damage_taken":369,"minecraft:walk_one_cm":43414,"minecraft:mob_kills":6,"minecraft:damage_dealt":647,"minecraft:fly_one_cm":19142,"minecraft:interact_with_crafting_table":8,"minecraft:open_barrel":4,"minecraft:crouch_one_cm":165,"minecraft:play_time":12845,"tombstone:undead_killed":2,"minecraft:sneak_time":49,"minecraft:jump":109,"minecraft:time_since_death":12845,"minecraft:interact_with_smoker":3,"minecraft:climb_one_cm":152,"minecraft:total_world_time":12845,"minecraft:fall_one_cm":1959},"minecraft:killed":{"minecraft:sheep":1,"minecraft:skeleton":1,"minecraft:pig":3,"minecraft:drowned":1}},"DataVersion":3465}