{"stats":{"minecraft:picked_up":{"minecraft:crafting_table":6,"minecraft:wheat":7,"minecraft:chicken":1,"minecraft:wooden_pickaxe":1,"minecraft:shield":2,"minecraft:amethyst_block":55,"alexsmobs:gazelle_horn":6,"minecraft:string":3,"minecraft:raw_copper":25,"minecraft:zombie_head":1,"minecraft:cracked_stone_bricks":1,"minecraft:beef":1,"minecraft:cobblestone_slab":133,"minecraft:calcite":32,"minecraft:chest":3,"minecraft:egg":2,"minecraft:furnace":2,"minecraft:stick":14,"minecraft:raw_iron":3,"iceandfire:ghost_chest":1,"minecraft:torch":10,"minecraft:acacia_log":200,"minecraft:porkchop":5,"minecraft:diorite":33,"tombstone:grave_dust":1,"minecraft:rotten_flesh":1,"swem:alfalfa_seeds":20,"alexsmobs:emu_egg":1,"minecraft:mutton":8,"minecraft:obsidian":4,"minecraft:iron_bars":9,"minecraft:cobblestone":697,"alexsmobs:kangaroo_meat":11,"minecraft:white_wool":4,"paraglider:paraglider":1,"minecraft:nautilus_shell":1,"swem:timothy_seeds":15,"minecraft:feather":1,"minecraft:andesite":64,"minecraft:leather":7,"alexsmobs:acacia_blossom":3,"minecraft:smoker":1,"minecraft:flint":2,"minecraft:oak_log":15,"scalinghealth:bandages":2,"jeg:scrap":17,"alexsmobs:cooked_kangaroo_meat":4,"minecraft:gunpowder":1,"scalinghealth:heart_crystal":1,"minecraft:dirt":234,"jeg:grenade":1,"minecraft:bone":2,"minecraft:acacia_planks":19,"minecraft:apple":2,"minecraft:wheat_seeds":55,"minecraft:iron_ingot":2,"minecraft:stone_pickaxe":2,"scalinghealth:power_crystal_shard":2,"swem:oat_seeds":33,"jeg:tech_trash":2,"minecraft:acacia_sapling":72,"minecraft:smooth_basalt":26,"minecraft:cooked_porkchop":5,"patchouli:guide_book":1,"born_in_chaos_v1:ethereal_spirit":8,"minecraft:gravel":6,"alexsmobs:animal_dictionary":1,"alexsmobs:kangaroo_hide":11,"minecraft:stone_axe":1,"minecraft:granite":10,"minecraft:oak_sapling":16,"minecraft:coal":46},"minecraft:used":{"alexsmobs:emu_egg":1,"minecraft:stone_sword":80,"minecraft:stone_shovel":38,"minecraft:chest":17,"vanillaplustools:stone_hammer":65,"minecraft:stone_hoe":114,"minecraft:torch":38,"minecraft:dirt":44,"scalinghealth:heart_crystal":2,"alexsmobs:cooked_kangaroo_meat":12,"minecraft:smooth_basalt":1,"minecraft:furnace":3,"scalinghealth:bandages":1,"tombstone:gift":8,"minecraft:egg":2,"minecraft:cooked_beef":1,"minecraft:acacia_planks":327,"minecraft:wheat_seeds":55,"minecraft:cooked_mutton":5,"minecraft:water_bucket":173,"minecraft:diorite":7,"minecraft:stone_pickaxe":96,"minecraft:wooden_pickaxe":26,"minecraft:cobblestone_slab":84,"minecraft:crafting_table":7,"vanillaplustools:stone_shovel":19,"minecraft:white_bed":1,"minecraft:smoker":2,"minecraft:apple":1,"minecraft:iron_pickaxe":5,"minecraft:stone_axe":196,"minecraft:cobblestone":116,"minecraft:cooked_porkchop":5,"minecraft:bucket":174,"alexsmobs:animal_dictionary":5,"minecraft:experience_bottle":9},"minecraft:custom":{"minecraft:mob_kills":29,"tombstone:use_vanishing":1,"minecraft:interact_with_crafting_table":76,"minecraft:leave_game":3,"minecraft:time_since_death":44416,"minecraft:climb_one_cm":232,"minecraft:sprint_one_cm":244223,"minecraft:walk_one_cm":369507,"minecraft:drop":36,"minecraft:play_time":179120,"minecraft:deaths":11,"minecraft:sneak_time":15423,"minecraft:walk_under_water_one_cm":117627,"minecraft:jump":1758,"minecraft:walk_on_water_one_cm":44589,"minecraft:total_world_time":179120,"minecraft:interact_with_furnace":30,"minecraft:time_since_rest":44270,"minecraft:damage_taken":8598,"tombstone:sneak_grave":1,"minecraft:damage_dealt":6416,"minecraft:swim_one_cm":135924,"minecraft:fly_one_cm":380298,"minecraft:open_chest":151,"minecraft:crouch_one_cm":40834,"tombstone:undead_killed":1,"minecraft:interact_with_smoker":21,"minecraft:fall_one_cm":52976},"minecraft:mined":{"minecraft:large_amethyst_bud":5,"minecraft:granite":10,"minecraft:budding_amethyst":5,"minecraft:acacia_log":10,"minecraft:grass_block":46,"minecraft:furnace":2,"minecraft:andesite":44,"treechop:chopped_log":10,"minecraft:dirt_path":9,"minecraft:vine":3,"minecraft:cobblestone_slab":16,"minecraft:small_amethyst_bud":3,"minecraft:iron_bars":9,"minecraft:stone":294,"jeg:scrap_ore":8,"minecraft:medium_amethyst_bud":1,"minecraft:smoker":1,"minecraft:crafting_table":6,"minecraft:torch":7,"minecraft:calcite":35,"iceandfire:ghost_chest":1,"minecraft:chest":3,"minecraft:tall_grass":3,"minecraft:cobblestone":40,"minecraft:copper_ore":7,"minecraft:diorite":26,"minecraft:amethyst_block":36,"minecraft:wheat":9,"minecraft:grass":63,"minecraft:coal_ore":37,"minecraft:gravel":8,"minecraft:dirt":104,"minecraft:smooth_basalt":27,"minecraft:cracked_stone_bricks":1,"minecraft:acacia_planks":22},"minecraft:killed":{"minecraft:spider":1,"born_in_chaos_v1:scarlet_persecutor":3,"minecraft:horse":1,"minecraft:chicken":1,"alexsmobs:kangaroo":7,"minecraft:pig":2,"minecraft:creeper":1,"minecraft:sheep":6,"iceandfire:ghost":1,"alexsmobs:gazelle":5,"minecraft:cow":1},"minecraft:dropped":{"minecraft:acacia_log":64,"minecraft:stick":3,"minecraft:dirt":38,"scalinghealth:heart_crystal":1,"minecraft:torch":1,"paraglider:paraglider":2,"minecraft:stone_axe":4,"vanillaplustools:stone_shovel":1,"alexsmobs:acacia_blossom":2,"minecraft:stone_sword":2,"minecraft:stone_shovel":1,"minecraft:cooked_mutton":1,"alexsmobs:cooked_kangaroo_meat":9,"minecraft:cobblestone_slab":295,"minecraft:shield":3,"vanillaplustools:stone_hammer":2,"minecraft:stone_pickaxe":3,"scalinghealth:bandages":1},"minecraft:killed_by":{"minecraft:spider":1,"minecraft:drowned":3,"minecraft:zombie":1},"minecraft:crafted":{"minecraft:oak_planks":20,"minecraft:cobblestone_slab":246,"minecraft:stone_shovel":22,"vanillaplustools:stone_hammer":3,"minecraft:furnace":2,"minecraft:cooked_mutton":6,"portablemobs:master_capture_cell":1,"minecraft:stone_pickaxe":29,"minecraft:chest":15,"vanillaplustools:stone_shovel":2,"minecraft:stone_hoe":1,"minecraft:smoker":1,"minecraft:cooked_beef":1,"paraglider:paraglider":2,"minecraft:crafting_table":2,"minecraft:acacia_slab":6,"minecraft:wooden_pickaxe":1,"alexsmobs:cooked_kangaroo_meat":11,"minecraft:bucket":1,"minecraft:stone_axe":4,"minecraft:air":0,"portablemobs:basic_capture_cell":1,"minecraft:shield":2,"minecraft:stick":40,"minecraft:iron_ingot":7,"minecraft:iron_pickaxe":1,"minecraft:stone_sword":3,"minecraft:white_bed":1,"minecraft:acacia_planks":72}},"DataVersion":3465}