{"stats":{"minecraft:crafted":{"minecraft:smooth_stone":3,"minecraft:oak_planks":328,"minecraft:cobblestone_slab":66,"travelersbackpack:crafting_upgrade":2,"spartanshields:wooden_tower_shield":8,"minecraft:cooked_chicken":1,"iceandfire:silver_shovel":1,"minecraft:stone":3,"minecraft:bookshelf":32,"minecraft:cooked_mutton":8,"iceandfire:armor_copper_metal_boots":2,"minecraft:glass":64,"iceandfire:armor_copper_metal_chestplate":2,"minecraft:chest":7,"vanillaplustools:stone_shovel":2,"minecraft:stone_hoe":2,"soulsweapons:bluemoon_greatsword":1,"iceandfire:silver_axe":1,"minecraft:emerald":23,"minecraft:cooked_porkchop":1,"enchantinginfuser:enchanting_infuser":1,"minecraft:crafting_table":3,"travelersbackpack:standard":2,"minecraft:copper_ingot":158,"enchantinginfuser:advanced_enchanting_infuser":1,"minecraft:book":86,"minecraft:paper":261,"minecraft:diamond_pickaxe":2,"minecraft:stick":308,"minecraft:leather_chestplate":1,"minecraft:iron_ingot":43,"minecraft:gold_ingot":31,"minecraft:netherite_ingot":2,"minecraft:saddle":1,"minecraft:stone_shovel":8,"vanillaplustools:stone_hammer":7,"minecraft:furnace":1,"minecraft:blast_furnace":1,"iceandfire:armor_copper_metal_leggings":2,"travelersbackpack:blank_upgrade":4,"iceandfire:armor_copper_metal_helmet":2,"minecraft:flint_and_steel":1,"travelersbackpack:white_sleeping_bag":2,"spartanshields:copper_tower_shield":8,"minecraft:stone_pickaxe":71,"minecraft:netherite_scrap":15,"minecraft:dark_oak_planks":20,"minecraft:golden_helmet":4,"minecraft:cooked_beef":347,"swem:cantazarite_dye":15,"soulsweapons:bluemoon_shortsword":1,"iceandfire:silver_ingot":31,"minecraft:enchanting_table":1,"travelersbackpack:backpack_tank":6,"alexsmobs:cooked_kangaroo_meat":1,"alexsmobs:boiled_emu_egg":1,"scalinghealth:heart_crystal":4,"minecraft:stone_axe":6,"minecraft:air":0,"minecraft:acacia_planks":104,"minecraft:torch":76},"minecraft:picked_up":{"minecraft:iron_chestplate":1,"minecraft:wheat":526,"soulsweapons:moonstone":34,"minecraft:nether_brick":10,"minecraft:brewing_stand":1,"minecraft:amethyst_block":20,"cave_dweller:cave_dweller_spawn_egg":1,"minecraft:soul_soil":4,"alexsmobs:gazelle_horn":1,"minecraft:string":9,"minecraft:raw_copper":58,"minecraft:iron_leggings":1,"born_in_chaos_v1:chocolate_heart":1,"alexsmobs:blood_sac":7,"minecraft:gold_nugget":251,"minecraft:cobbled_deepslate":2453,"bosses_of_mass_destruction:soul_star":1,"minecraft:calcite":23,"alexsmobs:raccoon_tail":2,"born_in_chaos_v1:smoldering_scorched_log":2,"minecraft:furnace":1,"minecraft:golden_helmet":1,"minecraft:stick":72,"born_in_chaos_v1:shattered_skull":1,"minecraft:torch":122,"tombstone:grave_dust":9,"minecraft:diorite":102,"minecraft:rotten_flesh":59,"alexsmobs:emu_egg":24,"soulsweapons:bluemoon_greatsword":3,"minecraft:obsidian":16,"minecraft:iron_bars":10,"minecraft:cobblestone":1137,"minecraft:magma_block":20,"minecraft:cooked_beef":85,"minecraft:feather":2,"minecraft:water_bucket":2,"minecraft:andesite":140,"minecraft:potato":2,"minecraft:flint":25,"minecraft:tuff":353,"born_in_chaos_v1:black_argillite_button":2,"jeg:scrap":104,"minecraft:lantern":1,"skilltree:gem":27,"minecraft:lapis_lazuli":51,"minecraft:dirt":358,"minecraft:bone":16,"minecraft:chipped_anvil":1,"minecraft:bow":2,"minecraft:wheat_seeds":1419,"minecraft:raw_gold":18,"swem:oat_seeds":9,"minecraft:stone_hoe":2,"jeg:advanced_firearm_blueprint":1,"swem:cantazarite":48,"swem:cantazarite_dye":16,"minecraft:sand":252,"minecraft:mossy_cobblestone":4,"alexsmobs:kangaroo_hide":1,"born_in_chaos_v1:fire_dust":4,"minecraft:diamond":39,"alexsmobs:rattlesnake_rattle":1,"minecraft:granite":30,"minecraft:bone_meal":2,"soulsweapons:verglas":16,"born_in_chaos_v1:rotten_fish":1,"minecraft:netherrack":3770,"minecraft:diamond_pickaxe":5,"minecraft:crimson_roots":6,"iceandfire:raw_silver":13,"minecraft:crafting_table":2,"minecraft:chicken":2,"minecraft:shield":1,"soulsweapons:demon_heart":4,"alexsmobs:pigshoes":1,"born_in_chaos_v1:black_argillite_brick":1,"minecraft:blackstone":150,"scalinghealth:chance_heart":2,"minecraft:beef":168,"minecraft:player_head":1,"minecraft:poppy":1,"minecraft:chest":1,"minecraft:sugar_cane":276,"minecraft:raw_iron":38,"minecraft:sandstone":1,"iceandfire:deathworm_chitin_red":8,"minecraft:fire_charge":1,"born_in_chaos_v1:pieceofdarkmetal":7,"minecraft:redstone":32,"minecraft:stone_pressure_plate":1,"artifacts:snorkel":1,"minecraft:arrow":10,"spartanshields:copper_tower_shield":5,"minecraft:hay_block":58,"swem:alfalfa_seeds":11,"born_in_chaos_v1:spiny_shell":7,"minecraft:gold_ingot":1,"minecraft:mutton":5,"alexsmobs:kangaroo_meat":1,"minecraft:white_wool":6,"born_in_chaos_v1:fused_bone":3,"iceandfire:silver_axe":3,"born_in_chaos_v1:corpse_maggot":9,"swem:timothy_seeds":7,"minecraft:basalt":563,"minecraft:glow_ink_sac":3,"iceandfire:silver_shovel":3,"minecraft:cut_sandstone":1,"minecraft:leather":80,"minecraft:birch_planks":5,"rats:charged_creeper_chunk":1,"minecraft:crimson_fungus":1,"waystones:sandy_waystone":1,"minecraft:oak_log":5,"scalinghealth:bandages":5,"minecraft:ancient_debris":19,"minecraft:yellow_bed":1,"scalinghealth:heart_crystal":7,"alexsmobs:mosquito_proboscis":1,"minecraft:paper":5,"minecraft:cooked_mutton":3,"minecraft:smooth_sandstone":2,"scalinghealth:power_crystal_shard":13,"tombstone:bag_of_seeds":1,"minecraft:soul_sand":28,"jeg:tech_trash":15,"minecraft:book":3,"minecraft:smooth_basalt":22,"scalinghealth:heart_crystal_shard":31,"minecraft:warped_fungus":3,"minecraft:pumpkin":9,"minecraft:chiseled_stone_bricks":1,"born_in_chaos_v1:black_argillitepressureplate":2,"minecraft:quartz":65,"minecraft:gravel":99,"minecraft:amethyst_shard":48,"minecraft:crying_obsidian":6,"minecraft:mossy_stone_brick_slab":1,"swem:shining_amethyst_shard":8,"travelersbackpack:standard":4,"born_in_chaos_v1:black_argillite_brick_slab":2,"vanillaplustools:stone_hammer":7,"tombstone:magic_scroll":1,"minecraft:coal":106,"minecraft:ender_pearl":5},"minecraft:killed":{"minecraft:spider":2,"born_in_chaos_v1:siamese_skeletonsright":1,"minecraft:skeleton":5,"minecraft:chicken":2,"soulsweapons:evil_forlorn":1,"majruszsdifficulty:creeperling":1,"alexsmobs:kangaroo":1,"artifacts:mimic":1,"minecraft:creeper":1,"alexsmobs:crimson_mosquito":8,"minecraft:sheep":2,"born_in_chaos_v1:zombie_fisherman":1,"minecraft:pillager":1,"minecraft:zombie":57,"born_in_chaos_v1:dread_hound":1,"born_in_chaos_v1:corpse_fly":3,"minecraft:cow":231,"born_in_chaos_v1:siamese_skeletonsleft":1,"alexsmobs:raccoon":2,"born_in_chaos_v1:thornshell_crab":1,"born_in_chaos_v1:firelight":8,"born_in_chaos_v1:maggot":10,"born_in_chaos_v1:baby_spider":1,"minecraft:horse":1,"alexsmobs:soul_vulture":1,"iceandfire:deathworm":1,"alexsmobs:guster":1,"minecraft:husk":2,"born_in_chaos_v1:baby_skeleton":4,"born_in_chaos_v1:swarmer":1,"born_in_chaos_v1:decaying_zombie":1,"soulsweapons:withered_demon":7,"alexsmobs:gazelle":1},"minecraft:dropped":{"soulsweapons:bluemoon_shortsword":1,"minecraft:warped_fungus":1,"minecraft:cooked_beef":220,"iceandfire:silver_axe":2,"travelersbackpack:standard":1,"minecraft:cut_sandstone":1,"iceandfire:armor_copper_metal_boots":1,"minecraft:gold_ingot":6,"minecraft:stone_axe":1,"minecraft:cobbled_deepslate":309,"minecraft:wheat":11,"swem:alfalfa_seeds":1,"minecraft:mossy_stone_brick_slab":1,"minecraft:cooked_mutton":3,"alexsmobs:emu_egg":8,"paraglider:deku_leaf":1,"cave_dweller:cave_dweller_spawn_egg":1,"vanillaplustools:stone_hammer":5,"minecraft:basalt":40,"minecraft:arrow":2,"iceandfire:armor_copper_metal_leggings":1,"minecraft:netherrack":282,"minecraft:water_bucket":1,"minecraft:wheat_seeds":1,"minecraft:golden_helmet":3,"soulsweapons:bluemoon_greatsword":3,"iceandfire:armor_copper_metal_chestplate":1,"minecraft:cobblestone":168,"minecraft:book":1,"minecraft:coal":25,"minecraft:stick":65,"artifacts:snorkel":1,"scalinghealth:heart_crystal":6,"minecraft:torch":11,"born_in_chaos_v1:fused_bone":1,"minecraft:player_head":1,"minecraft:tuff":64,"iceandfire:armor_copper_metal_helmet":1,"minecraft:flint_and_steel":1,"minecraft:diamond_pickaxe":1,"spartanshields:copper_tower_shield":6,"minecraft:stone_pickaxe":12},"minecraft:mined":{"minecraft:large_amethyst_bud":3,"minecraft:stone_pressure_plate":1,"minecraft:farmland":12,"minecraft:cobblestone_stairs":1,"minecraft:obsidian":12,"minecraft:granite":51,"swem:cantazarite_ore":8,"minecraft:budding_amethyst":1,"minecraft:grass_block":77,"minecraft:soul_soil":4,"minecraft:crimson_fungus":1,"minecraft:chiseled_stone_bricks":1,"minecraft:magma_block":20,"minecraft:iron_ore":34,"minecraft:cobbled_deepslate":49,"minecraft:fire":27,"minecraft:deepslate_lapis_ore":6,"minecraft:sculk_shrieker":1,"minecraft:dirt_path":2,"minecraft:small_amethyst_bud":7,"minecraft:iron_bars":10,"minecraft:tripwire":2,"minecraft:deepslate_redstone_ore":9,"minecraft:cut_sandstone":1,"minecraft:blackstone":210,"soulsweapons:verglas_ore_deepslate":6,"minecraft:medium_amethyst_bud":6,"minecraft:crimson_nylium":8,"minecraft:amethyst_cluster":5,"born_in_chaos_v1:infected_deepslate_diamond_ore":2,"minecraft:torch":6,"minecraft:calcite":33,"born_in_chaos_v1:smoldering_scorched_log":1,"minecraft:nether_quartz_ore":72,"swem:star_worm_cobble":1,"minecraft:cobblestone":62,"swem:shining_amethyst_cluster":1,"minecraft:sugar_cane":203,"minecraft:wall_torch":20,"minecraft:amethyst_block":13,"minecraft:wheat":577,"minecraft:warped_fungus":3,"minecraft:stone_brick_stairs":1,"minecraft:grass":29,"minecraft:oak_log":1,"minecraft:sand":290,"minecraft:dirt":214,"minecraft:smooth_basalt":24,"minecraft:stonecutter":1,"minecraft:netherrack":4734,"minecraft:ancient_debris":19,"minecraft:deepslate":2014,"soulsweapons:verglas_ore":7,"minecraft:nether_gold_ore":67,"minecraft:crying_obsidian":5,"minecraft:tuff":272,"iceandfire:silver_ore":13,"minecraft:mossy_cobblestone":4,"minecraft:deepslate_diamond_ore":27,"minecraft:crimson_roots":6,"minecraft:weeping_vines":1,"iceandfire:deepslate_silver_ore":2,"minecraft:sandstone":1,"minecraft:hay_block":64,"minecraft:suspicious_sand":1,"minecraft:andesite":83,"treechop:chopped_log":1,"soulsweapons:moonstone_ore_deepslate":19,"minecraft:bookshelf":1,"minecraft:deepslate_iron_ore":2,"minecraft:stone":1074,"minecraft:soul_sand":23,"minecraft:basalt":982,"minecraft:crafting_table":2,"minecraft:tall_grass":5,"minecraft:copper_ore":18,"born_in_chaos_v1:chipped_black_argillite_brick":1,"minecraft:lapis_ore":5,"minecraft:deepslate_gold_ore":9,"minecraft:diorite":89,"jeg:deepslate_scrap_ore":43,"minecraft:birch_planks":6,"minecraft:coal_ore":119,"minecraft:gravel":164,"minecraft:cobweb":3,"minecraft:chipped_anvil":1,"minecraft:fern":1},"minecraft:used":{"iceandfire:dragonsteel_lightning_pickaxe":55,"minecraft:chest":4,"minecraft:shield":31,"minecraft:soul_sand":3,"minecraft:tuff":86,"minecraft:obsidian":22,"enchantinginfuser:advanced_enchanting_infuser":1,"minecraft:magma_block":12,"minecraft:warped_fungus":1,"minecraft:hay_block":7,"minecraft:golden_boots":1,"minecraft:diorite":19,"minecraft:blackstone":10,"minecraft:ender_pearl":1,"minecraft:sugar_cane":18,"soulsweapons:bluemoon_greatsword":779,"minecraft:sand":8,"soulsweapons:bluemoon_shortsword":2,"minecraft:blast_furnace":1,"iceandfire:silver_axe":396,"minecraft:dark_oak_log":2,"minecraft:deepslate":2,"minecraft:golden_helmet":2,"minecraft:andesite":1,"minecraft:experience_bottle":13,"minecraft:iron_bars":10,"waystones:sandy_waystone":1,"minecraft:stone_sword":29,"minecraft:flint_and_steel":7,"minecraft:stone_shovel":3,"born_in_chaos_v1:chocolate_heart":1,"vanillaplustools:stone_hammer":1138,"minecraft:cooked_chicken":1,"minecraft:stone_hoe":91,"minecraft:netherrack":300,"minecraft:torch":303,"minecraft:brewing_stand":1,"minecraft:dirt":160,"scalinghealth:heart_crystal":10,"alexsmobs:cooked_kangaroo_meat":1,"minecraft:granite":7,"minecraft:bookshelf":32,"born_in_chaos_v1:smoldering_scorched_log":2,"minecraft:basalt":26,"scalinghealth:bandages":1,"tombstone:gift":6,"minecraft:cooked_beef":296,"minecraft:cobbled_deepslate":373,"minecraft:enchanted_golden_apple":1,"alexsmobs:boiled_emu_egg":1,"minecraft:cooked_mutton":9,"minecraft:wheat_seeds":627,"minecraft:water_bucket":56,"cave_dweller:cave_dweller_spawn_egg":1,"scalinghealth:chance_heart":2,"minecraft:cobblestone_slab":10,"minecraft:mossy_cobblestone":2,"minecraft:crafting_table":2,"vanillaplustools:stone_shovel":117,"minecraft:smoker":1,"minecraft:diamond_pickaxe":717,"minecraft:iron_pickaxe":63,"spartanshields:copper_tower_shield":157,"minecraft:stone_axe":426,"minecraft:cobblestone":255,"travelersbackpack:standard":42,"minecraft:cooked_porkchop":1,"minecraft:bucket":66,"iceandfire:silver_shovel":53,"alexsmobs:emu_egg":9},"minecraft:broken":{"minecraft:golden_helmet":2,"spartanshields:copper_tower_shield":2,"minecraft:iron_boots":1,"minecraft:iron_leggings":2,"minecraft:chainmail_chestplate":1,"minecraft:stone_axe":3,"iceandfire:armor_copper_metal_helmet":1,"minecraft:shield":1,"iceandfire:armor_copper_metal_leggings":1,"vanillaplustools:stone_hammer":9,"vanillaplustools:stone_shovel":1,"iceandfire:armor_copper_metal_boots":1},"minecraft:custom":{"minecraft:animals_bred":205,"minecraft:interact_with_crafting_table":124,"minecraft:open_barrel":7,"goblintraders:trade_with_goblin":26,"minecraft:leave_game":18,"minecraft:time_since_death":3058,"minecraft:damage_resisted":145,"minecraft:sprint_one_cm":1149768,"minecraft:damage_blocked_by_shield":13701,"minecraft:drop":126,"minecraft:play_time":779420,"minecraft:deaths":54,"minecraft:jump":5596,"minecraft:interact_with_brewingstand":1,"minecraft:walk_on_water_one_cm":115122,"minecraft:enchant_item":1,"minecraft:interact_with_furnace":66,"minecraft:waystone_activated":1,"tombstone:sneak_grave":2,"minecraft:damage_dealt":81736,"minecraft:crouch_one_cm":90857,"tombstone:undead_killed":81,"minecraft:interact_with_smoker":73,"minecraft:horse_one_cm":104486,"minecraft:mob_kills":370,"minecraft:damage_dealt_resisted":1767,"minecraft:climb_one_cm":3523,"minecraft:walk_one_cm":1847505,"minecraft:sneak_time":42407,"minecraft:walk_under_water_one_cm":152471,"minecraft:interact_with_blast_furnace":41,"minecraft:total_world_time":779420,"spartanshields:shield_bash_hits":2,"minecraft:time_since_rest":2906,"minecraft:damage_taken":68070,"minecraft:damage_absorbed":160,"minecraft:trigger_trapped_chest":1,"minecraft:swim_one_cm":77375,"minecraft:fly_one_cm":1800090,"minecraft:open_chest":985,"minecraft:fall_one_cm":208327},"minecraft:killed_by":{"minecraft:drowned":1,"minecraft:zombie":25,"minecraft:spider":2}},"DataVersion":3465}