{"stats":{"minecraft:picked_up":{"minecraft:crafting_table":5,"minecraft:wheat":2,"minecraft:chicken":1,"minecraft:wooden_pickaxe":1,"minecraft:shield":2,"minecraft:amethyst_block":55,"alexsmobs:gazelle_horn":4,"minecraft:string":3,"minecraft:raw_copper":25,"minecraft:zombie_head":1,"minecraft:cracked_stone_bricks":1,"minecraft:beef":1,"minecraft:cobblestone_slab":131,"minecraft:calcite":32,"minecraft:chest":3,"minecraft:egg":1,"minecraft:furnace":2,"minecraft:stick":9,"minecraft:raw_iron":3,"iceandfire:ghost_chest":1,"minecraft:torch":7,"minecraft:acacia_log":200,"minecraft:diorite":33,"tombstone:grave_dust":1,"minecraft:rotten_flesh":1,"swem:alfalfa_seeds":17,"minecraft:mutton":3,"minecraft:obsidian":4,"minecraft:iron_bars":9,"minecraft:cobblestone":697,"alexsmobs:kangaroo_meat":11,"minecraft:white_wool":1,"minecraft:nautilus_shell":1,"swem:timothy_seeds":14,"minecraft:feather":1,"minecraft:andesite":64,"minecraft:leather":6,"alexsmobs:acacia_blossom":3,"minecraft:smoker":1,"minecraft:flint":2,"scalinghealth:bandages":2,"jeg:scrap":17,"alexsmobs:cooked_kangaroo_meat":4,"minecraft:gunpowder":1,"scalinghealth:heart_crystal":1,"minecraft:dirt":234,"jeg:grenade":1,"minecraft:bone":2,"minecraft:acacia_planks":19,"minecraft:wheat_seeds":30,"minecraft:iron_ingot":2,"minecraft:stone_pickaxe":2,"scalinghealth:power_crystal_shard":2,"swem:oat_seeds":31,"jeg:tech_trash":2,"minecraft:acacia_sapling":72,"minecraft:smooth_basalt":26,"minecraft:cooked_porkchop":2,"patchouli:guide_book":1,"born_in_chaos_v1:ethereal_spirit":8,"minecraft:gravel":6,"alexsmobs:animal_dictionary":1,"alexsmobs:kangaroo_hide":11,"minecraft:stone_axe":1,"minecraft:granite":10,"minecraft:oak_sapling":5,"minecraft:coal":46},"minecraft:used":{"minecraft:stone_sword":69,"minecraft:stone_shovel":38,"minecraft:chest":15,"vanillaplustools:stone_hammer":64,"minecraft:stone_hoe":114,"minecraft:torch":30,"minecraft:dirt":44,"scalinghealth:heart_crystal":2,"alexsmobs:cooked_kangaroo_meat":8,"minecraft:smooth_basalt":1,"minecraft:furnace":3,"scalinghealth:bandages":1,"tombstone:gift":8,"minecraft:egg":1,"minecraft:cooked_beef":1,"minecraft:acacia_planks":327,"minecraft:wheat_seeds":29,"minecraft:cooked_mutton":5,"minecraft:water_bucket":171,"minecraft:diorite":7,"minecraft:stone_pickaxe":96,"minecraft:wooden_pickaxe":26,"minecraft:cobblestone_slab":82,"minecraft:crafting_table":6,"vanillaplustools:stone_shovel":18,"minecraft:white_bed":1,"minecraft:smoker":2,"minecraft:iron_pickaxe":4,"minecraft:stone_axe":143,"minecraft:cobblestone":81,"minecraft:cooked_porkchop":1,"minecraft:bucket":172,"minecraft:experience_bottle":9},"minecraft:custom":{"minecraft:mob_kills":20,"tombstone:use_vanishing":1,"minecraft:interact_with_crafting_table":71,"minecraft:leave_game":3,"minecraft:time_since_death":20416,"minecraft:climb_one_cm":232,"minecraft:sprint_one_cm":165085,"minecraft:walk_one_cm":311799,"minecraft:drop":33,"minecraft:play_time":155120,"minecraft:deaths":11,"minecraft:sneak_time":13902,"minecraft:walk_under_water_one_cm":104998,"minecraft:jump":1417,"minecraft:walk_on_water_one_cm":41877,"minecraft:total_world_time":155120,"minecraft:interact_with_furnace":30,"minecraft:time_since_rest":20270,"minecraft:damage_taken":8010,"tombstone:sneak_grave":1,"minecraft:damage_dealt":5143,"minecraft:swim_one_cm":90333,"minecraft:fly_one_cm":295439,"minecraft:open_chest":93,"minecraft:crouch_one_cm":36868,"tombstone:undead_killed":1,"minecraft:interact_with_smoker":15,"minecraft:fall_one_cm":47408},"minecraft:mined":{"minecraft:large_amethyst_bud":5,"minecraft:granite":10,"minecraft:budding_amethyst":5,"minecraft:acacia_log":10,"minecraft:grass_block":46,"minecraft:furnace":2,"minecraft:andesite":44,"treechop:chopped_log":7,"minecraft:dirt_path":9,"minecraft:vine":3,"minecraft:cobblestone_slab":13,"minecraft:small_amethyst_bud":3,"minecraft:iron_bars":9,"minecraft:stone":294,"jeg:scrap_ore":8,"minecraft:medium_amethyst_bud":1,"minecraft:smoker":1,"minecraft:crafting_table":5,"minecraft:torch":5,"minecraft:calcite":35,"iceandfire:ghost_chest":1,"minecraft:chest":3,"minecraft:cobblestone":39,"minecraft:copper_ore":7,"minecraft:diorite":26,"minecraft:amethyst_block":36,"minecraft:wheat":2,"minecraft:grass":46,"minecraft:coal_ore":37,"minecraft:gravel":8,"minecraft:dirt":104,"minecraft:smooth_basalt":27,"minecraft:cracked_stone_bricks":1,"minecraft:acacia_planks":21},"minecraft:killed":{"minecraft:spider":1,"born_in_chaos_v1:scarlet_persecutor":3,"minecraft:chicken":1,"alexsmobs:kangaroo":7,"minecraft:creeper":1,"minecraft:sheep":3,"iceandfire:ghost":1,"alexsmobs:gazelle":2,"minecraft:cow":1},"minecraft:dropped":{"minecraft:acacia_log":64,"minecraft:stick":3,"minecraft:dirt":38,"scalinghealth:heart_crystal":1,"minecraft:torch":1,"minecraft:stone_axe":3,"vanillaplustools:stone_shovel":1,"alexsmobs:acacia_blossom":2,"minecraft:stone_sword":2,"minecraft:stone_shovel":1,"minecraft:cooked_mutton":1,"alexsmobs:cooked_kangaroo_meat":9,"minecraft:cobblestone_slab":295,"minecraft:shield":3,"vanillaplustools:stone_hammer":2,"minecraft:stone_pickaxe":3,"scalinghealth:bandages":1},"minecraft:killed_by":{"minecraft:spider":1,"minecraft:drowned":3,"minecraft:zombie":1},"minecraft:crafted":{"minecraft:cobblestone_slab":246,"minecraft:stone_shovel":22,"vanillaplustools:stone_hammer":3,"minecraft:furnace":2,"minecraft:cooked_mutton":6,"portablemobs:master_capture_cell":1,"minecraft:stone_pickaxe":29,"minecraft:chest":13,"vanillaplustools:stone_shovel":2,"minecraft:stone_hoe":1,"minecraft:smoker":1,"minecraft:cooked_beef":1,"minecraft:crafting_table":2,"minecraft:acacia_slab":6,"minecraft:wooden_pickaxe":1,"alexsmobs:cooked_kangaroo_meat":11,"minecraft:bucket":1,"minecraft:stone_axe":4,"minecraft:air":0,"portablemobs:basic_capture_cell":1,"minecraft:shield":2,"minecraft:stick":40,"minecraft:iron_ingot":7,"minecraft:iron_pickaxe":1,"minecraft:stone_sword":3,"minecraft:white_bed":1,"minecraft:acacia_planks":72}},"DataVersion":3465}