{"stats":{"minecraft:custom":{"minecraft:interact_with_furnace":18,"minecraft:mob_kills":1,"minecraft:animals_bred":13,"minecraft:interact_with_crafting_table":14,"minecraft:leave_game":3,"minecraft:time_since_death":54891,"minecraft:time_since_rest":54318,"minecraft:sprint_one_cm":40224,"minecraft:damage_taken":2098,"minecraft:walk_one_cm":109921,"minecraft:damage_blocked_by_shield":1077,"minecraft:drop":20,"minecraft:damage_dealt":196,"minecraft:swim_one_cm":7200,"minecraft:fly_one_cm":60234,"minecraft:open_chest":126,"minecraft:crouch_one_cm":2001,"minecraft:play_time":61086,"tombstone:undead_killed":1,"minecraft:deaths":2,"minecraft:sneak_time":1029,"minecraft:walk_under_water_one_cm":1496,"minecraft:jump":158,"minecraft:interact_with_blast_furnace":10,"minecraft:walk_on_water_one_cm":725,"minecraft:interact_with_smoker":2,"minecraft:total_world_time":61086,"minecraft:fall_one_cm":21216},"minecraft:crafted":{"minecraft:smooth_stone":3,"vanillaplustools:stone_hammer":2,"iceandfire:silver_ingot":12,"spartanshields:wooden_tower_shield":2,"minecraft:furnace":1,"minecraft:blast_furnace":1,"iceandfire:armor_copper_metal_leggings":2,"minecraft:copper_ingot":49,"minecraft:stone":3,"minecraft:air":0,"iceandfire:armor_copper_metal_boots":2,"iceandfire:armor_copper_metal_helmet":2,"minecraft:glass":2,"minecraft:stick":104,"spartanshields:copper_tower_shield":2,"minecraft:stone_pickaxe":19,"iceandfire:armor_copper_metal_chestplate":2,"minecraft:chest":2,"minecraft:acacia_planks":80},"minecraft:used":{"alexsmobs:emu_egg":3,"minecraft:golden_boots":1,"minecraft:wheat_seeds":61,"minecraft:water_bucket":1,"minecraft:diorite":11,"minecraft:stone_sword":6,"minecraft:flint_and_steel":1,"minecraft:chest":2,"vanillaplustools:stone_hammer":32,"minecraft:sugar_cane":9,"minecraft:stone_hoe":4,"minecraft:torch":11,"scalinghealth:heart_crystal":2,"minecraft:blast_furnace":1,"vanillaplustools:stone_shovel":5,"minecraft:smoker":1,"minecraft:obsidian":12,"minecraft:iron_pickaxe":13,"spartanshields:copper_tower_shield":13,"minecraft:stone_axe":46,"minecraft:cobblestone":1,"minecraft:bucket":1,"minecraft:cooked_beef":3},"minecraft:broken":{"vanillaplustools:stone_hammer":1},"minecraft:dropped":{"minecraft:cooked_beef":6,"iceandfire:armor_copper_metal_chestplate":1,"iceandfire:armor_copper_metal_helmet":1,"minecraft:cooked_mutton":3,"alexsmobs:emu_egg":7,"scalinghealth:heart_crystal":3,"spartanshields:copper_tower_shield":2,"iceandfire:armor_copper_metal_boots":1,"iceandfire:armor_copper_metal_leggings":1},"minecraft:mined":{"minecraft:tuff":1,"iceandfire:silver_ore":8,"soulsweapons:verglas_ore_deepslate":2,"minecraft:granite":36,"minecraft:grass_block":9,"minecraft:crimson_roots":1,"minecraft:copper_ore":4,"minecraft:cobblestone":1,"minecraft:sugar_cane":15,"minecraft:crimson_fungus":1,"minecraft:diorite":33,"minecraft:wheat":30,"minecraft:andesite":10,"soulsweapons:moonstone_ore_deepslate":1,"minecraft:gravel":6,"minecraft:dirt":18,"minecraft:stone":191,"minecraft:deepslate":1},"minecraft:picked_up":{"minecraft:wheat":30,"minecraft:cooked_beef":3,"minecraft:andesite":10,"soulsweapons:moonstone":1,"minecraft:crimson_fungus":1,"minecraft:tuff":39,"scalinghealth:heart_crystal":2,"minecraft:lapis_lazuli":15,"skilltree:gem":1,"minecraft:dirt":22,"minecraft:raw_copper":12,"minecraft:cooked_mutton":2,"born_in_chaos_v1:chocolate_heart":1,"minecraft:wheat_seeds":82,"minecraft:cobbled_deepslate":83,"minecraft:sugar_cane":19,"minecraft:torch":37,"minecraft:gravel":1,"minecraft:diorite":32,"minecraft:rotten_flesh":6,"spartanshields:copper_tower_shield":1,"minecraft:granite":20,"minecraft:bone_meal":1,"alexsmobs:emu_egg":9,"soulsweapons:verglas":2,"iceandfire:raw_silver":7,"minecraft:crimson_roots":1,"minecraft:cobblestone":168},"minecraft:killed":{"minecraft:zombie":1}},"DataVersion":3465}