{"stats":{"minecraft:picked_up":{"minecraft:crafting_table":6,"minecraft:wheat":62,"minecraft:chicken":3,"minecraft:wooden_pickaxe":1,"minecraft:shield":2,"born_in_chaos_v1:holiday_candy":1,"minecraft:amethyst_block":55,"alexsmobs:gazelle_horn":7,"minecraft:string":4,"minecraft:raw_copper":56,"minecraft:zombie_head":1,"minecraft:cracked_stone_bricks":1,"minecraft:beef":1,"born_in_chaos_v1:smoldering_infernal_ember":1,"minecraft:cobblestone_slab":133,"minecraft:calcite":32,"minecraft:sugar_cane":6,"minecraft:chest":7,"minecraft:birch_sapling":2,"minecraft:egg":2,"minecraft:furnace":2,"minecraft:stick":14,"minecraft:raw_iron":13,"iceandfire:ghost_chest":1,"minecraft:acacia_fence":32,"minecraft:torch":42,"minecraft:acacia_log":200,"minecraft:porkchop":15,"minecraft:diorite":34,"tombstone:grave_dust":1,"minecraft:stone_sword":1,"minecraft:rotten_flesh":3,"swem:alfalfa_seeds":30,"alexsmobs:emu_egg":6,"minecraft:mutton":11,"minecraft:obsidian":4,"minecraft:iron_bars":9,"minecraft:cobblestone":945,"alexsmobs:kangaroo_meat":11,"minecraft:white_wool":4,"paraglider:paraglider":1,"minecraft:nautilus_shell":1,"swem:timothy_seeds":30,"minecraft:feather":2,"minecraft:andesite":66,"minecraft:acacia_leaves":2,"minecraft:leather":7,"alexsmobs:acacia_blossom":3,"minecraft:smoker":6,"minecraft:flint":2,"minecraft:oak_log":15,"scalinghealth:bandages":2,"jeg:scrap":28,"alexsmobs:cooked_kangaroo_meat":4,"minecraft:gunpowder":1,"scalinghealth:heart_crystal":1,"skilltree:gem":7,"minecraft:dirt":309,"jeg:grenade":1,"minecraft:cooked_mutton":1,"minecraft:bone":2,"minecraft:acacia_planks":21,"minecraft:apple":2,"minecraft:wheat_seeds":208,"minecraft:iron_ingot":2,"minecraft:stone_pickaxe":2,"scalinghealth:power_crystal_shard":2,"swem:oat_seeds":38,"jeg:tech_trash":3,"minecraft:acacia_sapling":72,"minecraft:smooth_basalt":26,"minecraft:cooked_porkchop":7,"patchouli:guide_book":1,"born_in_chaos_v1:ethereal_spirit":8,"minecraft:gravel":6,"alexsmobs:animal_dictionary":1,"alexsmobs:kangaroo_hide":11,"minecraft:stone_axe":1,"minecraft:granite":19,"soulsweapons:verglas":2,"born_in_chaos_v1:rotten_fish":1,"minecraft:oak_sapling":25,"minecraft:coal":144,"iceandfire:raw_silver":8},"minecraft:used":{"alexsmobs:emu_egg":2,"minecraft:stone_sword":129,"minecraft:stone_shovel":38,"minecraft:chest":27,"minecraft:shield":5,"vanillaplustools:stone_hammer":114,"minecraft:cooked_chicken":2,"minecraft:stone_hoe":121,"minecraft:rotten_flesh":2,"minecraft:torch":95,"minecraft:dirt":44,"scalinghealth:heart_crystal":2,"alexsmobs:cooked_kangaroo_meat":12,"minecraft:smooth_basalt":1,"minecraft:furnace":3,"minecraft:acacia_fence":32,"scalinghealth:bandages":1,"tombstone:gift":10,"minecraft:egg":2,"minecraft:cooked_beef":1,"minecraft:acacia_planks":327,"alexsmobs:boiled_emu_egg":4,"minecraft:calcite":1,"minecraft:wheat_seeds":170,"minecraft:cooked_mutton":13,"minecraft:water_bucket":189,"minecraft:diorite":7,"minecraft:stone_pickaxe":96,"minecraft:wooden_pickaxe":26,"minecraft:sugar_cane":6,"minecraft:cobblestone_slab":84,"minecraft:crafting_table":7,"vanillaplustools:stone_shovel":19,"born_in_chaos_v1:holiday_candy":1,"minecraft:white_bed":1,"minecraft:shears":2,"minecraft:smoker":4,"minecraft:apple":2,"minecraft:iron_pickaxe":42,"minecraft:stone_axe":283,"minecraft:cobblestone":134,"minecraft:cooked_porkchop":13,"minecraft:bucket":190,"alexsmobs:animal_dictionary":5,"minecraft:experience_bottle":9},"minecraft:custom":{"minecraft:mob_kills":39,"minecraft:animals_bred":12,"tombstone:use_vanishing":1,"minecraft:interact_with_crafting_table":90,"minecraft:leave_game":3,"minecraft:time_since_death":16749,"minecraft:climb_one_cm":232,"minecraft:sprint_one_cm":496723,"minecraft:walk_one_cm":593573,"minecraft:damage_blocked_by_shield":312,"minecraft:drop":47,"minecraft:play_time":251120,"minecraft:deaths":14,"minecraft:sneak_time":18288,"minecraft:walk_under_water_one_cm":140081,"minecraft:jump":2753,"minecraft:walk_on_water_one_cm":54131,"minecraft:total_world_time":251120,"minecraft:interact_with_furnace":55,"minecraft:time_since_rest":16641,"minecraft:damage_taken":11645,"tombstone:sneak_grave":1,"minecraft:damage_dealt":8157,"minecraft:swim_one_cm":147394,"minecraft:fly_one_cm":644473,"minecraft:open_chest":321,"minecraft:crouch_one_cm":47262,"tombstone:undead_killed":1,"minecraft:interact_with_smoker":55,"minecraft:fall_one_cm":82247},"minecraft:mined":{"minecraft:large_amethyst_bud":5,"iceandfire:silver_ore":8,"minecraft:granite":20,"minecraft:budding_amethyst":5,"minecraft:acacia_log":10,"minecraft:grass_block":46,"minecraft:furnace":2,"minecraft:iron_ore":10,"minecraft:andesite":46,"treechop:chopped_log":10,"minecraft:dirt_path":9,"minecraft:vine":3,"minecraft:cobblestone_slab":16,"minecraft:small_amethyst_bud":3,"minecraft:iron_bars":9,"minecraft:stone":470,"minecraft:acacia_leaves":2,"jeg:scrap_ore":14,"minecraft:medium_amethyst_bud":1,"minecraft:smoker":6,"minecraft:crafting_table":6,"minecraft:torch":34,"minecraft:calcite":35,"iceandfire:ghost_chest":1,"minecraft:chest":7,"minecraft:tall_grass":9,"minecraft:cobblestone":67,"minecraft:copper_ore":16,"minecraft:sugar_cane":5,"minecraft:wall_torch":2,"minecraft:diorite":27,"minecraft:amethyst_block":36,"minecraft:wheat":63,"minecraft:grass":80,"minecraft:coal_ore":135,"minecraft:acacia_fence":17,"minecraft:gravel":8,"minecraft:dirt":104,"minecraft:smooth_basalt":27,"minecraft:cracked_stone_bricks":1,"minecraft:acacia_planks":24,"soulsweapons:verglas_ore":2},"minecraft:killed":{"minecraft:spider":2,"born_in_chaos_v1:scarlet_persecutor":3,"minecraft:horse":1,"minecraft:chicken":3,"born_in_chaos_v1:corpse_fish":1,"alexsmobs:kangaroo":7,"minecraft:pig":3,"born_in_chaos_v1:pumpkin_dunce":1,"minecraft:creeper":1,"minecraft:sheep":6,"iceandfire:ghost":1,"alexsmobs:gazelle":9,"minecraft:cow":1},"minecraft:dropped":{"minecraft:cooked_porkchop":6,"minecraft:acacia_log":64,"minecraft:stick":3,"minecraft:dirt":38,"scalinghealth:heart_crystal":1,"minecraft:torch":7,"minecraft:iron_pickaxe":1,"paraglider:paraglider":2,"minecraft:bucket":1,"minecraft:stone_axe":4,"vanillaplustools:stone_shovel":1,"alexsmobs:acacia_blossom":2,"minecraft:stone_sword":3,"minecraft:stone_shovel":1,"minecraft:smoker":1,"minecraft:cooked_mutton":1,"minecraft:acacia_leaves":2,"alexsmobs:cooked_kangaroo_meat":9,"minecraft:cobblestone_slab":295,"minecraft:shield":3,"vanillaplustools:stone_hammer":2,"minecraft:stone_pickaxe":3,"scalinghealth:bandages":1},"minecraft:broken":{"minecraft:stone_axe":1,"minecraft:golden_chestplate":1},"minecraft:killed_by":{"minecraft:spider":2,"minecraft:drowned":3,"minecraft:zombie":2},"minecraft:crafted":{"minecraft:oak_planks":60,"minecraft:cobblestone_slab":246,"minecraft:stone_shovel":22,"vanillaplustools:stone_hammer":3,"minecraft:cooked_chicken":2,"minecraft:furnace":4,"paraglider:deku_leaf":1,"minecraft:cooked_mutton":13,"portablemobs:master_capture_cell":1,"minecraft:stone_pickaxe":29,"minecraft:chest":21,"minecraft:acacia_fence":18,"vanillaplustools:stone_shovel":2,"minecraft:stone_hoe":1,"minecraft:smoker":1,"minecraft:cooked_beef":1,"paraglider:paraglider":2,"minecraft:cooked_porkchop":12,"minecraft:crafting_table":2,"minecraft:acacia_slab":6,"minecraft:wooden_pickaxe":1,"alexsmobs:cooked_kangaroo_meat":11,"alexsmobs:boiled_emu_egg":4,"minecraft:bucket":2,"minecraft:stone_axe":5,"minecraft:air":0,"portablemobs:basic_capture_cell":1,"minecraft:shield":2,"minecraft:stick":40,"minecraft:iron_ingot":17,"minecraft:iron_pickaxe":2,"minecraft:stone_sword":3,"minecraft:white_bed":1,"minecraft:acacia_planks":72,"minecraft:shears":1}},"DataVersion":3465}