{"stats":{"minecraft:custom":{"minecraft:time_since_rest":19895,"minecraft:crouch_one_cm":227,"minecraft:sprint_one_cm":11067,"minecraft:play_time":26663,"minecraft:damage_taken":1950,"minecraft:deaths":2,"minecraft:walk_one_cm":29647,"minecraft:sneak_time":358,"minecraft:walk_under_water_one_cm":652,"minecraft:drop":10,"minecraft:jump":30,"minecraft:damage_dealt":50,"minecraft:leave_game":2,"minecraft:walk_on_water_one_cm":163,"minecraft:time_since_death":20468,"minecraft:total_world_time":26663,"minecraft:swim_one_cm":4235,"minecraft:fall_one_cm":17872,"minecraft:fly_one_cm":32452},"minecraft:used":{"minecraft:golden_boots":1,"minecraft:stone_axe":1,"minecraft:diorite":5,"minecraft:stone_sword":2,"scalinghealth:heart_crystal":2,"minecraft:flint_and_steel":1,"minecraft:obsidian":12},"minecraft:dropped":{"minecraft:cooked_beef":6,"minecraft:cooked_mutton":3,"scalinghealth:heart_crystal":3},"minecraft:mined":{"minecraft:crimson_roots":1,"minecraft:crimson_fungus":1},"minecraft:picked_up":{"minecraft:cooked_beef":3,"minecraft:cooked_mutton":2,"born_in_chaos_v1:chocolate_heart":1,"minecraft:wheat_seeds":1,"minecraft:crimson_fungus":1,"minecraft:bone_meal":1,"alexsmobs:emu_egg":1,"scalinghealth:heart_crystal":2,"minecraft:crimson_roots":1}},"DataVersion":3465}