{"stats":{"minecraft:mined":{"minecraft:podzol":3,"minecraft:dark_oak_log":3,"minecraft:crafting_table":1,"minecraft:grass_block":1,"minecraft:dirt":15,"minecraft:stone":67},"minecraft:dropped":{"minecraft:stone_axe":1,"minecraft:torch":2,"minecraft:stone_sword":2,"minecraft:stone_shovel":1,"minecraft:stone_pickaxe":1},"minecraft:custom":{"minecraft:time_since_rest":16617,"minecraft:interact_with_furnace":3,"minecraft:sprint_one_cm":19988,"minecraft:damage_taken":190,"minecraft:walk_one_cm":25700,"minecraft:drop":6,"minecraft:damage_dealt":10,"minecraft:fly_one_cm":16564,"minecraft:swim_one_cm":840,"minecraft:interact_with_crafting_table":8,"minecraft:crouch_one_cm":592,"minecraft:play_time":16617,"minecraft:sneak_time":305,"minecraft:walk_under_water_one_cm":603,"minecraft:jump":112,"minecraft:time_since_death":16617,"minecraft:walk_on_water_one_cm":79,"minecraft:total_world_time":16617,"minecraft:climb_one_cm":1036,"minecraft:fall_one_cm":3158},"minecraft:used":{"minecraft:stone_shovel":15,"minecraft:stone_pickaxe":65,"minecraft:wooden_pickaxe":3,"minecraft:stone_axe":4,"minecraft:dirt":4,"minecraft:crafting_table":2,"minecraft:furnace":2},"minecraft:crafted":{"minecraft:oak_planks":32,"minecraft:stone_shovel":2,"minecraft:charcoal":3,"minecraft:crafting_table":1,"minecraft:stick":48,"minecraft:wooden_pickaxe":1,"minecraft:stone_pickaxe":2,"minecraft:stone_sword":2,"minecraft:furnace":2,"minecraft:torch":4,"minecraft:stone_axe":2,"minecraft:air":0},"minecraft:picked_up":{"minecraft:crafting_table":1,"minecraft:oak_log":8,"minecraft:dark_oak_log":3,"minecraft:dirt":20,"minecraft:stone_sword":1,"minecraft:cobblestone":67}},"DataVersion":3465}