{"stats":{"minecraft:broken":{"minecraft:shield":1,"vanillaplustools:stone_hammer":1,"minecraft:stone_axe":1,"iceandfire:armor_copper_metal_helmet":1},"minecraft:used":{"alexsmobs:emu_egg":5,"minecraft:stone_sword":29,"minecraft:flint_and_steel":1,"minecraft:stone_shovel":3,"minecraft:chest":2,"born_in_chaos_v1:chocolate_heart":1,"minecraft:shield":31,"minecraft:cooked_chicken":1,"minecraft:stone_hoe":4,"vanillaplustools:stone_hammer":143,"minecraft:torch":51,"minecraft:dirt":8,"scalinghealth:heart_crystal":4,"minecraft:tuff":41,"minecraft:granite":7,"minecraft:obsidian":12,"tombstone:gift":4,"minecraft:cooked_beef":30,"minecraft:cobbled_deepslate":29,"alexsmobs:boiled_emu_egg":1,"minecraft:golden_boots":1,"minecraft:cooked_mutton":4,"minecraft:wheat_seeds":217,"minecraft:water_bucket":6,"minecraft:diorite":15,"minecraft:sugar_cane":9,"soulsweapons:bluemoon_greatsword":53,"soulsweapons:bluemoon_shortsword":2,"minecraft:blast_furnace":1,"vanillaplustools:stone_shovel":36,"minecraft:smoker":1,"minecraft:diamond_pickaxe":6,"minecraft:iron_pickaxe":63,"spartanshields:copper_tower_shield":34,"minecraft:stone_axe":93,"minecraft:cobblestone":2,"travelersbackpack:standard":4,"minecraft:andesite":1,"minecraft:bucket":18,"minecraft:experience_bottle":11},"minecraft:killed":{"minecraft:spider":1,"born_in_chaos_v1:maggot":1,"minecraft:chicken":1,"alexsmobs:kangaroo":1,"minecraft:zombie":9,"born_in_chaos_v1:dread_hound":1,"alexsmobs:gazelle":1,"minecraft:cow":23},"minecraft:picked_up":{"minecraft:wheat":161,"minecraft:chicken":1,"soulsweapons:moonstone":10,"minecraft:shield":1,"minecraft:raw_copper":26,"alexsmobs:gazelle_horn":1,"minecraft:string":2,"born_in_chaos_v1:chocolate_heart":1,"minecraft:cobbled_deepslate":372,"minecraft:beef":7,"minecraft:poppy":1,"minecraft:sugar_cane":97,"minecraft:chest":1,"minecraft:furnace":1,"minecraft:raw_iron":19,"minecraft:torch":87,"tombstone:grave_dust":1,"minecraft:diorite":46,"minecraft:redstone":32,"minecraft:rotten_flesh":17,"spartanshields:copper_tower_shield":1,"swem:alfalfa_seeds":5,"alexsmobs:emu_egg":13,"soulsweapons:bluemoon_greatsword":1,"minecraft:mutton":1,"alexsmobs:kangaroo_meat":1,"minecraft:white_wool":2,"minecraft:cobblestone":466,"minecraft:magma_block":1,"swem:timothy_seeds":3,"minecraft:feather":1,"minecraft:cooked_beef":5,"minecraft:water_bucket":1,"minecraft:andesite":46,"minecraft:leather":9,"minecraft:flint":8,"minecraft:crimson_fungus":1,"minecraft:tuff":122,"jeg:scrap":18,"minecraft:yellow_bed":1,"scalinghealth:heart_crystal":2,"skilltree:gem":9,"minecraft:lapis_lazuli":15,"minecraft:dirt":94,"minecraft:cooked_mutton":3,"minecraft:wheat_seeds":469,"swem:oat_seeds":2,"jeg:tech_trash":4,"scalinghealth:heart_crystal_shard":7,"swem:cantazarite":33,"minecraft:gravel":1,"minecraft:sand":89,"alexsmobs:kangaroo_hide":1,"minecraft:diamond":9,"minecraft:granite":20,"vanillaplustools:stone_hammer":1,"minecraft:bone_meal":1,"soulsweapons:verglas":10,"minecraft:diamond_pickaxe":1,"iceandfire:raw_silver":13,"minecraft:coal":47,"minecraft:crimson_roots":1,"minecraft:ender_pearl":3},"minecraft:mined":{"minecraft:tuff":68,"iceandfire:silver_ore":13,"minecraft:deepslate_diamond_ore":6,"minecraft:granite":41,"swem:cantazarite_ore":5,"minecraft:grass_block":36,"minecraft:crimson_roots":1,"iceandfire:deepslate_silver_ore":2,"minecraft:crimson_fungus":1,"minecraft:iron_ore":18,"minecraft:cobbled_deepslate":1,"minecraft:andesite":43,"soulsweapons:moonstone_ore_deepslate":5,"minecraft:dirt_path":2,"minecraft:stone":580,"minecraft:deepslate_redstone_ore":9,"soulsweapons:verglas_ore_deepslate":6,"swem:star_worm_cobble":1,"minecraft:copper_ore":8,"minecraft:cobblestone":7,"minecraft:lapis_ore":5,"minecraft:sugar_cane":88,"minecraft:diorite":40,"minecraft:wall_torch":2,"jeg:deepslate_scrap_ore":5,"minecraft:wheat":185,"minecraft:grass":11,"minecraft:coal_ore":58,"minecraft:gravel":6,"minecraft:sand":117,"minecraft:dirt":78,"minecraft:deepslate":311,"soulsweapons:verglas_ore":4},"minecraft:crafted":{"minecraft:oak_planks":32,"minecraft:smooth_stone":3,"vanillaplustools:stone_hammer":5,"minecraft:cooked_chicken":1,"spartanshields:wooden_tower_shield":2,"minecraft:furnace":1,"minecraft:blast_furnace":1,"iceandfire:armor_copper_metal_leggings":2,"minecraft:stone":3,"travelersbackpack:blank_upgrade":4,"minecraft:cooked_mutton":3,"iceandfire:armor_copper_metal_boots":2,"iceandfire:armor_copper_metal_helmet":2,"minecraft:glass":64,"travelersbackpack:white_sleeping_bag":2,"spartanshields:copper_tower_shield":2,"minecraft:stone_pickaxe":42,"iceandfire:armor_copper_metal_chestplate":2,"minecraft:chest":5,"soulsweapons:bluemoon_greatsword":1,"minecraft:cooked_beef":42,"soulsweapons:bluemoon_shortsword":1,"iceandfire:silver_ingot":31,"travelersbackpack:backpack_tank":6,"travelersbackpack:standard":2,"alexsmobs:boiled_emu_egg":1,"minecraft:copper_ingot":96,"minecraft:air":0,"minecraft:diamond_pickaxe":1,"minecraft:stick":144,"minecraft:iron_ingot":33,"minecraft:acacia_planks":104},"minecraft:dropped":{"minecraft:wheat_seeds":1,"minecraft:cooked_beef":23,"soulsweapons:bluemoon_greatsword":1,"iceandfire:armor_copper_metal_chestplate":1,"travelersbackpack:standard":1,"scalinghealth:heart_crystal":3,"iceandfire:armor_copper_metal_boots":1,"minecraft:mossy_stone_brick_slab":1,"iceandfire:armor_copper_metal_helmet":1,"minecraft:cooked_mutton":3,"alexsmobs:emu_egg":7,"spartanshields:copper_tower_shield":2,"vanillaplustools:stone_hammer":3,"iceandfire:armor_copper_metal_leggings":1,"soulsweapons:bluemoon_shortsword":1},"minecraft:killed_by":{"minecraft:zombie":4},"minecraft:custom":{"minecraft:mob_kills":38,"minecraft:animals_bred":68,"minecraft:interact_with_crafting_table":57,"minecraft:open_barrel":1,"minecraft:damage_dealt_resisted":4,"minecraft:leave_game":6,"minecraft:time_since_death":14107,"minecraft:sprint_one_cm":237467,"minecraft:walk_one_cm":394529,"minecraft:damage_blocked_by_shield":4770,"minecraft:drop":29,"minecraft:play_time":193276,"minecraft:deaths":7,"minecraft:sneak_time":4559,"minecraft:walk_under_water_one_cm":15171,"minecraft:jump":970,"minecraft:interact_with_blast_furnace":25,"minecraft:walk_on_water_one_cm":5756,"minecraft:total_world_time":193276,"minecraft:interact_with_furnace":43,"minecraft:time_since_rest":13359,"minecraft:damage_taken":7580,"minecraft:trigger_trapped_chest":1,"minecraft:damage_dealt":7101,"minecraft:swim_one_cm":20716,"minecraft:fly_one_cm":289700,"minecraft:open_chest":362,"minecraft:crouch_one_cm":8684,"tombstone:undead_killed":9,"minecraft:interact_with_smoker":24,"minecraft:fall_one_cm":49814}},"DataVersion":3465}