{"stats":{"minecraft:custom":{"minecraft:time_since_rest":43895,"minecraft:interact_with_furnace":17,"minecraft:sprint_one_cm":31693,"minecraft:damage_taken":1950,"minecraft:walk_one_cm":83714,"minecraft:drop":15,"minecraft:animals_bred":7,"minecraft:damage_dealt":50,"minecraft:swim_one_cm":4235,"minecraft:interact_with_crafting_table":11,"minecraft:fly_one_cm":48376,"minecraft:open_chest":71,"minecraft:crouch_one_cm":1247,"minecraft:play_time":50663,"minecraft:deaths":2,"minecraft:sneak_time":750,"minecraft:walk_under_water_one_cm":652,"minecraft:jump":103,"minecraft:interact_with_blast_furnace":7,"minecraft:leave_game":2,"minecraft:time_since_death":44468,"minecraft:walk_on_water_one_cm":228,"minecraft:total_world_time":50663,"minecraft:fall_one_cm":17872},"minecraft:crafted":{"minecraft:glass":2,"minecraft:smooth_stone":3,"vanillaplustools:stone_hammer":2,"iceandfire:silver_ingot":12,"spartanshields:copper_tower_shield":2,"minecraft:stick":104,"iceandfire:armor_copper_metal_chestplate":2,"spartanshields:wooden_tower_shield":2,"minecraft:stone_pickaxe":19,"iceandfire:armor_copper_metal_leggings":2,"minecraft:furnace":1,"minecraft:copper_ingot":40,"minecraft:blast_furnace":1,"minecraft:stone":3,"minecraft:acacia_planks":80,"iceandfire:armor_copper_metal_helmet":1,"iceandfire:armor_copper_metal_boots":2,"minecraft:air":0},"minecraft:used":{"alexsmobs:emu_egg":3,"minecraft:golden_boots":1,"minecraft:wheat_seeds":52,"minecraft:diorite":5,"minecraft:stone_sword":2,"minecraft:flint_and_steel":1,"minecraft:iron_pickaxe":1,"minecraft:sugar_cane":9,"minecraft:stone_hoe":3,"minecraft:stone_axe":33,"minecraft:cobblestone":1,"scalinghealth:heart_crystal":2,"minecraft:blast_furnace":1,"minecraft:smoker":1,"minecraft:obsidian":12},"minecraft:dropped":{"minecraft:cooked_beef":6,"scalinghealth:heart_crystal":3,"spartanshields:copper_tower_shield":1,"minecraft:cooked_mutton":3,"alexsmobs:emu_egg":7},"minecraft:mined":{"minecraft:wheat":21,"minecraft:crimson_roots":1,"minecraft:cobblestone":1,"minecraft:sugar_cane":11,"minecraft:crimson_fungus":1},"minecraft:picked_up":{"minecraft:wheat":22,"minecraft:cooked_beef":3,"minecraft:crimson_fungus":1,"scalinghealth:heart_crystal":2,"minecraft:cooked_mutton":2,"born_in_chaos_v1:chocolate_heart":1,"spartanshields:copper_tower_shield":1,"minecraft:wheat_seeds":61,"minecraft:bone_meal":1,"alexsmobs:emu_egg":8,"minecraft:sugar_cane":15,"minecraft:crimson_roots":1}},"DataVersion":3465}