{"stats":{"minecraft:custom":{"minecraft:time_since_rest":6353,"minecraft:crouch_one_cm":131,"minecraft:sprint_one_cm":1985,"minecraft:play_time":13121,"minecraft:deaths":2,"minecraft:damage_taken":1940,"minecraft:walk_one_cm":6408,"minecraft:sneak_time":234,"minecraft:walk_under_water_one_cm":652,"minecraft:jump":15,"minecraft:leave_game":1,"minecraft:walk_on_water_one_cm":163,"minecraft:time_since_death":6926,"minecraft:total_world_time":13121,"minecraft:swim_one_cm":4235,"minecraft:fall_one_cm":17872,"minecraft:fly_one_cm":27125},"minecraft:used":{"minecraft:golden_boots":1,"minecraft:stone_axe":1,"minecraft:diorite":5,"minecraft:stone_sword":1,"scalinghealth:heart_crystal":2,"minecraft:flint_and_steel":1,"minecraft:obsidian":12},"minecraft:mined":{"minecraft:crimson_roots":1,"minecraft:crimson_fungus":1},"minecraft:picked_up":{"born_in_chaos_v1:chocolate_heart":1,"minecraft:crimson_fungus":1,"minecraft:bone_meal":1,"minecraft:crimson_roots":1}},"DataVersion":3465}