{"stats":{"minecraft:picked_up":{"minecraft:nautilus_shell":1,"swem:timothy_seeds":1,"minecraft:crafting_table":5,"minecraft:andesite":20,"minecraft:leather":2,"alexsmobs:acacia_blossom":2,"minecraft:wooden_pickaxe":1,"minecraft:dirt":56,"alexsmobs:gazelle_horn":1,"minecraft:string":3,"minecraft:raw_copper":19,"minecraft:bone":1,"minecraft:zombie_head":1,"minecraft:acacia_planks":19,"minecraft:iron_ingot":2,"minecraft:beef":1,"minecraft:stone_pickaxe":2,"minecraft:cobblestone_slab":4,"swem:oat_seeds":5,"minecraft:acacia_sapling":65,"minecraft:furnace":2,"minecraft:stick":2,"iceandfire:ghost_chest":1,"minecraft:torch":2,"born_in_chaos_v1:ethereal_spirit":4,"minecraft:acacia_log":173,"minecraft:diorite":14,"minecraft:rotten_flesh":1,"swem:alfalfa_seeds":1,"minecraft:mutton":3,"minecraft:coal":29,"minecraft:white_wool":1,"minecraft:cobblestone":480},"minecraft:used":{"minecraft:cooked_mutton":4,"minecraft:water_bucket":146,"minecraft:stone_sword":37,"minecraft:stone_pickaxe":62,"minecraft:stone_shovel":23,"minecraft:chest":1,"minecraft:wooden_pickaxe":26,"minecraft:cobblestone_slab":69,"vanillaplustools:stone_hammer":12,"minecraft:torch":10,"minecraft:dirt":24,"minecraft:crafting_table":6,"vanillaplustools:stone_shovel":3,"alexsmobs:cooked_kangaroo_meat":5,"minecraft:smoker":1,"minecraft:stone_axe":59,"minecraft:cobblestone":32,"minecraft:furnace":3,"minecraft:bucket":146,"tombstone:gift":1,"minecraft:acacia_planks":327},"minecraft:custom":{"minecraft:interact_with_furnace":19,"minecraft:mob_kills":10,"minecraft:interact_with_crafting_table":50,"minecraft:leave_game":2,"minecraft:time_since_death":6802,"minecraft:time_since_rest":2888,"minecraft:sprint_one_cm":89597,"minecraft:damage_taken":2640,"minecraft:walk_one_cm":125374,"minecraft:drop":15,"minecraft:damage_dealt":1877,"minecraft:swim_one_cm":68719,"minecraft:fly_one_cm":147438,"minecraft:open_chest":20,"minecraft:crouch_one_cm":29463,"minecraft:play_time":84596,"minecraft:deaths":6,"minecraft:sneak_time":9833,"minecraft:walk_under_water_one_cm":60948,"minecraft:jump":883,"minecraft:walk_on_water_one_cm":24300,"minecraft:interact_with_smoker":1,"minecraft:total_world_time":84596,"minecraft:fall_one_cm":9238},"minecraft:mined":{"minecraft:crafting_table":5,"minecraft:torch":1,"minecraft:acacia_log":10,"minecraft:grass_block":21,"iceandfire:ghost_chest":1,"minecraft:copper_ore":5,"minecraft:cobblestone":22,"minecraft:diorite":8,"minecraft:furnace":2,"treechop:chopped_log":4,"minecraft:grass":12,"minecraft:coal_ore":21,"minecraft:cobblestone_slab":6,"minecraft:vine":1,"minecraft:dirt":36,"minecraft:acacia_planks":21,"minecraft:stone":99},"minecraft:killed":{"minecraft:spider":1,"born_in_chaos_v1:scarlet_persecutor":3,"minecraft:sheep":3,"alexsmobs:gazelle":2,"minecraft:cow":1},"minecraft:dropped":{"minecraft:stone_axe":1,"vanillaplustools:stone_shovel":1,"alexsmobs:acacia_blossom":2,"minecraft:stone_sword":1,"minecraft:stone_shovel":1,"minecraft:acacia_log":64,"alexsmobs:cooked_kangaroo_meat":1,"minecraft:cobblestone_slab":54,"vanillaplustools:stone_hammer":2,"minecraft:stone_pickaxe":3},"minecraft:killed_by":{"minecraft:spider":1,"minecraft:drowned":1},"minecraft:crafted":{"minecraft:cobblestone_slab":120,"minecraft:stone_shovel":22,"vanillaplustools:stone_hammer":3,"minecraft:crafting_table":1,"minecraft:wooden_pickaxe":1,"minecraft:furnace":2,"minecraft:bucket":1,"minecraft:stone_axe":2,"minecraft:cooked_mutton":6,"minecraft:air":0,"minecraft:stick":40,"minecraft:iron_ingot":1,"minecraft:stone_pickaxe":29,"minecraft:stone_sword":2,"minecraft:chest":5,"vanillaplustools:stone_shovel":2,"minecraft:acacia_planks":28,"minecraft:smoker":1}},"DataVersion":3465}