{"stats":{"minecraft:broken":{"minecraft:golden_helmet":1,"spartanshields:copper_tower_shield":1,"minecraft:shield":1,"minecraft:chainmail_chestplate":1,"iceandfire:armor_copper_metal_leggings":1,"vanillaplustools:stone_hammer":1,"minecraft:stone_axe":2,"iceandfire:armor_copper_metal_boots":1,"iceandfire:armor_copper_metal_helmet":1},"minecraft:used":{"minecraft:stone_sword":29,"minecraft:flint_and_steel":7,"minecraft:stone_shovel":3,"minecraft:chest":2,"born_in_chaos_v1:chocolate_heart":1,"minecraft:shield":31,"minecraft:cooked_chicken":1,"minecraft:stone_hoe":21,"vanillaplustools:stone_hammer":198,"minecraft:torch":92,"minecraft:dirt":8,"scalinghealth:heart_crystal":6,"alexsmobs:cooked_kangaroo_meat":1,"minecraft:tuff":49,"minecraft:granite":7,"minecraft:obsidian":22,"minecraft:warped_fungus":1,"tombstone:gift":6,"minecraft:cooked_beef":94,"minecraft:cobbled_deepslate":101,"minecraft:enchanted_golden_apple":1,"alexsmobs:boiled_emu_egg":1,"minecraft:cooked_mutton":4,"minecraft:golden_boots":1,"minecraft:wheat_seeds":379,"minecraft:water_bucket":13,"minecraft:diorite":15,"minecraft:blackstone":9,"minecraft:sugar_cane":9,"soulsweapons:bluemoon_greatsword":335,"soulsweapons:bluemoon_shortsword":2,"minecraft:crafting_table":1,"minecraft:blast_furnace":1,"vanillaplustools:stone_shovel":46,"minecraft:smoker":1,"minecraft:diamond_pickaxe":77,"minecraft:iron_pickaxe":63,"spartanshields:copper_tower_shield":122,"minecraft:golden_helmet":1,"minecraft:stone_axe":339,"minecraft:cobblestone":85,"travelersbackpack:standard":13,"minecraft:cooked_porkchop":1,"minecraft:andesite":1,"minecraft:bucket":24,"minecraft:experience_bottle":11,"alexsmobs:emu_egg":5},"minecraft:killed":{"alexsmobs:raccoon":2,"minecraft:spider":2,"born_in_chaos_v1:thornshell_crab":1,"born_in_chaos_v1:firelight":6,"born_in_chaos_v1:maggot":3,"minecraft:horse":1,"born_in_chaos_v1:baby_spider":1,"minecraft:chicken":2,"soulsweapons:evil_forlorn":1,"alexsmobs:soul_vulture":1,"alexsmobs:kangaroo":1,"alexsmobs:crimson_mosquito":6,"minecraft:sheep":2,"minecraft:zombie":18,"born_in_chaos_v1:dread_hound":1,"soulsweapons:withered_demon":7,"alexsmobs:gazelle":1,"minecraft:cow":85},"minecraft:picked_up":{"minecraft:crafting_table":1,"minecraft:wheat":289,"minecraft:chicken":2,"soulsweapons:moonstone":10,"minecraft:nether_brick":10,"minecraft:shield":1,"alexsmobs:gazelle_horn":1,"minecraft:string":4,"soulsweapons:demon_heart":4,"minecraft:soul_soil":4,"minecraft:raw_copper":26,"alexsmobs:pigshoes":1,"minecraft:blackstone":14,"born_in_chaos_v1:chocolate_heart":1,"alexsmobs:blood_sac":5,"minecraft:cobbled_deepslate":735,"minecraft:beef":47,"minecraft:player_head":1,"alexsmobs:raccoon_tail":2,"minecraft:poppy":1,"minecraft:sugar_cane":149,"minecraft:chest":1,"minecraft:furnace":1,"minecraft:golden_helmet":1,"minecraft:stick":2,"minecraft:raw_iron":19,"minecraft:torch":93,"minecraft:fire_charge":1,"tombstone:grave_dust":1,"minecraft:diorite":46,"minecraft:redstone":32,"minecraft:rotten_flesh":24,"spartanshields:copper_tower_shield":3,"minecraft:hay_block":11,"swem:alfalfa_seeds":7,"alexsmobs:emu_egg":15,"soulsweapons:bluemoon_greatsword":3,"born_in_chaos_v1:spiny_shell":3,"minecraft:obsidian":8,"minecraft:mutton":5,"alexsmobs:kangaroo_meat":1,"minecraft:white_wool":6,"minecraft:cobblestone":510,"swem:timothy_seeds":4,"born_in_chaos_v1:corpse_maggot":3,"minecraft:magma_block":1,"minecraft:feather":2,"minecraft:cooked_beef":54,"minecraft:water_bucket":1,"minecraft:andesite":46,"minecraft:leather":33,"minecraft:flint":9,"minecraft:crimson_fungus":1,"minecraft:tuff":141,"minecraft:oak_log":5,"scalinghealth:bandages":1,"jeg:scrap":18,"minecraft:yellow_bed":1,"scalinghealth:heart_crystal":4,"minecraft:lapis_lazuli":15,"skilltree:gem":13,"minecraft:dirt":94,"minecraft:cooked_mutton":3,"minecraft:smooth_sandstone":2,"minecraft:bone":1,"minecraft:wheat_seeds":841,"minecraft:raw_gold":1,"scalinghealth:power_crystal_shard":3,"swem:oat_seeds":5,"jeg:tech_trash":4,"jeg:advanced_firearm_blueprint":1,"scalinghealth:heart_crystal_shard":7,"minecraft:warped_fungus":3,"born_in_chaos_v1:black_argillitepressureplate":1,"swem:cantazarite":33,"minecraft:gravel":24,"minecraft:sand":89,"minecraft:crying_obsidian":2,"alexsmobs:kangaroo_hide":1,"born_in_chaos_v1:fire_dust":2,"minecraft:diamond":11,"minecraft:granite":20,"vanillaplustools:stone_hammer":1,"minecraft:bone_meal":1,"soulsweapons:verglas":13,"born_in_chaos_v1:rotten_fish":1,"minecraft:netherrack":5,"tombstone:magic_scroll":1,"minecraft:coal":70,"minecraft:crimson_roots":3,"iceandfire:raw_silver":13,"minecraft:ender_pearl":3,"minecraft:diamond_pickaxe":1},"minecraft:mined":{"minecraft:crying_obsidian":2,"minecraft:tuff":81,"iceandfire:silver_ore":13,"minecraft:deepslate_diamond_ore":9,"minecraft:cobblestone_stairs":1,"swem:cantazarite_ore":5,"minecraft:granite":41,"minecraft:obsidian":6,"minecraft:grass_block":36,"minecraft:crimson_roots":3,"iceandfire:deepslate_silver_ore":2,"minecraft:soul_soil":4,"minecraft:crimson_fungus":1,"minecraft:hay_block":13,"minecraft:iron_ore":18,"minecraft:fire":7,"minecraft:cobbled_deepslate":23,"minecraft:andesite":43,"treechop:chopped_log":1,"soulsweapons:moonstone_ore_deepslate":5,"minecraft:dirt_path":2,"minecraft:stone":618,"minecraft:deepslate_redstone_ore":9,"soulsweapons:verglas_ore_deepslate":6,"minecraft:crafting_table":1,"minecraft:torch":2,"swem:star_worm_cobble":1,"minecraft:copper_ore":8,"minecraft:tall_grass":5,"minecraft:cobblestone":22,"minecraft:lapis_ore":5,"minecraft:deepslate_gold_ore":1,"minecraft:sugar_cane":125,"minecraft:diorite":40,"minecraft:wall_torch":4,"jeg:deepslate_scrap_ore":5,"minecraft:wheat":341,"minecraft:warped_fungus":3,"minecraft:grass":20,"minecraft:oak_log":1,"minecraft:coal_ore":81,"minecraft:gravel":49,"minecraft:sand":117,"minecraft:dirt":78,"minecraft:netherrack":9,"soulsweapons:verglas_ore":6,"minecraft:deepslate":682},"minecraft:crafted":{"minecraft:saddle":1,"minecraft:smooth_stone":3,"minecraft:oak_planks":48,"vanillaplustools:stone_hammer":5,"spartanshields:wooden_tower_shield":7,"minecraft:cooked_chicken":1,"minecraft:furnace":1,"minecraft:blast_furnace":1,"iceandfire:armor_copper_metal_leggings":2,"minecraft:stone":3,"travelersbackpack:blank_upgrade":4,"minecraft:cooked_mutton":8,"iceandfire:armor_copper_metal_boots":2,"iceandfire:armor_copper_metal_helmet":2,"minecraft:flint_and_steel":1,"minecraft:glass":64,"travelersbackpack:white_sleeping_bag":2,"spartanshields:copper_tower_shield":7,"iceandfire:armor_copper_metal_chestplate":2,"minecraft:stone_pickaxe":42,"minecraft:chest":5,"minecraft:stone_hoe":1,"minecraft:golden_helmet":2,"soulsweapons:bluemoon_greatsword":1,"minecraft:cooked_beef":114,"soulsweapons:bluemoon_shortsword":1,"minecraft:cooked_porkchop":1,"iceandfire:silver_ingot":31,"minecraft:crafting_table":1,"travelersbackpack:backpack_tank":6,"travelersbackpack:standard":2,"alexsmobs:cooked_kangaroo_meat":1,"alexsmobs:boiled_emu_egg":1,"minecraft:copper_ingot":132,"minecraft:stone_axe":4,"minecraft:air":0,"minecraft:diamond_pickaxe":1,"minecraft:stick":144,"minecraft:iron_ingot":33,"minecraft:leather_chestplate":1,"minecraft:acacia_planks":104},"minecraft:dropped":{"soulsweapons:bluemoon_shortsword":1,"minecraft:wheat_seeds":1,"minecraft:warped_fungus":1,"minecraft:golden_helmet":2,"minecraft:cooked_beef":121,"soulsweapons:bluemoon_greatsword":3,"iceandfire:armor_copper_metal_chestplate":1,"travelersbackpack:standard":1,"minecraft:coal":25,"scalinghealth:heart_crystal":3,"iceandfire:armor_copper_metal_boots":1,"minecraft:gold_ingot":6,"minecraft:stone_axe":1,"minecraft:player_head":1,"swem:alfalfa_seeds":1,"minecraft:mossy_stone_brick_slab":1,"iceandfire:armor_copper_metal_helmet":1,"minecraft:cooked_mutton":3,"alexsmobs:emu_egg":7,"minecraft:flint_and_steel":1,"spartanshields:copper_tower_shield":6,"vanillaplustools:stone_hammer":3,"iceandfire:armor_copper_metal_leggings":1},"minecraft:killed_by":{"minecraft:zombie":5},"minecraft:custom":{"minecraft:mob_kills":141,"minecraft:animals_bred":113,"minecraft:interact_with_crafting_table":73,"minecraft:open_barrel":1,"minecraft:damage_dealt_resisted":136,"minecraft:leave_game":9,"minecraft:time_since_death":18546,"minecraft:climb_one_cm":975,"minecraft:damage_resisted":145,"minecraft:sprint_one_cm":476101,"minecraft:walk_one_cm":785329,"minecraft:damage_blocked_by_shield":9567,"minecraft:drop":51,"minecraft:play_time":337516,"minecraft:deaths":14,"minecraft:sneak_time":15204,"minecraft:walk_under_water_one_cm":54991,"minecraft:jump":2604,"minecraft:interact_with_blast_furnace":26,"minecraft:walk_on_water_one_cm":11787,"minecraft:total_world_time":337516,"minecraft:interact_with_furnace":47,"spartanshields:shield_bash_hits":2,"minecraft:time_since_rest":17275,"minecraft:damage_taken":21862,"minecraft:damage_absorbed":160,"minecraft:trigger_trapped_chest":1,"minecraft:damage_dealt":31581,"minecraft:swim_one_cm":49858,"minecraft:fly_one_cm":594104,"minecraft:open_chest":504,"minecraft:crouch_one_cm":37026,"tombstone:undead_killed":26,"minecraft:interact_with_smoker":42,"minecraft:fall_one_cm":111062,"minecraft:horse_one_cm":38631}},"DataVersion":3465}