{"stats":{"minecraft:used":{"minecraft:stone_shovel":18,"minecraft:stone_pickaxe":59,"minecraft:wooden_pickaxe":3,"minecraft:stone_axe":19,"minecraft:crafting_table":2,"minecraft:acacia_planks":317},"minecraft:custom":{"minecraft:time_since_rest":5667,"minecraft:sprint_one_cm":19790,"minecraft:walk_one_cm":16701,"minecraft:damage_taken":250,"minecraft:drop":3,"minecraft:swim_one_cm":919,"minecraft:interact_with_crafting_table":10,"minecraft:fly_one_cm":30145,"minecraft:crouch_one_cm":907,"minecraft:play_time":16091,"minecraft:deaths":1,"minecraft:sneak_time":650,"minecraft:walk_under_water_one_cm":2462,"minecraft:jump":439,"minecraft:walk_on_water_one_cm":4102,"minecraft:time_since_death":6447,"minecraft:total_world_time":16091,"minecraft:fall_one_cm":3779},"minecraft:picked_up":{"minecraft:stick":2,"swem:timothy_seeds":1,"minecraft:crafting_table":2,"alexsmobs:acacia_blossom":2,"minecraft:acacia_log":156,"minecraft:dirt":18,"minecraft:acacia_planks":17,"swem:alfalfa_seeds":1,"swem:oat_seeds":2,"minecraft:acacia_sapling":10,"minecraft:cobblestone":62},"minecraft:crafted":{"minecraft:stone_shovel":1,"minecraft:crafting_table":1,"minecraft:wooden_pickaxe":1,"minecraft:stone_pickaxe":1,"minecraft:stone_sword":2,"minecraft:stone_axe":2},"minecraft:mined":{"treechop:chopped_log":3,"minecraft:crafting_table":2,"minecraft:grass":4,"minecraft:grass_block":12,"minecraft:dirt":6,"minecraft:acacia_planks":17,"minecraft:stone":62},"minecraft:dropped":{"minecraft:stone_axe":1,"minecraft:stone_sword":1,"minecraft:acacia_log":64}},"DataVersion":3465}