{"stats":{"minecraft:picked_up":{"minecraft:nautilus_shell":1,"swem:timothy_seeds":1,"minecraft:crafting_table":5,"minecraft:andesite":64,"minecraft:leather":2,"alexsmobs:acacia_blossom":2,"minecraft:wooden_pickaxe":1,"minecraft:flint":2,"scalinghealth:bandages":2,"jeg:scrap":17,"minecraft:gunpowder":1,"minecraft:amethyst_block":16,"scalinghealth:heart_crystal":1,"minecraft:dirt":144,"alexsmobs:gazelle_horn":1,"minecraft:string":3,"minecraft:raw_copper":25,"minecraft:bone":1,"minecraft:zombie_head":1,"minecraft:acacia_planks":19,"minecraft:cracked_stone_bricks":1,"minecraft:wheat_seeds":10,"minecraft:iron_ingot":2,"minecraft:beef":1,"minecraft:stone_pickaxe":2,"minecraft:cobblestone_slab":131,"minecraft:calcite":22,"swem:oat_seeds":14,"minecraft:chest":1,"minecraft:acacia_sapling":65,"jeg:tech_trash":2,"minecraft:furnace":2,"minecraft:raw_iron":3,"minecraft:stick":2,"minecraft:smooth_basalt":21,"iceandfire:ghost_chest":1,"minecraft:torch":6,"born_in_chaos_v1:ethereal_spirit":4,"minecraft:acacia_log":173,"minecraft:gravel":6,"minecraft:diorite":17,"alexsmobs:kangaroo_hide":2,"minecraft:rotten_flesh":1,"swem:alfalfa_seeds":9,"alexsmobs:kangaroo_meat":1,"minecraft:iron_bars":9,"minecraft:mutton":3,"minecraft:coal":32,"minecraft:white_wool":1,"minecraft:cobblestone":605},"minecraft:used":{"minecraft:wheat_seeds":10,"minecraft:cooked_mutton":5,"minecraft:water_bucket":165,"minecraft:diorite":4,"minecraft:stone_sword":61,"minecraft:stone_pickaxe":96,"minecraft:stone_shovel":32,"minecraft:chest":6,"minecraft:wooden_pickaxe":26,"minecraft:cobblestone_slab":82,"vanillaplustools:stone_hammer":40,"minecraft:stone_hoe":111,"minecraft:torch":24,"minecraft:dirt":43,"scalinghealth:heart_crystal":2,"minecraft:crafting_table":6,"alexsmobs:cooked_kangaroo_meat":5,"vanillaplustools:stone_shovel":6,"minecraft:white_bed":1,"minecraft:smoker":1,"minecraft:stone_axe":73,"minecraft:cobblestone":62,"minecraft:furnace":3,"minecraft:bucket":166,"scalinghealth:bandages":1,"tombstone:gift":8,"minecraft:cooked_beef":1,"minecraft:acacia_planks":327,"minecraft:experience_bottle":9},"minecraft:custom":{"minecraft:interact_with_furnace":23,"minecraft:mob_kills":12,"tombstone:use_vanishing":1,"minecraft:interact_with_crafting_table":60,"minecraft:leave_game":3,"minecraft:time_since_death":2286,"minecraft:climb_one_cm":232,"minecraft:time_since_rest":817,"minecraft:sprint_one_cm":117554,"minecraft:damage_taken":6948,"minecraft:walk_one_cm":219918,"tombstone:sneak_grave":1,"minecraft:drop":24,"minecraft:damage_dealt":2733,"minecraft:swim_one_cm":73827,"minecraft:fly_one_cm":248277,"minecraft:open_chest":41,"minecraft:crouch_one_cm":35336,"tombstone:undead_killed":1,"minecraft:play_time":119120,"minecraft:deaths":10,"minecraft:sneak_time":13095,"minecraft:walk_under_water_one_cm":88613,"minecraft:jump":1130,"minecraft:walk_on_water_one_cm":32535,"minecraft:total_world_time":119120,"minecraft:interact_with_smoker":4,"minecraft:fall_one_cm":41192},"minecraft:mined":{"minecraft:large_amethyst_bud":5,"jeg:scrap_ore":8,"minecraft:crafting_table":5,"minecraft:torch":4,"minecraft:budding_amethyst":4,"minecraft:acacia_log":10,"minecraft:grass_block":31,"minecraft:calcite":22,"iceandfire:ghost_chest":1,"minecraft:chest":1,"minecraft:copper_ore":7,"minecraft:cobblestone":31,"minecraft:diorite":11,"minecraft:amethyst_block":16,"minecraft:furnace":2,"minecraft:andesite":44,"treechop:chopped_log":4,"minecraft:grass":24,"minecraft:coal_ore":23,"minecraft:cobblestone_slab":13,"minecraft:vine":3,"minecraft:small_amethyst_bud":2,"minecraft:iron_bars":9,"minecraft:gravel":8,"minecraft:dirt":44,"minecraft:cracked_stone_bricks":1,"minecraft:smooth_basalt":21,"minecraft:acacia_planks":21,"minecraft:stone":214},"minecraft:killed":{"minecraft:spider":1,"minecraft:creeper":1,"born_in_chaos_v1:scarlet_persecutor":3,"minecraft:sheep":3,"iceandfire:ghost":1,"alexsmobs:gazelle":2,"minecraft:cow":1},"minecraft:dropped":{"minecraft:stone_axe":1,"vanillaplustools:stone_shovel":1,"alexsmobs:acacia_blossom":2,"minecraft:stone_sword":1,"minecraft:stone_shovel":1,"minecraft:cooked_mutton":1,"minecraft:acacia_log":64,"alexsmobs:cooked_kangaroo_meat":1,"minecraft:dirt":38,"minecraft:cobblestone_slab":295,"minecraft:torch":1,"scalinghealth:heart_crystal":1,"vanillaplustools:stone_hammer":2,"minecraft:stone_pickaxe":3,"scalinghealth:bandages":1},"minecraft:killed_by":{"minecraft:spider":1,"minecraft:zombie":1,"minecraft:drowned":3},"minecraft:crafted":{"minecraft:cooked_beef":1,"minecraft:stone_shovel":22,"minecraft:cobblestone_slab":246,"vanillaplustools:stone_hammer":3,"minecraft:crafting_table":1,"minecraft:acacia_slab":6,"minecraft:wooden_pickaxe":1,"minecraft:furnace":2,"minecraft:bucket":1,"minecraft:stone_axe":2,"minecraft:cooked_mutton":6,"minecraft:air":0,"minecraft:stick":40,"minecraft:iron_ingot":1,"minecraft:stone_pickaxe":29,"minecraft:stone_sword":2,"minecraft:chest":9,"minecraft:white_bed":1,"vanillaplustools:stone_shovel":2,"minecraft:acacia_planks":72,"minecraft:stone_hoe":1,"minecraft:smoker":1}},"DataVersion":3465}