{"stats":{"minecraft:used":{"minecraft:chest":4,"minecraft:shield":31,"minecraft:soul_sand":3,"minecraft:tuff":76,"minecraft:obsidian":22,"minecraft:magma_block":12,"minecraft:warped_fungus":1,"minecraft:hay_block":7,"minecraft:golden_boots":1,"minecraft:diorite":19,"minecraft:blackstone":10,"minecraft:sugar_cane":17,"soulsweapons:bluemoon_greatsword":505,"soulsweapons:bluemoon_shortsword":2,"minecraft:blast_furnace":1,"iceandfire:silver_axe":393,"minecraft:golden_helmet":2,"minecraft:andesite":1,"minecraft:experience_bottle":13,"minecraft:iron_bars":10,"minecraft:stone_sword":29,"minecraft:flint_and_steel":7,"minecraft:stone_shovel":3,"born_in_chaos_v1:chocolate_heart":1,"vanillaplustools:stone_hammer":943,"minecraft:stone_hoe":46,"minecraft:cooked_chicken":1,"minecraft:netherrack":300,"minecraft:torch":122,"minecraft:dirt":77,"scalinghealth:heart_crystal":8,"alexsmobs:cooked_kangaroo_meat":1,"minecraft:granite":7,"minecraft:basalt":26,"scalinghealth:bandages":1,"tombstone:gift":6,"minecraft:cooked_beef":188,"minecraft:cobbled_deepslate":214,"minecraft:enchanted_golden_apple":1,"alexsmobs:boiled_emu_egg":1,"minecraft:wheat_seeds":627,"minecraft:cooked_mutton":9,"minecraft:water_bucket":21,"minecraft:mossy_cobblestone":2,"minecraft:crafting_table":2,"vanillaplustools:stone_shovel":89,"minecraft:smoker":1,"minecraft:diamond_pickaxe":552,"minecraft:iron_pickaxe":63,"spartanshields:copper_tower_shield":150,"minecraft:stone_axe":426,"minecraft:cobblestone":141,"travelersbackpack:standard":30,"minecraft:cooked_porkchop":1,"minecraft:bucket":32,"iceandfire:silver_shovel":46,"alexsmobs:emu_egg":7},"minecraft:broken":{"minecraft:golden_helmet":2,"spartanshields:copper_tower_shield":1,"minecraft:iron_boots":1,"minecraft:iron_leggings":1,"minecraft:chainmail_chestplate":1,"minecraft:stone_axe":3,"iceandfire:armor_copper_metal_helmet":1,"minecraft:shield":1,"iceandfire:armor_copper_metal_leggings":1,"vanillaplustools:stone_hammer":8,"iceandfire:armor_copper_metal_boots":1},"minecraft:killed":{"minecraft:spider":2,"minecraft:chicken":2,"soulsweapons:evil_forlorn":1,"alexsmobs:kangaroo":1,"alexsmobs:crimson_mosquito":8,"minecraft:sheep":2,"minecraft:pillager":1,"minecraft:zombie":28,"born_in_chaos_v1:dread_hound":1,"minecraft:cow":231,"alexsmobs:raccoon":2,"born_in_chaos_v1:thornshell_crab":1,"born_in_chaos_v1:firelight":8,"born_in_chaos_v1:maggot":5,"born_in_chaos_v1:baby_spider":1,"minecraft:horse":1,"alexsmobs:soul_vulture":1,"born_in_chaos_v1:baby_skeleton":4,"soulsweapons:withered_demon":7,"alexsmobs:gazelle":1},"minecraft:picked_up":{"minecraft:wheat":525,"soulsweapons:moonstone":10,"minecraft:nether_brick":10,"minecraft:soul_soil":4,"alexsmobs:gazelle_horn":1,"minecraft:string":4,"minecraft:raw_copper":58,"born_in_chaos_v1:chocolate_heart":1,"alexsmobs:blood_sac":7,"minecraft:gold_nugget":251,"minecraft:cobbled_deepslate":928,"alexsmobs:raccoon_tail":2,"minecraft:furnace":1,"minecraft:golden_helmet":1,"minecraft:stick":8,"born_in_chaos_v1:shattered_skull":1,"minecraft:torch":97,"tombstone:grave_dust":5,"minecraft:diorite":69,"minecraft:rotten_flesh":33,"alexsmobs:emu_egg":21,"soulsweapons:bluemoon_greatsword":3,"minecraft:obsidian":15,"minecraft:iron_bars":10,"minecraft:cobblestone":956,"minecraft:magma_block":20,"minecraft:feather":2,"minecraft:cooked_beef":72,"minecraft:water_bucket":1,"minecraft:andesite":137,"minecraft:potato":2,"minecraft:flint":16,"minecraft:tuff":144,"born_in_chaos_v1:black_argillite_button":2,"jeg:scrap":24,"minecraft:dirt":266,"skilltree:gem":24,"minecraft:lapis_lazuli":15,"minecraft:bone":10,"minecraft:wheat_seeds":1419,"minecraft:raw_gold":1,"swem:oat_seeds":6,"minecraft:stone_hoe":1,"jeg:advanced_firearm_blueprint":1,"swem:cantazarite":40,"swem:cantazarite_dye":16,"minecraft:sand":89,"minecraft:mossy_cobblestone":4,"alexsmobs:kangaroo_hide":1,"born_in_chaos_v1:fire_dust":4,"minecraft:diamond":20,"minecraft:granite":23,"minecraft:bone_meal":2,"soulsweapons:verglas":13,"born_in_chaos_v1:rotten_fish":1,"minecraft:netherrack":3768,"minecraft:diamond_pickaxe":3,"iceandfire:raw_silver":13,"minecraft:crimson_roots":6,"minecraft:crafting_table":2,"minecraft:chicken":2,"minecraft:shield":1,"soulsweapons:demon_heart":4,"alexsmobs:pigshoes":1,"born_in_chaos_v1:black_argillite_brick":1,"minecraft:blackstone":150,"minecraft:beef":117,"minecraft:player_head":1,"minecraft:poppy":1,"minecraft:sugar_cane":237,"minecraft:chest":1,"minecraft:raw_iron":28,"minecraft:fire_charge":1,"born_in_chaos_v1:pieceofdarkmetal":7,"minecraft:redstone":32,"spartanshields:copper_tower_shield":4,"minecraft:hay_block":14,"swem:alfalfa_seeds":9,"born_in_chaos_v1:spiny_shell":7,"minecraft:gold_ingot":1,"minecraft:mutton":5,"alexsmobs:kangaroo_meat":1,"minecraft:white_wool":6,"swem:timothy_seeds":6,"iceandfire:silver_axe":2,"born_in_chaos_v1:corpse_maggot":4,"minecraft:basalt":563,"minecraft:leather":64,"iceandfire:silver_shovel":2,"minecraft:birch_planks":5,"minecraft:crimson_fungus":1,"minecraft:oak_log":5,"scalinghealth:bandages":1,"minecraft:ancient_debris":19,"minecraft:yellow_bed":1,"scalinghealth:heart_crystal":4,"alexsmobs:mosquito_proboscis":1,"minecraft:cooked_mutton":3,"minecraft:smooth_sandstone":2,"scalinghealth:power_crystal_shard":3,"jeg:tech_trash":4,"minecraft:soul_sand":28,"scalinghealth:heart_crystal_shard":28,"minecraft:warped_fungus":3,"minecraft:chiseled_stone_bricks":1,"minecraft:quartz":65,"born_in_chaos_v1:black_argillitepressureplate":2,"minecraft:gravel":96,"minecraft:crying_obsidian":2,"travelersbackpack:standard":2,"born_in_chaos_v1:black_argillite_brick_slab":2,"vanillaplustools:stone_hammer":6,"tombstone:magic_scroll":1,"minecraft:coal":70,"minecraft:ender_pearl":3},"minecraft:mined":{"minecraft:farmland":12,"minecraft:cobblestone_stairs":1,"minecraft:obsidian":12,"minecraft:granite":44,"swem:cantazarite_ore":6,"minecraft:grass_block":67,"minecraft:soul_soil":4,"minecraft:crimson_fungus":1,"minecraft:chiseled_stone_bricks":1,"minecraft:magma_block":19,"minecraft:iron_ore":27,"minecraft:cobbled_deepslate":34,"minecraft:fire":12,"minecraft:dirt_path":2,"minecraft:iron_bars":10,"minecraft:deepslate_redstone_ore":9,"minecraft:blackstone":210,"soulsweapons:verglas_ore_deepslate":6,"minecraft:crimson_nylium":8,"born_in_chaos_v1:infected_deepslate_diamond_ore":1,"minecraft:torch":3,"minecraft:nether_quartz_ore":72,"swem:star_worm_cobble":1,"minecraft:cobblestone":45,"minecraft:sugar_cane":183,"minecraft:wall_torch":8,"minecraft:wheat":577,"minecraft:warped_fungus":3,"minecraft:grass":26,"minecraft:oak_log":1,"minecraft:sand":117,"minecraft:dirt":167,"minecraft:netherrack":4732,"minecraft:ancient_debris":19,"minecraft:deepslate":874,"soulsweapons:verglas_ore":6,"minecraft:nether_gold_ore":67,"minecraft:crying_obsidian":2,"minecraft:tuff":85,"iceandfire:silver_ore":13,"minecraft:mossy_cobblestone":4,"minecraft:deepslate_diamond_ore":18,"minecraft:crimson_roots":6,"minecraft:weeping_vines":1,"iceandfire:deepslate_silver_ore":2,"minecraft:hay_block":18,"minecraft:andesite":83,"treechop:chopped_log":1,"soulsweapons:moonstone_ore_deepslate":5,"minecraft:stone":919,"minecraft:soul_sand":23,"minecraft:basalt":982,"minecraft:crafting_table":2,"minecraft:tall_grass":5,"minecraft:copper_ore":18,"born_in_chaos_v1:chipped_black_argillite_brick":1,"minecraft:lapis_ore":5,"minecraft:deepslate_gold_ore":1,"minecraft:diorite":51,"jeg:deepslate_scrap_ore":8,"minecraft:birch_planks":6,"minecraft:coal_ore":81,"minecraft:gravel":164,"minecraft:fern":1},"minecraft:crafted":{"minecraft:smooth_stone":3,"minecraft:oak_planks":48,"spartanshields:wooden_tower_shield":7,"minecraft:cooked_chicken":1,"iceandfire:silver_shovel":1,"minecraft:stone":3,"iceandfire:armor_copper_metal_boots":2,"minecraft:cooked_mutton":8,"minecraft:glass":64,"iceandfire:armor_copper_metal_chestplate":2,"minecraft:chest":7,"minecraft:stone_hoe":1,"soulsweapons:bluemoon_greatsword":1,"iceandfire:silver_axe":1,"minecraft:emerald":23,"minecraft:cooked_porkchop":1,"minecraft:crafting_table":1,"travelersbackpack:standard":2,"minecraft:copper_ingot":158,"minecraft:diamond_pickaxe":2,"minecraft:stick":144,"minecraft:iron_ingot":41,"minecraft:leather_chestplate":1,"minecraft:gold_ingot":31,"minecraft:saddle":1,"vanillaplustools:stone_hammer":5,"minecraft:furnace":1,"minecraft:blast_furnace":1,"iceandfire:armor_copper_metal_leggings":2,"travelersbackpack:blank_upgrade":4,"iceandfire:armor_copper_metal_helmet":2,"minecraft:flint_and_steel":1,"travelersbackpack:white_sleeping_bag":2,"spartanshields:copper_tower_shield":7,"minecraft:stone_pickaxe":51,"minecraft:netherite_scrap":15,"minecraft:golden_helmet":4,"minecraft:cooked_beef":207,"swem:cantazarite_dye":15,"soulsweapons:bluemoon_shortsword":1,"iceandfire:silver_ingot":31,"travelersbackpack:backpack_tank":6,"alexsmobs:cooked_kangaroo_meat":1,"alexsmobs:boiled_emu_egg":1,"scalinghealth:heart_crystal":4,"minecraft:stone_axe":6,"minecraft:air":0,"minecraft:acacia_planks":104},"minecraft:dropped":{"soulsweapons:bluemoon_shortsword":1,"minecraft:warped_fungus":1,"minecraft:cooked_beef":136,"iceandfire:silver_axe":2,"travelersbackpack:standard":1,"iceandfire:armor_copper_metal_boots":1,"minecraft:gold_ingot":6,"minecraft:stone_axe":1,"minecraft:cobbled_deepslate":53,"minecraft:wheat":11,"swem:alfalfa_seeds":1,"minecraft:mossy_stone_brick_slab":1,"minecraft:cooked_mutton":3,"alexsmobs:emu_egg":7,"vanillaplustools:stone_hammer":4,"minecraft:basalt":40,"iceandfire:armor_copper_metal_leggings":1,"minecraft:netherrack":282,"minecraft:wheat_seeds":1,"minecraft:golden_helmet":3,"soulsweapons:bluemoon_greatsword":3,"minecraft:cobblestone":165,"iceandfire:armor_copper_metal_chestplate":1,"minecraft:coal":25,"minecraft:stick":1,"minecraft:torch":11,"scalinghealth:heart_crystal":5,"minecraft:player_head":1,"iceandfire:armor_copper_metal_helmet":1,"minecraft:flint_and_steel":1,"minecraft:diamond_pickaxe":1,"spartanshields:copper_tower_shield":6,"minecraft:stone_pickaxe":9},"minecraft:killed_by":{"minecraft:zombie":11,"minecraft:spider":1},"minecraft:custom":{"minecraft:animals_bred":196,"minecraft:interact_with_crafting_table":88,"minecraft:open_barrel":1,"goblintraders:trade_with_goblin":26,"minecraft:leave_game":11,"minecraft:time_since_death":22323,"minecraft:damage_resisted":145,"minecraft:sprint_one_cm":778629,"minecraft:damage_blocked_by_shield":12780,"minecraft:drop":91,"minecraft:play_time":570233,"minecraft:deaths":31,"minecraft:jump":4214,"minecraft:walk_on_water_one_cm":40468,"minecraft:interact_with_furnace":60,"tombstone:sneak_grave":2,"minecraft:damage_dealt":60526,"minecraft:crouch_one_cm":73059,"tombstone:undead_killed":40,"minecraft:interact_with_smoker":50,"minecraft:horse_one_cm":38982,"minecraft:mob_kills":308,"minecraft:damage_dealt_resisted":1198,"minecraft:climb_one_cm":1758,"minecraft:walk_one_cm":1361837,"minecraft:sneak_time":33454,"minecraft:walk_under_water_one_cm":82962,"minecraft:interact_with_blast_furnace":33,"minecraft:total_world_time":570233,"spartanshields:shield_bash_hits":2,"minecraft:time_since_rest":22106,"minecraft:damage_taken":43261,"minecraft:damage_absorbed":160,"minecraft:trigger_trapped_chest":1,"minecraft:swim_one_cm":62699,"minecraft:fly_one_cm":995865,"minecraft:open_chest":643,"minecraft:fall_one_cm":174002}},"DataVersion":3465}