{"stats":{"minecraft:picked_up":{"minecraft:nautilus_shell":1,"swem:timothy_seeds":1,"minecraft:crafting_table":5,"minecraft:andesite":64,"minecraft:leather":2,"alexsmobs:acacia_blossom":2,"minecraft:wooden_pickaxe":1,"minecraft:flint":2,"scalinghealth:bandages":2,"jeg:scrap":17,"minecraft:gunpowder":1,"minecraft:amethyst_block":16,"scalinghealth:heart_crystal":1,"minecraft:dirt":62,"alexsmobs:gazelle_horn":1,"minecraft:string":3,"minecraft:raw_copper":25,"minecraft:bone":1,"minecraft:zombie_head":1,"minecraft:acacia_planks":19,"minecraft:iron_ingot":2,"minecraft:beef":1,"minecraft:stone_pickaxe":2,"minecraft:cobblestone_slab":4,"minecraft:calcite":22,"swem:oat_seeds":5,"minecraft:chest":1,"minecraft:acacia_sapling":65,"jeg:tech_trash":2,"minecraft:furnace":2,"minecraft:stick":2,"minecraft:smooth_basalt":21,"iceandfire:ghost_chest":1,"minecraft:torch":3,"born_in_chaos_v1:ethereal_spirit":4,"minecraft:acacia_log":173,"minecraft:gravel":6,"minecraft:diorite":17,"minecraft:rotten_flesh":1,"swem:alfalfa_seeds":1,"minecraft:mutton":3,"minecraft:coal":32,"minecraft:white_wool":1,"minecraft:cobblestone":598},"minecraft:used":{"minecraft:cooked_mutton":5,"minecraft:water_bucket":147,"minecraft:diorite":4,"minecraft:stone_sword":42,"minecraft:stone_pickaxe":71,"minecraft:stone_shovel":23,"minecraft:chest":4,"minecraft:wooden_pickaxe":26,"minecraft:cobblestone_slab":69,"vanillaplustools:stone_hammer":39,"minecraft:torch":17,"minecraft:dirt":24,"scalinghealth:heart_crystal":2,"minecraft:crafting_table":6,"alexsmobs:cooked_kangaroo_meat":5,"vanillaplustools:stone_shovel":6,"minecraft:smoker":1,"minecraft:stone_axe":60,"minecraft:cobblestone":32,"minecraft:furnace":3,"minecraft:bucket":148,"scalinghealth:bandages":1,"tombstone:gift":5,"minecraft:cooked_beef":1,"minecraft:acacia_planks":327,"minecraft:experience_bottle":9},"minecraft:custom":{"minecraft:interact_with_furnace":20,"minecraft:mob_kills":11,"minecraft:interact_with_crafting_table":52,"minecraft:leave_game":3,"minecraft:time_since_death":1864,"minecraft:time_since_rest":636,"minecraft:sprint_one_cm":96180,"minecraft:damage_taken":5874,"minecraft:walk_one_cm":156246,"minecraft:drop":19,"minecraft:damage_dealt":2065,"minecraft:swim_one_cm":68719,"minecraft:fly_one_cm":170073,"minecraft:open_chest":23,"minecraft:crouch_one_cm":30717,"minecraft:play_time":95120,"minecraft:deaths":8,"minecraft:sneak_time":10241,"minecraft:walk_under_water_one_cm":66925,"minecraft:jump":980,"minecraft:walk_on_water_one_cm":25224,"minecraft:total_world_time":95120,"minecraft:interact_with_smoker":3,"minecraft:fall_one_cm":33163},"minecraft:mined":{"minecraft:large_amethyst_bud":5,"jeg:scrap_ore":8,"minecraft:crafting_table":5,"minecraft:torch":1,"minecraft:budding_amethyst":4,"minecraft:acacia_log":10,"minecraft:grass_block":30,"minecraft:calcite":22,"iceandfire:ghost_chest":1,"minecraft:chest":1,"minecraft:copper_ore":7,"minecraft:cobblestone":22,"minecraft:diorite":11,"minecraft:amethyst_block":16,"minecraft:furnace":2,"minecraft:andesite":44,"treechop:chopped_log":4,"minecraft:grass":13,"minecraft:coal_ore":23,"minecraft:cobblestone_slab":6,"minecraft:vine":1,"minecraft:small_amethyst_bud":2,"minecraft:gravel":8,"minecraft:dirt":36,"minecraft:smooth_basalt":21,"minecraft:acacia_planks":21,"minecraft:stone":214},"minecraft:killed":{"minecraft:spider":1,"minecraft:creeper":1,"born_in_chaos_v1:scarlet_persecutor":3,"minecraft:sheep":3,"alexsmobs:gazelle":2,"minecraft:cow":1},"minecraft:dropped":{"minecraft:stone_axe":1,"vanillaplustools:stone_shovel":1,"alexsmobs:acacia_blossom":2,"minecraft:stone_sword":1,"minecraft:stone_shovel":1,"minecraft:cooked_mutton":1,"minecraft:acacia_log":64,"alexsmobs:cooked_kangaroo_meat":1,"minecraft:cobblestone_slab":54,"minecraft:torch":1,"scalinghealth:heart_crystal":1,"vanillaplustools:stone_hammer":2,"minecraft:stone_pickaxe":3,"scalinghealth:bandages":1},"minecraft:killed_by":{"minecraft:spider":1,"minecraft:zombie":1,"minecraft:drowned":2},"minecraft:crafted":{"minecraft:cooked_beef":1,"minecraft:stone_shovel":22,"minecraft:cobblestone_slab":120,"vanillaplustools:stone_hammer":3,"minecraft:crafting_table":1,"minecraft:wooden_pickaxe":1,"minecraft:furnace":2,"minecraft:bucket":1,"minecraft:stone_axe":2,"minecraft:cooked_mutton":6,"minecraft:air":0,"minecraft:stick":40,"minecraft:iron_ingot":1,"minecraft:stone_pickaxe":29,"minecraft:stone_sword":2,"minecraft:chest":7,"vanillaplustools:stone_shovel":2,"minecraft:acacia_planks":68,"minecraft:smoker":1}},"DataVersion":3465}