{"stats":{"minecraft:mined":{"minecraft:podzol":4,"minecraft:furnace":2,"minecraft:dark_oak_log":3,"minecraft:torch":1,"minecraft:crafting_table":2,"minecraft:grass":14,"minecraft:poppy":1,"minecraft:grass_block":4,"minecraft:coal_ore":2,"minecraft:dirt":22,"minecraft:stone":71,"minecraft:oak_leaves":2,"minecraft:wall_torch":1,"minecraft:fern":7},"minecraft:dropped":{"minecraft:stone_axe":1,"minecraft:shield":1,"minecraft:torch":2,"minecraft:stone_sword":2,"minecraft:stone_shovel":1,"minecraft:stone_pickaxe":1},"minecraft:custom":{"minecraft:time_since_rest":26072,"minecraft:interact_with_furnace":11,"minecraft:sprint_one_cm":31512,"minecraft:damage_taken":190,"minecraft:walk_one_cm":48458,"minecraft:damage_blocked_by_shield":235,"minecraft:mob_kills":8,"minecraft:drop":7,"minecraft:damage_dealt":750,"minecraft:fly_one_cm":26110,"minecraft:swim_one_cm":2090,"minecraft:interact_with_crafting_table":10,"minecraft:crouch_one_cm":698,"minecraft:play_time":26072,"minecraft:sneak_time":554,"minecraft:walk_under_water_one_cm":1033,"minecraft:jump":305,"minecraft:leave_game":1,"minecraft:time_since_death":26072,"minecraft:walk_on_water_one_cm":422,"minecraft:total_world_time":26072,"minecraft:climb_one_cm":1212,"minecraft:fall_one_cm":5004},"minecraft:used":{"minecraft:stone_sword":39,"minecraft:stone_shovel":29,"minecraft:stone_pickaxe":73,"minecraft:shield":3,"minecraft:wooden_pickaxe":3,"minecraft:stone_axe":6,"minecraft:torch":2,"minecraft:dirt":6,"minecraft:crafting_table":2,"minecraft:furnace":2},"minecraft:crafted":{"minecraft:oak_planks":104,"minecraft:stone_shovel":2,"minecraft:charcoal":3,"minecraft:shield":2,"minecraft:crafting_table":1,"minecraft:stick":48,"minecraft:wooden_pickaxe":1,"minecraft:stone_pickaxe":2,"minecraft:stone_sword":2,"minecraft:furnace":2,"minecraft:torch":4,"minecraft:stone_axe":2,"minecraft:air":0},"minecraft:picked_up":{"minecraft:crafting_table":2,"minecraft:chicken":1,"minecraft:leather":7,"minecraft:torch":18,"minecraft:oak_log":26,"minecraft:ink_sac":2,"minecraft:dark_oak_log":3,"minecraft:dirt":31,"minecraft:stone_sword":1,"minecraft:wheat_seeds":4,"minecraft:beef":11,"minecraft:iron_ingot":6,"minecraft:poppy":1,"minecraft:bamboo":80,"minecraft:coal":2,"minecraft:cobblestone":71,"minecraft:furnace":1},"minecraft:killed":{"minecraft:chicken":1,"minecraft:squid":1,"minecraft:cow":6}},"DataVersion":3465}