{"stats":{"minecraft:picked_up":{"minecraft:crafting_table":6,"minecraft:wheat":25,"minecraft:chicken":3,"minecraft:wooden_pickaxe":1,"minecraft:shield":2,"minecraft:amethyst_block":55,"alexsmobs:gazelle_horn":7,"minecraft:string":4,"minecraft:raw_copper":25,"minecraft:zombie_head":1,"minecraft:cracked_stone_bricks":1,"minecraft:beef":1,"minecraft:cobblestone_slab":133,"minecraft:calcite":32,"minecraft:sugar_cane":2,"minecraft:chest":4,"minecraft:egg":2,"minecraft:furnace":2,"minecraft:stick":14,"minecraft:raw_iron":13,"iceandfire:ghost_chest":1,"minecraft:acacia_fence":21,"minecraft:torch":15,"minecraft:acacia_log":200,"minecraft:porkchop":15,"minecraft:diorite":33,"tombstone:grave_dust":1,"minecraft:stone_sword":1,"minecraft:rotten_flesh":1,"swem:alfalfa_seeds":30,"alexsmobs:emu_egg":4,"minecraft:mutton":8,"minecraft:obsidian":4,"minecraft:iron_bars":9,"minecraft:cobblestone":779,"alexsmobs:kangaroo_meat":11,"minecraft:white_wool":4,"paraglider:paraglider":1,"minecraft:nautilus_shell":1,"swem:timothy_seeds":26,"minecraft:feather":2,"minecraft:andesite":64,"minecraft:leather":7,"alexsmobs:acacia_blossom":3,"minecraft:smoker":1,"minecraft:flint":2,"minecraft:oak_log":15,"scalinghealth:bandages":2,"jeg:scrap":28,"alexsmobs:cooked_kangaroo_meat":4,"minecraft:gunpowder":1,"scalinghealth:heart_crystal":1,"skilltree:gem":3,"minecraft:dirt":234,"jeg:grenade":1,"minecraft:bone":2,"minecraft:acacia_planks":19,"minecraft:apple":2,"minecraft:wheat_seeds":130,"minecraft:iron_ingot":2,"minecraft:stone_pickaxe":2,"scalinghealth:power_crystal_shard":2,"swem:oat_seeds":38,"jeg:tech_trash":3,"minecraft:acacia_sapling":72,"minecraft:smooth_basalt":26,"minecraft:cooked_porkchop":5,"patchouli:guide_book":1,"born_in_chaos_v1:ethereal_spirit":8,"minecraft:gravel":6,"alexsmobs:animal_dictionary":1,"alexsmobs:kangaroo_hide":11,"minecraft:stone_axe":1,"minecraft:granite":11,"born_in_chaos_v1:rotten_fish":1,"minecraft:oak_sapling":16,"minecraft:coal":75},"minecraft:used":{"alexsmobs:emu_egg":1,"minecraft:stone_sword":104,"minecraft:stone_shovel":38,"minecraft:chest":20,"vanillaplustools:stone_hammer":80,"minecraft:cooked_chicken":2,"minecraft:stone_hoe":119,"minecraft:torch":67,"minecraft:dirt":44,"scalinghealth:heart_crystal":2,"alexsmobs:cooked_kangaroo_meat":12,"minecraft:smooth_basalt":1,"minecraft:furnace":3,"minecraft:acacia_fence":32,"scalinghealth:bandages":1,"tombstone:gift":10,"minecraft:egg":2,"minecraft:cooked_beef":1,"minecraft:acacia_planks":327,"alexsmobs:boiled_emu_egg":2,"minecraft:wheat_seeds":130,"minecraft:cooked_mutton":10,"minecraft:water_bucket":185,"minecraft:diorite":7,"minecraft:stone_pickaxe":96,"minecraft:wooden_pickaxe":26,"minecraft:sugar_cane":2,"minecraft:cobblestone_slab":84,"minecraft:crafting_table":7,"vanillaplustools:stone_shovel":19,"minecraft:white_bed":1,"minecraft:smoker":2,"minecraft:apple":2,"minecraft:iron_pickaxe":9,"minecraft:stone_axe":244,"minecraft:cobblestone":131,"minecraft:cooked_porkchop":12,"minecraft:bucket":186,"alexsmobs:animal_dictionary":5,"minecraft:experience_bottle":9},"minecraft:custom":{"minecraft:mob_kills":35,"minecraft:animals_bred":4,"tombstone:use_vanishing":1,"minecraft:interact_with_crafting_table":84,"minecraft:leave_game":3,"minecraft:time_since_death":7457,"minecraft:climb_one_cm":232,"minecraft:sprint_one_cm":380231,"minecraft:walk_one_cm":479283,"minecraft:drop":38,"minecraft:play_time":215120,"minecraft:deaths":12,"minecraft:sneak_time":17100,"minecraft:walk_under_water_one_cm":124817,"minecraft:jump":2330,"minecraft:walk_on_water_one_cm":50486,"minecraft:total_world_time":215120,"minecraft:interact_with_furnace":48,"minecraft:time_since_rest":7256,"minecraft:damage_taken":10190,"tombstone:sneak_grave":1,"minecraft:damage_dealt":7661,"minecraft:swim_one_cm":140693,"minecraft:fly_one_cm":550230,"minecraft:open_chest":193,"minecraft:crouch_one_cm":44950,"tombstone:undead_killed":1,"minecraft:interact_with_smoker":45,"minecraft:fall_one_cm":72197},"minecraft:mined":{"minecraft:large_amethyst_bud":5,"minecraft:granite":11,"minecraft:budding_amethyst":5,"minecraft:acacia_log":10,"minecraft:grass_block":46,"minecraft:furnace":2,"minecraft:iron_ore":10,"minecraft:andesite":44,"treechop:chopped_log":10,"minecraft:dirt_path":9,"minecraft:vine":3,"minecraft:cobblestone_slab":16,"minecraft:small_amethyst_bud":3,"minecraft:iron_bars":9,"minecraft:stone":368,"jeg:scrap_ore":14,"minecraft:medium_amethyst_bud":1,"minecraft:smoker":1,"minecraft:crafting_table":6,"minecraft:torch":12,"minecraft:calcite":35,"iceandfire:ghost_chest":1,"minecraft:chest":4,"minecraft:tall_grass":4,"minecraft:cobblestone":40,"minecraft:copper_ore":7,"minecraft:sugar_cane":1,"minecraft:diorite":26,"minecraft:amethyst_block":36,"minecraft:wheat":35,"minecraft:grass":72,"minecraft:coal_ore":66,"minecraft:acacia_fence":17,"minecraft:gravel":8,"minecraft:dirt":104,"minecraft:smooth_basalt":27,"minecraft:cracked_stone_bricks":1,"minecraft:acacia_planks":22},"minecraft:killed":{"minecraft:spider":2,"born_in_chaos_v1:scarlet_persecutor":3,"minecraft:horse":1,"minecraft:chicken":3,"born_in_chaos_v1:corpse_fish":1,"alexsmobs:kangaroo":7,"minecraft:pig":3,"minecraft:creeper":1,"minecraft:sheep":6,"iceandfire:ghost":1,"alexsmobs:gazelle":6,"minecraft:cow":1},"minecraft:dropped":{"minecraft:cooked_porkchop":2,"minecraft:acacia_log":64,"minecraft:stick":3,"minecraft:dirt":38,"scalinghealth:heart_crystal":1,"minecraft:torch":1,"paraglider:paraglider":2,"minecraft:stone_axe":4,"vanillaplustools:stone_shovel":1,"alexsmobs:acacia_blossom":2,"minecraft:stone_sword":3,"minecraft:stone_shovel":1,"minecraft:cooked_mutton":1,"alexsmobs:cooked_kangaroo_meat":9,"minecraft:cobblestone_slab":295,"minecraft:shield":3,"vanillaplustools:stone_hammer":2,"minecraft:stone_pickaxe":3,"scalinghealth:bandages":1},"minecraft:broken":{"minecraft:stone_axe":1},"minecraft:killed_by":{"minecraft:spider":1,"minecraft:drowned":3,"minecraft:zombie":1},"minecraft:crafted":{"minecraft:oak_planks":60,"minecraft:cobblestone_slab":246,"minecraft:stone_shovel":22,"vanillaplustools:stone_hammer":3,"minecraft:cooked_chicken":2,"minecraft:furnace":4,"minecraft:cooked_mutton":11,"portablemobs:master_capture_cell":1,"minecraft:stone_pickaxe":29,"minecraft:chest":17,"minecraft:acacia_fence":18,"vanillaplustools:stone_shovel":2,"minecraft:stone_hoe":1,"minecraft:smoker":1,"minecraft:cooked_beef":1,"paraglider:paraglider":2,"minecraft:cooked_porkchop":12,"minecraft:crafting_table":2,"minecraft:acacia_slab":6,"minecraft:wooden_pickaxe":1,"alexsmobs:cooked_kangaroo_meat":11,"alexsmobs:boiled_emu_egg":2,"minecraft:bucket":1,"minecraft:stone_axe":5,"minecraft:air":0,"portablemobs:basic_capture_cell":1,"minecraft:shield":2,"minecraft:stick":40,"minecraft:iron_ingot":7,"minecraft:iron_pickaxe":1,"minecraft:stone_sword":3,"minecraft:white_bed":1,"minecraft:acacia_planks":72}},"DataVersion":3465}