{"stats":{"minecraft:picked_up":{"minecraft:crafting_table":6,"minecraft:wheat":12,"minecraft:chicken":1,"minecraft:wooden_pickaxe":1,"minecraft:shield":2,"minecraft:amethyst_block":55,"alexsmobs:gazelle_horn":7,"minecraft:string":4,"minecraft:raw_copper":25,"minecraft:zombie_head":1,"minecraft:cracked_stone_bricks":1,"minecraft:beef":1,"minecraft:cobblestone_slab":133,"minecraft:calcite":32,"minecraft:sugar_cane":2,"minecraft:chest":3,"minecraft:egg":2,"minecraft:furnace":2,"minecraft:stick":14,"minecraft:raw_iron":3,"iceandfire:ghost_chest":1,"minecraft:acacia_fence":17,"minecraft:torch":10,"minecraft:acacia_log":200,"minecraft:porkchop":15,"minecraft:diorite":33,"tombstone:grave_dust":1,"minecraft:rotten_flesh":1,"swem:alfalfa_seeds":29,"alexsmobs:emu_egg":1,"minecraft:mutton":8,"minecraft:obsidian":4,"minecraft:iron_bars":9,"minecraft:cobblestone":731,"alexsmobs:kangaroo_meat":11,"minecraft:white_wool":4,"paraglider:paraglider":1,"minecraft:nautilus_shell":1,"swem:timothy_seeds":25,"minecraft:feather":1,"minecraft:andesite":64,"minecraft:leather":7,"alexsmobs:acacia_blossom":3,"minecraft:smoker":1,"minecraft:flint":2,"minecraft:oak_log":15,"scalinghealth:bandages":2,"jeg:scrap":17,"alexsmobs:cooked_kangaroo_meat":4,"minecraft:gunpowder":1,"scalinghealth:heart_crystal":1,"skilltree:gem":2,"minecraft:dirt":234,"jeg:grenade":1,"minecraft:bone":2,"minecraft:acacia_planks":19,"minecraft:apple":2,"minecraft:wheat_seeds":87,"minecraft:iron_ingot":2,"minecraft:stone_pickaxe":2,"scalinghealth:power_crystal_shard":2,"swem:oat_seeds":36,"jeg:tech_trash":2,"minecraft:acacia_sapling":72,"minecraft:smooth_basalt":26,"minecraft:cooked_porkchop":5,"patchouli:guide_book":1,"born_in_chaos_v1:ethereal_spirit":8,"minecraft:gravel":6,"alexsmobs:animal_dictionary":1,"alexsmobs:kangaroo_hide":11,"minecraft:stone_axe":1,"minecraft:granite":10,"minecraft:oak_sapling":16,"minecraft:coal":66},"minecraft:used":{"alexsmobs:emu_egg":1,"minecraft:stone_sword":86,"minecraft:stone_shovel":38,"minecraft:chest":17,"vanillaplustools:stone_hammer":71,"minecraft:stone_hoe":115,"minecraft:torch":40,"minecraft:dirt":44,"scalinghealth:heart_crystal":2,"alexsmobs:cooked_kangaroo_meat":12,"minecraft:smooth_basalt":1,"minecraft:furnace":3,"minecraft:acacia_fence":17,"scalinghealth:bandages":1,"tombstone:gift":8,"minecraft:egg":2,"minecraft:cooked_beef":1,"minecraft:acacia_planks":327,"minecraft:wheat_seeds":87,"minecraft:cooked_mutton":10,"minecraft:water_bucket":179,"minecraft:diorite":7,"minecraft:stone_pickaxe":96,"minecraft:wooden_pickaxe":26,"minecraft:cobblestone_slab":84,"minecraft:crafting_table":7,"vanillaplustools:stone_shovel":19,"minecraft:white_bed":1,"minecraft:smoker":2,"minecraft:apple":2,"minecraft:iron_pickaxe":5,"minecraft:stone_axe":227,"minecraft:cobblestone":116,"minecraft:cooked_porkchop":6,"minecraft:bucket":180,"alexsmobs:animal_dictionary":5,"minecraft:experience_bottle":9},"minecraft:custom":{"minecraft:mob_kills":32,"minecraft:animals_bred":2,"tombstone:use_vanishing":1,"minecraft:interact_with_crafting_table":82,"minecraft:leave_game":3,"minecraft:time_since_death":56416,"minecraft:climb_one_cm":232,"minecraft:sprint_one_cm":296542,"minecraft:walk_one_cm":407822,"minecraft:drop":37,"minecraft:play_time":191120,"minecraft:deaths":11,"minecraft:sneak_time":16208,"minecraft:walk_under_water_one_cm":117804,"minecraft:jump":1998,"minecraft:walk_on_water_one_cm":47020,"minecraft:total_world_time":191120,"minecraft:interact_with_furnace":45,"minecraft:time_since_rest":56270,"minecraft:damage_taken":8883,"tombstone:sneak_grave":1,"minecraft:damage_dealt":6966,"minecraft:swim_one_cm":135924,"minecraft:fly_one_cm":453657,"minecraft:open_chest":164,"minecraft:crouch_one_cm":43060,"tombstone:undead_killed":1,"minecraft:interact_with_smoker":26,"minecraft:fall_one_cm":57344},"minecraft:mined":{"minecraft:large_amethyst_bud":5,"minecraft:granite":10,"minecraft:budding_amethyst":5,"minecraft:acacia_log":10,"minecraft:grass_block":46,"minecraft:furnace":2,"minecraft:andesite":44,"treechop:chopped_log":10,"minecraft:dirt_path":9,"minecraft:vine":3,"minecraft:cobblestone_slab":16,"minecraft:small_amethyst_bud":3,"minecraft:iron_bars":9,"minecraft:stone":328,"jeg:scrap_ore":8,"minecraft:medium_amethyst_bud":1,"minecraft:smoker":1,"minecraft:crafting_table":6,"minecraft:torch":7,"minecraft:calcite":35,"iceandfire:ghost_chest":1,"minecraft:chest":3,"minecraft:tall_grass":4,"minecraft:cobblestone":40,"minecraft:copper_ore":7,"minecraft:sugar_cane":1,"minecraft:diorite":26,"minecraft:amethyst_block":36,"minecraft:wheat":19,"minecraft:grass":67,"minecraft:coal_ore":57,"minecraft:acacia_fence":17,"minecraft:gravel":8,"minecraft:dirt":104,"minecraft:smooth_basalt":27,"minecraft:cracked_stone_bricks":1,"minecraft:acacia_planks":22},"minecraft:killed":{"minecraft:spider":2,"born_in_chaos_v1:scarlet_persecutor":3,"minecraft:horse":1,"minecraft:chicken":1,"alexsmobs:kangaroo":7,"minecraft:pig":3,"minecraft:creeper":1,"minecraft:sheep":6,"iceandfire:ghost":1,"alexsmobs:gazelle":6,"minecraft:cow":1},"minecraft:dropped":{"minecraft:cooked_porkchop":2,"minecraft:acacia_log":64,"minecraft:stick":3,"minecraft:dirt":38,"scalinghealth:heart_crystal":1,"minecraft:torch":1,"paraglider:paraglider":2,"minecraft:stone_axe":4,"vanillaplustools:stone_shovel":1,"alexsmobs:acacia_blossom":2,"minecraft:stone_sword":2,"minecraft:stone_shovel":1,"minecraft:cooked_mutton":1,"alexsmobs:cooked_kangaroo_meat":9,"minecraft:cobblestone_slab":295,"minecraft:shield":3,"vanillaplustools:stone_hammer":2,"minecraft:stone_pickaxe":3,"scalinghealth:bandages":1},"minecraft:broken":{"minecraft:stone_axe":1},"minecraft:killed_by":{"minecraft:spider":1,"minecraft:drowned":3,"minecraft:zombie":1},"minecraft:crafted":{"minecraft:oak_planks":60,"minecraft:cobblestone_slab":246,"minecraft:stone_shovel":22,"vanillaplustools:stone_hammer":3,"minecraft:furnace":4,"minecraft:cooked_mutton":11,"portablemobs:master_capture_cell":1,"minecraft:stone_pickaxe":29,"minecraft:chest":15,"vanillaplustools:stone_shovel":2,"minecraft:stone_hoe":1,"minecraft:smoker":1,"minecraft:cooked_beef":1,"paraglider:paraglider":2,"minecraft:cooked_porkchop":5,"minecraft:crafting_table":2,"minecraft:acacia_slab":6,"minecraft:wooden_pickaxe":1,"alexsmobs:cooked_kangaroo_meat":11,"minecraft:bucket":1,"minecraft:stone_axe":5,"minecraft:air":0,"portablemobs:basic_capture_cell":1,"minecraft:shield":2,"minecraft:stick":40,"minecraft:iron_ingot":7,"minecraft:iron_pickaxe":1,"minecraft:stone_sword":3,"minecraft:white_bed":1,"minecraft:acacia_planks":72}},"DataVersion":3465}