{"stats":{"minecraft:broken":{"vanillaplustools:stone_hammer":1,"minecraft:stone_axe":1},"minecraft:used":{"alexsmobs:emu_egg":5,"minecraft:stone_sword":29,"minecraft:flint_and_steel":1,"minecraft:stone_shovel":3,"born_in_chaos_v1:chocolate_heart":1,"minecraft:chest":2,"minecraft:shield":24,"vanillaplustools:stone_hammer":135,"minecraft:stone_hoe":4,"minecraft:torch":47,"scalinghealth:heart_crystal":4,"minecraft:tuff":41,"minecraft:obsidian":12,"tombstone:gift":4,"minecraft:cooked_beef":28,"minecraft:cobbled_deepslate":29,"minecraft:golden_boots":1,"minecraft:wheat_seeds":116,"minecraft:water_bucket":1,"minecraft:diorite":15,"minecraft:sugar_cane":9,"soulsweapons:bluemoon_greatsword":19,"soulsweapons:bluemoon_shortsword":2,"vanillaplustools:stone_shovel":35,"minecraft:blast_furnace":1,"minecraft:smoker":1,"minecraft:diamond_pickaxe":5,"minecraft:iron_pickaxe":63,"spartanshields:copper_tower_shield":29,"minecraft:stone_axe":93,"minecraft:cobblestone":2,"minecraft:bucket":1,"minecraft:andesite":1},"minecraft:killed":{"minecraft:spider":1,"born_in_chaos_v1:maggot":1,"minecraft:zombie":5,"alexsmobs:gazelle":1,"minecraft:cow":23},"minecraft:picked_up":{"minecraft:wheat":77,"soulsweapons:moonstone":10,"minecraft:shield":1,"alexsmobs:gazelle_horn":1,"minecraft:raw_copper":21,"minecraft:string":2,"born_in_chaos_v1:chocolate_heart":1,"minecraft:cobbled_deepslate":367,"minecraft:beef":7,"minecraft:poppy":1,"minecraft:sugar_cane":58,"minecraft:chest":1,"minecraft:furnace":1,"minecraft:raw_iron":19,"minecraft:torch":86,"tombstone:grave_dust":1,"minecraft:diorite":46,"minecraft:redstone":32,"minecraft:rotten_flesh":15,"spartanshields:copper_tower_shield":1,"swem:alfalfa_seeds":4,"alexsmobs:emu_egg":13,"soulsweapons:bluemoon_greatsword":1,"minecraft:mutton":1,"minecraft:cobblestone":436,"minecraft:magma_block":1,"swem:timothy_seeds":3,"minecraft:cooked_beef":3,"minecraft:water_bucket":1,"minecraft:andesite":46,"minecraft:leather":9,"minecraft:flint":8,"minecraft:crimson_fungus":1,"minecraft:tuff":119,"jeg:scrap":10,"minecraft:yellow_bed":1,"scalinghealth:heart_crystal":2,"skilltree:gem":8,"minecraft:lapis_lazuli":15,"minecraft:dirt":86,"minecraft:cooked_mutton":2,"minecraft:wheat_seeds":213,"swem:oat_seeds":2,"jeg:tech_trash":3,"scalinghealth:heart_crystal_shard":7,"swem:cantazarite":33,"minecraft:gravel":1,"minecraft:sand":89,"minecraft:diamond":9,"vanillaplustools:stone_hammer":1,"minecraft:granite":20,"minecraft:bone_meal":1,"soulsweapons:verglas":9,"minecraft:diamond_pickaxe":1,"minecraft:ender_pearl":3,"minecraft:coal":22,"iceandfire:raw_silver":13,"minecraft:crimson_roots":1},"minecraft:mined":{"minecraft:tuff":68,"iceandfire:silver_ore":13,"minecraft:deepslate_diamond_ore":6,"minecraft:granite":41,"swem:cantazarite_ore":5,"minecraft:grass_block":30,"minecraft:crimson_roots":1,"iceandfire:deepslate_silver_ore":2,"minecraft:crimson_fungus":1,"minecraft:iron_ore":18,"minecraft:cobbled_deepslate":1,"minecraft:andesite":43,"soulsweapons:moonstone_ore_deepslate":5,"minecraft:stone":547,"minecraft:deepslate_redstone_ore":9,"soulsweapons:verglas_ore_deepslate":6,"minecraft:copper_ore":7,"swem:star_worm_cobble":1,"minecraft:cobblestone":7,"minecraft:lapis_ore":5,"minecraft:sugar_cane":56,"minecraft:diorite":40,"minecraft:wall_torch":2,"jeg:deepslate_scrap_ore":1,"minecraft:wheat":84,"minecraft:grass":11,"minecraft:coal_ore":32,"minecraft:gravel":6,"minecraft:sand":117,"minecraft:dirt":78,"minecraft:deepslate":306,"soulsweapons:verglas_ore":3},"minecraft:crafted":{"minecraft:smooth_stone":3,"vanillaplustools:stone_hammer":2,"spartanshields:wooden_tower_shield":2,"minecraft:furnace":1,"minecraft:blast_furnace":1,"iceandfire:armor_copper_metal_leggings":2,"minecraft:stone":3,"travelersbackpack:blank_upgrade":4,"iceandfire:armor_copper_metal_boots":2,"iceandfire:armor_copper_metal_helmet":2,"minecraft:glass":64,"travelersbackpack:white_sleeping_bag":1,"spartanshields:copper_tower_shield":2,"minecraft:stone_pickaxe":19,"iceandfire:armor_copper_metal_chestplate":2,"minecraft:chest":4,"soulsweapons:bluemoon_greatsword":1,"minecraft:cooked_beef":42,"soulsweapons:bluemoon_shortsword":1,"iceandfire:silver_ingot":31,"travelersbackpack:backpack_tank":4,"minecraft:copper_ingot":96,"minecraft:air":0,"minecraft:diamond_pickaxe":1,"minecraft:stick":104,"minecraft:iron_ingot":33,"minecraft:acacia_planks":104},"minecraft:dropped":{"minecraft:cooked_beef":23,"soulsweapons:bluemoon_greatsword":1,"iceandfire:armor_copper_metal_chestplate":1,"scalinghealth:heart_crystal":3,"iceandfire:armor_copper_metal_boots":1,"minecraft:mossy_stone_brick_slab":1,"iceandfire:armor_copper_metal_helmet":1,"minecraft:cooked_mutton":3,"alexsmobs:emu_egg":7,"spartanshields:copper_tower_shield":2,"vanillaplustools:stone_hammer":3,"iceandfire:armor_copper_metal_leggings":1,"soulsweapons:bluemoon_shortsword":1},"minecraft:killed_by":{"minecraft:zombie":3},"minecraft:custom":{"minecraft:mob_kills":31,"minecraft:animals_bred":37,"minecraft:interact_with_crafting_table":31,"minecraft:open_barrel":1,"minecraft:damage_dealt_resisted":4,"minecraft:leave_game":5,"minecraft:time_since_death":6010,"minecraft:sprint_one_cm":153987,"minecraft:walk_one_cm":272440,"minecraft:damage_blocked_by_shield":4031,"minecraft:drop":27,"minecraft:play_time":152844,"minecraft:deaths":6,"minecraft:sneak_time":3366,"minecraft:walk_under_water_one_cm":10480,"minecraft:jump":721,"minecraft:interact_with_blast_furnace":25,"minecraft:walk_on_water_one_cm":4513,"minecraft:total_world_time":152844,"minecraft:interact_with_furnace":38,"minecraft:time_since_rest":1,"minecraft:damage_taken":5212,"minecraft:trigger_trapped_chest":1,"minecraft:damage_dealt":5058,"minecraft:swim_one_cm":20678,"minecraft:fly_one_cm":229337,"minecraft:open_chest":282,"minecraft:crouch_one_cm":6759,"tombstone:undead_killed":5,"minecraft:interact_with_smoker":18,"minecraft:fall_one_cm":37977}},"DataVersion":3465}