{"stats":{"minecraft:custom":{"minecraft:interact_with_furnace":22,"minecraft:mob_kills":27,"minecraft:animals_bred":17,"minecraft:open_barrel":1,"minecraft:interact_with_crafting_table":15,"minecraft:leave_game":3,"minecraft:time_since_death":6949,"minecraft:time_since_rest":6295,"minecraft:sprint_one_cm":73797,"minecraft:damage_taken":3365,"minecraft:walk_one_cm":163647,"minecraft:damage_blocked_by_shield":3069,"minecraft:trigger_trapped_chest":1,"minecraft:drop":21,"minecraft:damage_dealt":4241,"minecraft:swim_one_cm":8723,"minecraft:fly_one_cm":90328,"minecraft:open_chest":161,"minecraft:crouch_one_cm":3384,"minecraft:play_time":84801,"tombstone:undead_killed":4,"minecraft:deaths":4,"minecraft:sneak_time":1799,"minecraft:walk_under_water_one_cm":2271,"minecraft:jump":360,"minecraft:interact_with_blast_furnace":14,"minecraft:walk_on_water_one_cm":1683,"minecraft:interact_with_smoker":12,"minecraft:total_world_time":84801,"minecraft:fall_one_cm":27900},"minecraft:crafted":{"minecraft:cooked_beef":12,"minecraft:smooth_stone":3,"vanillaplustools:stone_hammer":2,"iceandfire:silver_ingot":19,"spartanshields:wooden_tower_shield":2,"minecraft:furnace":1,"minecraft:blast_furnace":1,"iceandfire:armor_copper_metal_leggings":2,"minecraft:copper_ingot":91,"minecraft:stone":3,"iceandfire:armor_copper_metal_boots":2,"minecraft:air":0,"iceandfire:armor_copper_metal_helmet":2,"minecraft:glass":2,"minecraft:stick":104,"spartanshields:copper_tower_shield":2,"iceandfire:armor_copper_metal_chestplate":2,"minecraft:stone_pickaxe":19,"minecraft:chest":2,"minecraft:acacia_planks":80},"minecraft:used":{"alexsmobs:emu_egg":5,"minecraft:golden_boots":1,"minecraft:wheat_seeds":74,"minecraft:water_bucket":1,"minecraft:diorite":15,"minecraft:stone_sword":29,"minecraft:flint_and_steel":1,"born_in_chaos_v1:chocolate_heart":1,"minecraft:chest":2,"minecraft:shield":17,"vanillaplustools:stone_hammer":64,"minecraft:sugar_cane":9,"minecraft:stone_hoe":4,"minecraft:torch":36,"scalinghealth:heart_crystal":3,"minecraft:blast_furnace":1,"vanillaplustools:stone_shovel":9,"minecraft:tuff":9,"minecraft:smoker":1,"minecraft:obsidian":12,"minecraft:iron_pickaxe":20,"spartanshields:copper_tower_shield":23,"minecraft:stone_axe":93,"minecraft:cobblestone":1,"minecraft:andesite":1,"minecraft:bucket":1,"tombstone:gift":4,"minecraft:cooked_beef":12,"minecraft:cobbled_deepslate":21},"minecraft:broken":{"vanillaplustools:stone_hammer":1,"minecraft:stone_axe":1},"minecraft:dropped":{"minecraft:cooked_beef":6,"iceandfire:armor_copper_metal_chestplate":1,"iceandfire:armor_copper_metal_helmet":1,"minecraft:cooked_mutton":3,"alexsmobs:emu_egg":7,"scalinghealth:heart_crystal":3,"spartanshields:copper_tower_shield":2,"vanillaplustools:stone_hammer":1,"iceandfire:armor_copper_metal_boots":1,"iceandfire:armor_copper_metal_leggings":1},"minecraft:mined":{"minecraft:tuff":37,"iceandfire:silver_ore":9,"soulsweapons:verglas_ore_deepslate":2,"minecraft:granite":36,"minecraft:grass_block":18,"minecraft:crimson_roots":1,"minecraft:copper_ore":6,"minecraft:cobblestone":7,"minecraft:sugar_cane":28,"minecraft:crimson_fungus":1,"minecraft:diorite":37,"minecraft:cobbled_deepslate":1,"minecraft:iron_ore":16,"minecraft:wheat":42,"minecraft:andesite":38,"soulsweapons:moonstone_ore_deepslate":1,"minecraft:coal_ore":22,"minecraft:gravel":6,"minecraft:dirt":42,"minecraft:stone":283,"soulsweapons:verglas_ore":1,"minecraft:deepslate":36},"minecraft:picked_up":{"swem:timothy_seeds":1,"minecraft:wheat":41,"minecraft:cooked_beef":3,"minecraft:andesite":41,"minecraft:leather":9,"soulsweapons:moonstone":1,"minecraft:flint":8,"minecraft:crimson_fungus":1,"minecraft:tuff":87,"minecraft:yellow_bed":1,"scalinghealth:heart_crystal":2,"skilltree:gem":4,"minecraft:lapis_lazuli":15,"minecraft:dirt":51,"minecraft:raw_copper":17,"minecraft:cooked_mutton":2,"born_in_chaos_v1:chocolate_heart":1,"minecraft:wheat_seeds":109,"minecraft:cobbled_deepslate":142,"minecraft:beef":7,"minecraft:sugar_cane":32,"minecraft:furnace":1,"minecraft:raw_iron":16,"scalinghealth:heart_crystal_shard":7,"minecraft:torch":39,"minecraft:gravel":1,"tombstone:grave_dust":1,"minecraft:diorite":36,"minecraft:rotten_flesh":14,"spartanshields:copper_tower_shield":1,"minecraft:granite":20,"minecraft:bone_meal":1,"alexsmobs:emu_egg":10,"soulsweapons:verglas":3,"minecraft:coal":22,"minecraft:crimson_roots":1,"iceandfire:raw_silver":7,"minecraft:cobblestone":251},"minecraft:killed":{"minecraft:zombie":4,"minecraft:cow":23},"minecraft:killed_by":{"minecraft:zombie":2}},"DataVersion":3465}