{"stats":{"minecraft:killed_by":{"minecraft:drowned":1},"minecraft:picked_up":{"minecraft:coarse_dirt":14,"minecraft:stick":31,"minecraft:crafting_table":3,"iceandfire:ghost_chest":1,"minecraft:chain":2,"minecraft:spruce_sapling":28,"minecraft:spruce_log":145,"minecraft:mossy_cobblestone":2,"skilltree:gem":1,"minecraft:dirt":56,"minecraft:bone":4,"iceandfire:graveyard_soil":2,"minecraft:wheat_seeds":1,"minecraft:sugar_cane":5,"minecraft:coal":3,"minecraft:cobblestone":24},"minecraft:mined":{"minecraft:podzol":6,"treechop:chopped_log":4,"minecraft:crafting_table":3,"minecraft:grass_block":2,"minecraft:coal_ore":4,"minecraft:vine":1,"iceandfire:ghost_chest":1,"minecraft:cobblestone":1,"minecraft:spruce_leaves":2,"minecraft:stone":24,"minecraft:sugar_cane":2,"minecraft:fern":2},"minecraft:crafted":{"minecraft:stone_shovel":3,"minecraft:wooden_pickaxe":1,"minecraft:stone_pickaxe":2,"minecraft:stone_sword":2,"minecraft:spruce_boat":1,"minecraft:stone_hoe":2,"minecraft:stone_axe":2},"minecraft:dropped":{"minecraft:stone_hoe":1,"minecraft:stone_axe":1,"minecraft:stone_sword":1,"minecraft:stone_shovel":1,"minecraft:stone_pickaxe":1},"minecraft:custom":{"minecraft:time_since_rest":1,"minecraft:sprint_one_cm":25110,"minecraft:damage_taken":288,"minecraft:walk_one_cm":34551,"minecraft:drop":5,"minecraft:damage_dealt":230,"minecraft:swim_one_cm":8102,"minecraft:interact_with_crafting_table":9,"minecraft:fly_one_cm":20263,"minecraft:play_time":20155,"minecraft:deaths":1,"minecraft:sneak_time":88,"minecraft:walk_under_water_one_cm":13114,"minecraft:boat_one_cm":110769,"minecraft:jump":137,"minecraft:leave_game":1,"minecraft:time_since_death":2496,"minecraft:walk_on_water_one_cm":8938,"minecraft:total_world_time":20155,"minecraft:fall_one_cm":1647},"minecraft:used":{"minecraft:spruce_boat":1,"minecraft:stone_sword":1,"minecraft:stone_shovel":8,"minecraft:stone_pickaxe":26,"iceandfire:ghost_chest":1,"minecraft:spruce_planks":2,"minecraft:wooden_pickaxe":3,"minecraft:stone_hoe":2,"minecraft:stone_axe":57,"minecraft:crafting_table":2}},"DataVersion":3465}