{"stats":{"minecraft:broken":{"spartanshields:copper_tower_shield":1,"minecraft:shield":1,"minecraft:chainmail_chestplate":1,"iceandfire:armor_copper_metal_leggings":1,"vanillaplustools:stone_hammer":1,"minecraft:stone_axe":2,"iceandfire:armor_copper_metal_boots":1,"iceandfire:armor_copper_metal_helmet":1},"minecraft:used":{"minecraft:stone_sword":29,"minecraft:flint_and_steel":7,"minecraft:stone_shovel":3,"minecraft:chest":2,"born_in_chaos_v1:chocolate_heart":1,"minecraft:shield":31,"minecraft:cooked_chicken":1,"minecraft:stone_hoe":21,"vanillaplustools:stone_hammer":190,"minecraft:torch":92,"minecraft:dirt":8,"scalinghealth:heart_crystal":4,"alexsmobs:cooked_kangaroo_meat":1,"minecraft:tuff":41,"minecraft:granite":7,"minecraft:obsidian":22,"tombstone:gift":6,"minecraft:cooked_beef":54,"minecraft:cobbled_deepslate":29,"minecraft:enchanted_golden_apple":1,"alexsmobs:boiled_emu_egg":1,"minecraft:cooked_mutton":4,"minecraft:golden_boots":1,"minecraft:wheat_seeds":379,"minecraft:water_bucket":11,"minecraft:diorite":15,"minecraft:sugar_cane":9,"soulsweapons:bluemoon_greatsword":171,"soulsweapons:bluemoon_shortsword":2,"minecraft:crafting_table":1,"minecraft:blast_furnace":1,"vanillaplustools:stone_shovel":46,"minecraft:smoker":1,"minecraft:diamond_pickaxe":64,"minecraft:iron_pickaxe":63,"spartanshields:copper_tower_shield":101,"minecraft:golden_helmet":1,"minecraft:stone_axe":324,"minecraft:cobblestone":85,"travelersbackpack:standard":9,"minecraft:andesite":1,"minecraft:bucket":22,"minecraft:experience_bottle":11,"alexsmobs:emu_egg":5},"minecraft:killed":{"minecraft:spider":2,"born_in_chaos_v1:firelight":2,"born_in_chaos_v1:maggot":3,"minecraft:horse":1,"born_in_chaos_v1:baby_spider":1,"minecraft:chicken":1,"alexsmobs:soul_vulture":1,"alexsmobs:kangaroo":1,"alexsmobs:crimson_mosquito":1,"minecraft:zombie":17,"born_in_chaos_v1:dread_hound":1,"alexsmobs:gazelle":1,"minecraft:cow":82},"minecraft:picked_up":{"minecraft:crafting_table":1,"minecraft:wheat":286,"minecraft:chicken":1,"soulsweapons:moonstone":10,"minecraft:nether_brick":10,"minecraft:shield":1,"minecraft:raw_copper":26,"alexsmobs:gazelle_horn":1,"minecraft:string":4,"alexsmobs:pigshoes":1,"minecraft:blackstone":14,"born_in_chaos_v1:chocolate_heart":1,"alexsmobs:blood_sac":1,"minecraft:cobbled_deepslate":715,"minecraft:beef":40,"minecraft:player_head":1,"minecraft:poppy":1,"minecraft:sugar_cane":137,"minecraft:chest":1,"minecraft:furnace":1,"minecraft:golden_helmet":1,"minecraft:stick":2,"minecraft:raw_iron":19,"minecraft:torch":93,"minecraft:fire_charge":1,"tombstone:grave_dust":1,"minecraft:diorite":46,"minecraft:redstone":32,"minecraft:rotten_flesh":22,"spartanshields:copper_tower_shield":2,"minecraft:hay_block":11,"swem:alfalfa_seeds":6,"alexsmobs:emu_egg":15,"soulsweapons:bluemoon_greatsword":2,"minecraft:obsidian":7,"minecraft:mutton":1,"alexsmobs:kangaroo_meat":1,"minecraft:white_wool":2,"minecraft:cobblestone":489,"minecraft:magma_block":1,"born_in_chaos_v1:corpse_maggot":3,"swem:timothy_seeds":4,"minecraft:feather":1,"minecraft:cooked_beef":54,"minecraft:water_bucket":1,"minecraft:andesite":46,"minecraft:leather":31,"minecraft:flint":9,"minecraft:crimson_fungus":1,"minecraft:tuff":141,"minecraft:oak_log":5,"scalinghealth:bandages":1,"jeg:scrap":18,"minecraft:yellow_bed":1,"scalinghealth:heart_crystal":2,"skilltree:gem":11,"minecraft:lapis_lazuli":15,"minecraft:dirt":94,"minecraft:cooked_mutton":3,"minecraft:smooth_sandstone":2,"minecraft:bone":1,"minecraft:wheat_seeds":840,"minecraft:raw_gold":1,"scalinghealth:power_crystal_shard":3,"swem:oat_seeds":5,"jeg:tech_trash":4,"jeg:advanced_firearm_blueprint":1,"scalinghealth:heart_crystal_shard":7,"minecraft:warped_fungus":1,"born_in_chaos_v1:black_argillitepressureplate":1,"swem:cantazarite":33,"minecraft:gravel":24,"minecraft:sand":89,"minecraft:crying_obsidian":2,"alexsmobs:kangaroo_hide":1,"minecraft:diamond":11,"minecraft:granite":20,"vanillaplustools:stone_hammer":1,"minecraft:bone_meal":1,"soulsweapons:verglas":13,"minecraft:ender_pearl":3,"minecraft:coal":55,"minecraft:crimson_roots":1,"iceandfire:raw_silver":13,"minecraft:diamond_pickaxe":1},"minecraft:mined":{"minecraft:crying_obsidian":2,"minecraft:tuff":81,"iceandfire:silver_ore":13,"minecraft:deepslate_diamond_ore":9,"minecraft:cobblestone_stairs":1,"minecraft:obsidian":6,"minecraft:granite":41,"swem:cantazarite_ore":5,"minecraft:grass_block":36,"minecraft:crimson_roots":1,"iceandfire:deepslate_silver_ore":2,"minecraft:crimson_fungus":1,"minecraft:hay_block":13,"minecraft:fire":7,"minecraft:iron_ore":18,"minecraft:cobbled_deepslate":1,"minecraft:andesite":43,"treechop:chopped_log":1,"soulsweapons:moonstone_ore_deepslate":5,"minecraft:dirt_path":2,"minecraft:stone":595,"minecraft:deepslate_redstone_ore":9,"soulsweapons:verglas_ore_deepslate":6,"minecraft:crafting_table":1,"minecraft:torch":2,"minecraft:tall_grass":1,"swem:star_worm_cobble":1,"minecraft:copper_ore":8,"minecraft:cobblestone":22,"minecraft:lapis_ore":5,"minecraft:deepslate_gold_ore":1,"minecraft:sugar_cane":117,"minecraft:diorite":40,"minecraft:wall_torch":4,"jeg:deepslate_scrap_ore":5,"minecraft:wheat":341,"minecraft:warped_fungus":1,"minecraft:grass":17,"minecraft:oak_log":1,"minecraft:coal_ore":66,"minecraft:gravel":49,"minecraft:sand":117,"minecraft:dirt":78,"minecraft:deepslate":682,"soulsweapons:verglas_ore":6},"minecraft:crafted":{"minecraft:saddle":1,"minecraft:smooth_stone":3,"minecraft:oak_planks":48,"vanillaplustools:stone_hammer":5,"minecraft:cooked_chicken":1,"spartanshields:wooden_tower_shield":5,"minecraft:furnace":1,"minecraft:blast_furnace":1,"iceandfire:armor_copper_metal_leggings":2,"minecraft:stone":3,"travelersbackpack:blank_upgrade":4,"minecraft:cooked_mutton":3,"iceandfire:armor_copper_metal_boots":2,"iceandfire:armor_copper_metal_helmet":2,"minecraft:flint_and_steel":1,"minecraft:glass":64,"travelersbackpack:white_sleeping_bag":2,"spartanshields:copper_tower_shield":5,"minecraft:stone_pickaxe":42,"iceandfire:armor_copper_metal_chestplate":2,"minecraft:chest":5,"minecraft:stone_hoe":1,"minecraft:golden_helmet":2,"soulsweapons:bluemoon_greatsword":1,"minecraft:cooked_beef":107,"soulsweapons:bluemoon_shortsword":1,"iceandfire:silver_ingot":31,"minecraft:crafting_table":1,"travelersbackpack:backpack_tank":6,"travelersbackpack:standard":2,"alexsmobs:cooked_kangaroo_meat":1,"alexsmobs:boiled_emu_egg":1,"minecraft:copper_ingot":132,"minecraft:stone_axe":4,"minecraft:air":0,"minecraft:diamond_pickaxe":1,"minecraft:stick":144,"minecraft:iron_ingot":33,"minecraft:leather_chestplate":1,"minecraft:acacia_planks":104},"minecraft:dropped":{"soulsweapons:bluemoon_shortsword":1,"minecraft:wheat_seeds":1,"minecraft:golden_helmet":2,"minecraft:cooked_beef":121,"soulsweapons:bluemoon_greatsword":2,"iceandfire:armor_copper_metal_chestplate":1,"travelersbackpack:standard":1,"minecraft:coal":25,"scalinghealth:heart_crystal":3,"iceandfire:armor_copper_metal_boots":1,"minecraft:gold_ingot":6,"minecraft:stone_axe":1,"minecraft:player_head":1,"minecraft:mossy_stone_brick_slab":1,"iceandfire:armor_copper_metal_helmet":1,"minecraft:cooked_mutton":3,"alexsmobs:emu_egg":7,"minecraft:flint_and_steel":1,"spartanshields:copper_tower_shield":4,"vanillaplustools:stone_hammer":3,"iceandfire:armor_copper_metal_leggings":1},"minecraft:killed_by":{"minecraft:zombie":5},"minecraft:custom":{"minecraft:mob_kills":114,"minecraft:animals_bred":113,"minecraft:interact_with_crafting_table":68,"minecraft:open_barrel":1,"minecraft:damage_dealt_resisted":37,"minecraft:leave_game":8,"minecraft:time_since_death":13037,"minecraft:damage_resisted":145,"minecraft:sprint_one_cm":388112,"minecraft:walk_one_cm":639565,"minecraft:damage_blocked_by_shield":8122,"minecraft:drop":46,"minecraft:play_time":289984,"minecraft:deaths":12,"minecraft:sneak_time":13155,"minecraft:walk_under_water_one_cm":39078,"minecraft:jump":2062,"minecraft:interact_with_blast_furnace":26,"minecraft:walk_on_water_one_cm":9926,"minecraft:total_world_time":289984,"minecraft:interact_with_furnace":47,"spartanshields:shield_bash_hits":2,"minecraft:time_since_rest":12754,"minecraft:damage_taken":14605,"minecraft:damage_absorbed":160,"minecraft:trigger_trapped_chest":1,"minecraft:damage_dealt":23366,"minecraft:swim_one_cm":28612,"minecraft:fly_one_cm":484809,"minecraft:open_chest":465,"minecraft:crouch_one_cm":32392,"tombstone:undead_killed":18,"minecraft:interact_with_smoker":37,"minecraft:fall_one_cm":80684,"minecraft:horse_one_cm":38258}},"DataVersion":3465}