{"stats":{"minecraft:broken":{"minecraft:golden_helmet":2,"spartanshields:copper_tower_shield":2,"minecraft:iron_boots":1,"minecraft:iron_leggings":1,"minecraft:chainmail_chestplate":1,"minecraft:stone_axe":3,"iceandfire:armor_copper_metal_helmet":1,"minecraft:shield":1,"iceandfire:armor_copper_metal_leggings":1,"vanillaplustools:stone_hammer":8,"iceandfire:armor_copper_metal_boots":1},"minecraft:used":{"iceandfire:dragonsteel_lightning_pickaxe":55,"minecraft:chest":4,"minecraft:shield":31,"minecraft:soul_sand":3,"minecraft:tuff":76,"minecraft:obsidian":22,"minecraft:magma_block":12,"minecraft:warped_fungus":1,"minecraft:hay_block":7,"minecraft:golden_boots":1,"minecraft:diorite":19,"minecraft:blackstone":10,"minecraft:sugar_cane":17,"soulsweapons:bluemoon_greatsword":547,"soulsweapons:bluemoon_shortsword":2,"minecraft:blast_furnace":1,"iceandfire:silver_axe":395,"minecraft:dark_oak_log":2,"minecraft:golden_helmet":2,"minecraft:andesite":1,"minecraft:experience_bottle":13,"minecraft:iron_bars":10,"minecraft:stone_sword":29,"minecraft:flint_and_steel":7,"minecraft:stone_shovel":3,"born_in_chaos_v1:chocolate_heart":1,"vanillaplustools:stone_hammer":994,"minecraft:stone_hoe":46,"minecraft:cooked_chicken":1,"minecraft:netherrack":300,"minecraft:torch":190,"minecraft:dirt":100,"scalinghealth:heart_crystal":8,"alexsmobs:cooked_kangaroo_meat":1,"minecraft:granite":7,"born_in_chaos_v1:smoldering_scorched_log":2,"minecraft:basalt":26,"scalinghealth:bandages":1,"tombstone:gift":6,"minecraft:cooked_beef":203,"minecraft:cobbled_deepslate":214,"minecraft:enchanted_golden_apple":1,"alexsmobs:boiled_emu_egg":1,"minecraft:wheat_seeds":627,"minecraft:cooked_mutton":9,"minecraft:water_bucket":25,"minecraft:mossy_cobblestone":2,"minecraft:crafting_table":2,"vanillaplustools:stone_shovel":89,"minecraft:smoker":1,"minecraft:diamond_pickaxe":589,"minecraft:iron_pickaxe":63,"spartanshields:copper_tower_shield":157,"minecraft:stone_axe":426,"minecraft:cobblestone":175,"travelersbackpack:standard":32,"minecraft:cooked_porkchop":1,"minecraft:bucket":34,"iceandfire:silver_shovel":53,"alexsmobs:emu_egg":7},"minecraft:killed":{"minecraft:spider":2,"born_in_chaos_v1:siamese_skeletonsright":1,"minecraft:skeleton":3,"minecraft:chicken":2,"soulsweapons:evil_forlorn":1,"alexsmobs:kangaroo":1,"minecraft:creeper":1,"alexsmobs:crimson_mosquito":8,"minecraft:sheep":2,"born_in_chaos_v1:zombie_fisherman":1,"minecraft:pillager":1,"minecraft:zombie":36,"born_in_chaos_v1:dread_hound":1,"born_in_chaos_v1:corpse_fly":3,"born_in_chaos_v1:siamese_skeletonsleft":1,"minecraft:cow":231,"alexsmobs:raccoon":2,"born_in_chaos_v1:thornshell_crab":1,"born_in_chaos_v1:firelight":8,"born_in_chaos_v1:maggot":5,"born_in_chaos_v1:baby_spider":1,"minecraft:horse":1,"alexsmobs:soul_vulture":1,"minecraft:husk":1,"born_in_chaos_v1:baby_skeleton":4,"born_in_chaos_v1:swarmer":1,"born_in_chaos_v1:decaying_zombie":1,"soulsweapons:withered_demon":7,"alexsmobs:gazelle":1},"minecraft:picked_up":{"minecraft:iron_chestplate":1,"minecraft:wheat":525,"soulsweapons:moonstone":13,"minecraft:nether_brick":10,"minecraft:soul_soil":4,"alexsmobs:gazelle_horn":1,"minecraft:string":4,"minecraft:raw_copper":58,"born_in_chaos_v1:chocolate_heart":1,"alexsmobs:blood_sac":7,"minecraft:gold_nugget":251,"minecraft:cobbled_deepslate":1134,"alexsmobs:raccoon_tail":2,"born_in_chaos_v1:smoldering_scorched_log":2,"minecraft:furnace":1,"minecraft:golden_helmet":1,"minecraft:stick":8,"born_in_chaos_v1:shattered_skull":1,"minecraft:torch":102,"tombstone:grave_dust":7,"minecraft:diorite":92,"minecraft:rotten_flesh":45,"alexsmobs:emu_egg":22,"soulsweapons:bluemoon_greatsword":3,"minecraft:obsidian":15,"minecraft:iron_bars":10,"minecraft:cobblestone":1123,"minecraft:magma_block":20,"minecraft:feather":2,"minecraft:cooked_beef":72,"minecraft:water_bucket":1,"minecraft:andesite":140,"minecraft:potato":2,"minecraft:flint":16,"minecraft:tuff":183,"born_in_chaos_v1:black_argillite_button":2,"jeg:scrap":43,"minecraft:dirt":285,"skilltree:gem":27,"minecraft:lapis_lazuli":15,"minecraft:bone":13,"minecraft:bow":2,"minecraft:wheat_seeds":1419,"minecraft:raw_gold":1,"swem:oat_seeds":6,"minecraft:stone_hoe":1,"jeg:advanced_firearm_blueprint":1,"swem:cantazarite":48,"swem:cantazarite_dye":16,"minecraft:sand":89,"minecraft:mossy_cobblestone":4,"alexsmobs:kangaroo_hide":1,"born_in_chaos_v1:fire_dust":4,"minecraft:diamond":20,"minecraft:granite":23,"minecraft:bone_meal":2,"soulsweapons:verglas":14,"born_in_chaos_v1:rotten_fish":1,"minecraft:netherrack":3768,"minecraft:diamond_pickaxe":3,"iceandfire:raw_silver":13,"minecraft:crimson_roots":6,"minecraft:crafting_table":2,"minecraft:chicken":2,"minecraft:shield":1,"soulsweapons:demon_heart":4,"alexsmobs:pigshoes":1,"born_in_chaos_v1:black_argillite_brick":1,"minecraft:blackstone":150,"minecraft:beef":117,"minecraft:player_head":1,"minecraft:poppy":1,"minecraft:sugar_cane":237,"minecraft:chest":1,"minecraft:raw_iron":34,"minecraft:fire_charge":1,"born_in_chaos_v1:pieceofdarkmetal":7,"minecraft:redstone":32,"minecraft:arrow":4,"spartanshields:copper_tower_shield":4,"minecraft:hay_block":14,"swem:alfalfa_seeds":10,"born_in_chaos_v1:spiny_shell":7,"minecraft:gold_ingot":1,"minecraft:mutton":5,"alexsmobs:kangaroo_meat":1,"minecraft:white_wool":6,"born_in_chaos_v1:fused_bone":1,"swem:timothy_seeds":6,"iceandfire:silver_axe":2,"born_in_chaos_v1:corpse_maggot":7,"minecraft:basalt":563,"minecraft:leather":64,"iceandfire:silver_shovel":2,"minecraft:birch_planks":5,"rats:charged_creeper_chunk":1,"minecraft:crimson_fungus":1,"minecraft:oak_log":5,"scalinghealth:bandages":1,"minecraft:ancient_debris":19,"minecraft:yellow_bed":1,"scalinghealth:heart_crystal":4,"alexsmobs:mosquito_proboscis":1,"minecraft:paper":5,"minecraft:cooked_mutton":3,"minecraft:smooth_sandstone":2,"scalinghealth:power_crystal_shard":3,"tombstone:bag_of_seeds":1,"jeg:tech_trash":5,"minecraft:soul_sand":28,"scalinghealth:heart_crystal_shard":28,"minecraft:warped_fungus":3,"minecraft:chiseled_stone_bricks":1,"minecraft:quartz":65,"born_in_chaos_v1:black_argillitepressureplate":2,"minecraft:gravel":96,"minecraft:crying_obsidian":2,"travelersbackpack:standard":3,"born_in_chaos_v1:black_argillite_brick_slab":2,"vanillaplustools:stone_hammer":6,"tombstone:magic_scroll":1,"minecraft:coal":103,"minecraft:ender_pearl":3},"minecraft:mined":{"minecraft:farmland":12,"minecraft:cobblestone_stairs":1,"minecraft:obsidian":12,"minecraft:granite":44,"swem:cantazarite_ore":8,"minecraft:grass_block":68,"minecraft:soul_soil":4,"minecraft:crimson_fungus":1,"minecraft:chiseled_stone_bricks":1,"minecraft:magma_block":19,"minecraft:iron_ore":34,"minecraft:cobbled_deepslate":34,"minecraft:fire":12,"minecraft:dirt_path":2,"minecraft:iron_bars":10,"minecraft:deepslate_redstone_ore":9,"minecraft:blackstone":210,"soulsweapons:verglas_ore_deepslate":6,"minecraft:crimson_nylium":8,"born_in_chaos_v1:infected_deepslate_diamond_ore":1,"minecraft:torch":3,"born_in_chaos_v1:smoldering_scorched_log":1,"minecraft:nether_quartz_ore":72,"swem:star_worm_cobble":1,"minecraft:cobblestone":50,"minecraft:sugar_cane":183,"minecraft:wall_torch":9,"minecraft:wheat":577,"minecraft:warped_fungus":3,"minecraft:grass":27,"minecraft:oak_log":1,"minecraft:sand":117,"minecraft:dirt":173,"minecraft:netherrack":4732,"minecraft:ancient_debris":19,"minecraft:deepslate":1048,"soulsweapons:verglas_ore":7,"minecraft:nether_gold_ore":67,"minecraft:crying_obsidian":2,"minecraft:tuff":148,"iceandfire:silver_ore":13,"minecraft:mossy_cobblestone":4,"minecraft:deepslate_diamond_ore":18,"minecraft:crimson_roots":6,"minecraft:weeping_vines":1,"iceandfire:deepslate_silver_ore":2,"minecraft:hay_block":18,"minecraft:andesite":83,"treechop:chopped_log":1,"soulsweapons:moonstone_ore_deepslate":8,"minecraft:stone":1069,"minecraft:soul_sand":23,"minecraft:basalt":982,"minecraft:crafting_table":2,"minecraft:tall_grass":5,"minecraft:copper_ore":18,"born_in_chaos_v1:chipped_black_argillite_brick":1,"minecraft:lapis_ore":5,"minecraft:deepslate_gold_ore":1,"minecraft:diorite":74,"jeg:deepslate_scrap_ore":16,"minecraft:birch_planks":6,"minecraft:coal_ore":116,"minecraft:gravel":164,"minecraft:fern":1},"minecraft:crafted":{"minecraft:smooth_stone":3,"minecraft:oak_planks":48,"spartanshields:wooden_tower_shield":7,"minecraft:cooked_chicken":1,"iceandfire:silver_shovel":1,"minecraft:stone":3,"iceandfire:armor_copper_metal_boots":2,"minecraft:cooked_mutton":8,"minecraft:glass":64,"iceandfire:armor_copper_metal_chestplate":2,"minecraft:chest":7,"vanillaplustools:stone_shovel":1,"minecraft:stone_hoe":1,"soulsweapons:bluemoon_greatsword":1,"iceandfire:silver_axe":1,"minecraft:emerald":23,"minecraft:cooked_porkchop":1,"minecraft:crafting_table":1,"travelersbackpack:standard":2,"minecraft:copper_ingot":158,"minecraft:diamond_pickaxe":2,"minecraft:stick":176,"minecraft:iron_ingot":41,"minecraft:leather_chestplate":1,"minecraft:gold_ingot":31,"minecraft:saddle":1,"vanillaplustools:stone_hammer":6,"minecraft:furnace":1,"minecraft:blast_furnace":1,"iceandfire:armor_copper_metal_leggings":2,"travelersbackpack:blank_upgrade":4,"iceandfire:armor_copper_metal_helmet":2,"minecraft:flint_and_steel":1,"travelersbackpack:white_sleeping_bag":2,"spartanshields:copper_tower_shield":7,"minecraft:stone_pickaxe":61,"minecraft:netherite_scrap":15,"minecraft:golden_helmet":4,"minecraft:cooked_beef":290,"swem:cantazarite_dye":15,"soulsweapons:bluemoon_shortsword":1,"iceandfire:silver_ingot":31,"travelersbackpack:backpack_tank":6,"alexsmobs:cooked_kangaroo_meat":1,"alexsmobs:boiled_emu_egg":1,"scalinghealth:heart_crystal":4,"minecraft:stone_axe":6,"minecraft:air":0,"minecraft:acacia_planks":104},"minecraft:dropped":{"soulsweapons:bluemoon_shortsword":1,"minecraft:warped_fungus":1,"minecraft:cooked_beef":170,"iceandfire:silver_axe":2,"travelersbackpack:standard":1,"iceandfire:armor_copper_metal_boots":1,"minecraft:gold_ingot":6,"minecraft:stone_axe":1,"minecraft:cobbled_deepslate":53,"minecraft:wheat":11,"swem:alfalfa_seeds":1,"minecraft:mossy_stone_brick_slab":1,"minecraft:cooked_mutton":3,"alexsmobs:emu_egg":7,"vanillaplustools:stone_hammer":4,"minecraft:basalt":40,"iceandfire:armor_copper_metal_leggings":1,"minecraft:netherrack":282,"minecraft:wheat_seeds":1,"minecraft:golden_helmet":3,"soulsweapons:bluemoon_greatsword":3,"minecraft:cobblestone":165,"iceandfire:armor_copper_metal_chestplate":1,"minecraft:coal":25,"minecraft:stick":1,"minecraft:torch":11,"scalinghealth:heart_crystal":5,"minecraft:player_head":1,"iceandfire:armor_copper_metal_helmet":1,"minecraft:flint_and_steel":1,"minecraft:diamond_pickaxe":1,"spartanshields:copper_tower_shield":6,"minecraft:stone_pickaxe":9},"minecraft:killed_by":{"minecraft:zombie":19,"minecraft:spider":1},"minecraft:custom":{"minecraft:animals_bred":196,"minecraft:interact_with_crafting_table":93,"minecraft:open_barrel":1,"goblintraders:trade_with_goblin":26,"minecraft:leave_game":11,"minecraft:time_since_death":6250,"minecraft:damage_resisted":145,"minecraft:sprint_one_cm":816123,"minecraft:damage_blocked_by_shield":13701,"minecraft:drop":96,"minecraft:play_time":606233,"minecraft:deaths":40,"minecraft:jump":4405,"minecraft:walk_on_water_one_cm":63327,"minecraft:interact_with_furnace":64,"tombstone:sneak_grave":2,"minecraft:damage_dealt":70145,"minecraft:crouch_one_cm":75173,"tombstone:undead_killed":57,"minecraft:interact_with_smoker":59,"minecraft:horse_one_cm":40945,"minecraft:mob_kills":335,"minecraft:damage_dealt_resisted":1510,"minecraft:climb_one_cm":1758,"minecraft:walk_one_cm":1430731,"minecraft:sneak_time":35024,"minecraft:walk_under_water_one_cm":114920,"minecraft:interact_with_blast_furnace":34,"minecraft:total_world_time":606233,"spartanshields:shield_bash_hits":2,"minecraft:time_since_rest":5679,"minecraft:damage_taken":49359,"minecraft:damage_absorbed":160,"minecraft:trigger_trapped_chest":1,"minecraft:swim_one_cm":64529,"minecraft:fly_one_cm":1062350,"minecraft:open_chest":689,"minecraft:fall_one_cm":181229}},"DataVersion":3465}