{"stats":{"minecraft:broken":{"minecraft:golden_helmet":2,"spartanshields:copper_tower_shield":1,"minecraft:iron_boots":1,"minecraft:iron_leggings":1,"minecraft:shield":1,"minecraft:chainmail_chestplate":1,"iceandfire:armor_copper_metal_leggings":1,"vanillaplustools:stone_hammer":4,"minecraft:stone_axe":2,"iceandfire:armor_copper_metal_boots":1,"iceandfire:armor_copper_metal_helmet":1},"minecraft:used":{"minecraft:iron_bars":10,"minecraft:stone_sword":29,"minecraft:flint_and_steel":7,"minecraft:stone_shovel":3,"minecraft:chest":2,"vanillaplustools:stone_hammer":464,"born_in_chaos_v1:chocolate_heart":1,"minecraft:shield":31,"minecraft:cooked_chicken":1,"minecraft:stone_hoe":32,"minecraft:netherrack":237,"minecraft:torch":116,"minecraft:soul_sand":3,"minecraft:dirt":9,"scalinghealth:heart_crystal":8,"alexsmobs:cooked_kangaroo_meat":1,"minecraft:obsidian":22,"minecraft:tuff":76,"minecraft:granite":7,"minecraft:magma_block":12,"minecraft:warped_fungus":1,"minecraft:hay_block":7,"scalinghealth:bandages":1,"tombstone:gift":6,"minecraft:cooked_beef":153,"minecraft:cobbled_deepslate":101,"minecraft:enchanted_golden_apple":1,"minecraft:cooked_mutton":9,"alexsmobs:boiled_emu_egg":1,"minecraft:golden_boots":1,"minecraft:wheat_seeds":427,"minecraft:water_bucket":14,"minecraft:diorite":19,"minecraft:blackstone":9,"minecraft:sugar_cane":14,"minecraft:mossy_cobblestone":2,"soulsweapons:bluemoon_greatsword":371,"soulsweapons:bluemoon_shortsword":2,"minecraft:blast_furnace":1,"minecraft:crafting_table":2,"vanillaplustools:stone_shovel":80,"iceandfire:silver_axe":201,"minecraft:smoker":1,"minecraft:diamond_pickaxe":409,"minecraft:iron_pickaxe":63,"spartanshields:copper_tower_shield":135,"minecraft:golden_helmet":2,"minecraft:stone_axe":360,"minecraft:cobblestone":111,"travelersbackpack:standard":24,"minecraft:cooked_porkchop":1,"minecraft:andesite":1,"minecraft:bucket":25,"iceandfire:silver_shovel":6,"alexsmobs:emu_egg":7,"minecraft:experience_bottle":11},"minecraft:killed":{"alexsmobs:raccoon":2,"minecraft:spider":2,"born_in_chaos_v1:thornshell_crab":1,"born_in_chaos_v1:maggot":3,"born_in_chaos_v1:firelight":8,"born_in_chaos_v1:baby_spider":1,"minecraft:horse":1,"minecraft:chicken":2,"soulsweapons:evil_forlorn":1,"alexsmobs:soul_vulture":1,"alexsmobs:kangaroo":1,"born_in_chaos_v1:baby_skeleton":2,"alexsmobs:crimson_mosquito":7,"minecraft:sheep":2,"minecraft:zombie":18,"born_in_chaos_v1:dread_hound":1,"soulsweapons:withered_demon":7,"alexsmobs:gazelle":1,"minecraft:cow":150},"minecraft:picked_up":{"minecraft:crafting_table":2,"minecraft:wheat":321,"minecraft:chicken":2,"soulsweapons:moonstone":10,"minecraft:nether_brick":10,"minecraft:shield":1,"soulsweapons:demon_heart":4,"alexsmobs:gazelle_horn":1,"minecraft:string":4,"minecraft:soul_soil":4,"minecraft:raw_copper":58,"alexsmobs:pigshoes":1,"minecraft:blackstone":36,"born_in_chaos_v1:chocolate_heart":1,"alexsmobs:blood_sac":6,"minecraft:gold_nugget":128,"minecraft:cobbled_deepslate":737,"minecraft:beef":77,"minecraft:player_head":1,"minecraft:poppy":1,"alexsmobs:raccoon_tail":2,"minecraft:sugar_cane":172,"minecraft:chest":1,"minecraft:furnace":1,"minecraft:golden_helmet":1,"minecraft:stick":8,"minecraft:raw_iron":28,"minecraft:torch":96,"minecraft:fire_charge":1,"tombstone:grave_dust":1,"minecraft:diorite":69,"minecraft:redstone":32,"minecraft:rotten_flesh":26,"spartanshields:copper_tower_shield":3,"minecraft:hay_block":14,"swem:alfalfa_seeds":8,"alexsmobs:emu_egg":18,"soulsweapons:bluemoon_greatsword":3,"born_in_chaos_v1:spiny_shell":7,"minecraft:iron_bars":10,"minecraft:obsidian":8,"minecraft:mutton":5,"alexsmobs:kangaroo_meat":1,"minecraft:white_wool":6,"minecraft:cobblestone":952,"born_in_chaos_v1:corpse_maggot":3,"swem:timothy_seeds":5,"minecraft:magma_block":20,"minecraft:feather":2,"minecraft:cooked_beef":72,"minecraft:water_bucket":1,"minecraft:andesite":137,"minecraft:leather":50,"minecraft:flint":12,"minecraft:crimson_fungus":1,"minecraft:tuff":144,"minecraft:oak_log":5,"scalinghealth:bandages":1,"minecraft:ancient_debris":12,"jeg:scrap":18,"minecraft:yellow_bed":1,"scalinghealth:heart_crystal":4,"alexsmobs:mosquito_proboscis":1,"skilltree:gem":19,"minecraft:lapis_lazuli":15,"minecraft:dirt":219,"minecraft:cooked_mutton":3,"minecraft:smooth_sandstone":2,"minecraft:bone":3,"minecraft:wheat_seeds":936,"minecraft:raw_gold":1,"scalinghealth:power_crystal_shard":3,"swem:oat_seeds":6,"minecraft:soul_sand":20,"jeg:tech_trash":4,"jeg:advanced_firearm_blueprint":1,"scalinghealth:heart_crystal_shard":28,"minecraft:warped_fungus":3,"minecraft:chiseled_stone_bricks":1,"born_in_chaos_v1:black_argillitepressureplate":1,"minecraft:quartz":47,"swem:cantazarite":40,"minecraft:gravel":64,"minecraft:sand":89,"minecraft:crying_obsidian":2,"minecraft:mossy_cobblestone":4,"travelersbackpack:standard":1,"alexsmobs:kangaroo_hide":1,"born_in_chaos_v1:fire_dust":3,"minecraft:diamond":11,"minecraft:granite":23,"vanillaplustools:stone_hammer":6,"minecraft:bone_meal":2,"soulsweapons:verglas":13,"tombstone:magic_scroll":1,"born_in_chaos_v1:rotten_fish":1,"minecraft:netherrack":1969,"minecraft:coal":70,"minecraft:crimson_roots":3,"iceandfire:raw_silver":13,"minecraft:diamond_pickaxe":1,"minecraft:ender_pearl":3},"minecraft:mined":{"minecraft:nether_gold_ore":38,"minecraft:crying_obsidian":2,"minecraft:tuff":85,"minecraft:farmland":1,"iceandfire:silver_ore":13,"minecraft:mossy_cobblestone":4,"minecraft:deepslate_diamond_ore":9,"minecraft:cobblestone_stairs":1,"minecraft:obsidian":6,"swem:cantazarite_ore":6,"minecraft:granite":44,"minecraft:grass_block":67,"minecraft:crimson_roots":4,"iceandfire:deepslate_silver_ore":2,"minecraft:soul_soil":4,"minecraft:chiseled_stone_bricks":1,"minecraft:crimson_fungus":1,"minecraft:hay_block":18,"minecraft:magma_block":19,"minecraft:iron_ore":27,"minecraft:fire":9,"minecraft:cobbled_deepslate":23,"minecraft:andesite":83,"treechop:chopped_log":1,"soulsweapons:moonstone_ore_deepslate":5,"minecraft:dirt_path":2,"minecraft:iron_bars":10,"minecraft:stone":919,"minecraft:deepslate_redstone_ore":9,"minecraft:soul_sand":11,"minecraft:blackstone":34,"soulsweapons:verglas_ore_deepslate":6,"minecraft:crimson_nylium":8,"born_in_chaos_v1:infected_deepslate_diamond_ore":1,"minecraft:crafting_table":2,"minecraft:torch":3,"minecraft:nether_quartz_ore":52,"minecraft:copper_ore":18,"swem:star_worm_cobble":1,"minecraft:tall_grass":5,"minecraft:cobblestone":29,"minecraft:deepslate_gold_ore":1,"minecraft:lapis_ore":5,"minecraft:sugar_cane":141,"minecraft:wall_torch":8,"minecraft:diorite":51,"jeg:deepslate_scrap_ore":5,"minecraft:wheat":380,"minecraft:warped_fungus":3,"minecraft:grass":25,"minecraft:coal_ore":81,"minecraft:oak_log":1,"minecraft:gravel":124,"minecraft:sand":117,"minecraft:dirt":146,"minecraft:fern":1,"minecraft:ancient_debris":12,"minecraft:netherrack":1984,"minecraft:deepslate":684,"soulsweapons:verglas_ore":6},"minecraft:crafted":{"minecraft:saddle":1,"minecraft:smooth_stone":3,"minecraft:oak_planks":48,"vanillaplustools:stone_hammer":5,"iceandfire:silver_shovel":1,"minecraft:cooked_chicken":1,"spartanshields:wooden_tower_shield":7,"minecraft:furnace":1,"minecraft:blast_furnace":1,"iceandfire:armor_copper_metal_leggings":2,"minecraft:stone":3,"travelersbackpack:blank_upgrade":4,"iceandfire:armor_copper_metal_helmet":2,"minecraft:cooked_mutton":8,"iceandfire:armor_copper_metal_boots":2,"minecraft:flint_and_steel":1,"minecraft:glass":64,"travelersbackpack:white_sleeping_bag":2,"spartanshields:copper_tower_shield":7,"iceandfire:armor_copper_metal_chestplate":2,"minecraft:stone_pickaxe":51,"minecraft:chest":5,"minecraft:netherite_scrap":15,"minecraft:stone_hoe":1,"minecraft:golden_helmet":4,"soulsweapons:bluemoon_greatsword":1,"iceandfire:silver_axe":1,"minecraft:cooked_beef":196,"soulsweapons:bluemoon_shortsword":1,"minecraft:emerald":23,"minecraft:cooked_porkchop":1,"iceandfire:silver_ingot":31,"minecraft:crafting_table":1,"travelersbackpack:backpack_tank":6,"travelersbackpack:standard":2,"alexsmobs:cooked_kangaroo_meat":1,"alexsmobs:boiled_emu_egg":1,"minecraft:copper_ingot":158,"scalinghealth:heart_crystal":4,"minecraft:stone_axe":5,"minecraft:air":0,"minecraft:diamond_pickaxe":1,"minecraft:stick":144,"minecraft:leather_chestplate":1,"minecraft:iron_ingot":41,"minecraft:gold_ingot":14,"minecraft:acacia_planks":104},"minecraft:dropped":{"soulsweapons:bluemoon_shortsword":1,"minecraft:wheat_seeds":1,"minecraft:golden_helmet":3,"minecraft:warped_fungus":1,"minecraft:cooked_beef":136,"soulsweapons:bluemoon_greatsword":3,"iceandfire:armor_copper_metal_chestplate":1,"minecraft:cobblestone":165,"travelersbackpack:standard":1,"minecraft:coal":25,"minecraft:stick":1,"minecraft:torch":11,"scalinghealth:heart_crystal":5,"iceandfire:armor_copper_metal_boots":1,"minecraft:gold_ingot":6,"minecraft:stone_axe":1,"minecraft:player_head":1,"minecraft:wheat":11,"swem:alfalfa_seeds":1,"minecraft:mossy_stone_brick_slab":1,"iceandfire:armor_copper_metal_helmet":1,"minecraft:cooked_mutton":3,"alexsmobs:emu_egg":7,"minecraft:flint_and_steel":1,"spartanshields:copper_tower_shield":6,"vanillaplustools:stone_hammer":4,"minecraft:stone_pickaxe":9,"iceandfire:armor_copper_metal_leggings":1,"minecraft:netherrack":256},"minecraft:killed_by":{"minecraft:zombie":6},"minecraft:custom":{"minecraft:mob_kills":211,"minecraft:animals_bred":140,"minecraft:interact_with_crafting_table":82,"minecraft:open_barrel":1,"goblintraders:trade_with_goblin":26,"minecraft:damage_dealt_resisted":179,"minecraft:leave_game":10,"minecraft:time_since_death":15614,"minecraft:damage_resisted":145,"minecraft:climb_one_cm":1574,"minecraft:sprint_one_cm":661448,"minecraft:walk_one_cm":1071181,"minecraft:damage_blocked_by_shield":11061,"minecraft:drop":85,"minecraft:play_time":444973,"minecraft:deaths":22,"minecraft:sneak_time":25467,"minecraft:walk_under_water_one_cm":66323,"minecraft:jump":3552,"minecraft:interact_with_blast_furnace":33,"minecraft:walk_on_water_one_cm":16650,"minecraft:total_world_time":444973,"minecraft:interact_with_furnace":52,"spartanshields:shield_bash_hits":2,"minecraft:time_since_rest":15316,"minecraft:damage_taken":31954,"minecraft:damage_absorbed":160,"minecraft:trigger_trapped_chest":1,"minecraft:damage_dealt":46064,"minecraft:swim_one_cm":61715,"minecraft:fly_one_cm":787810,"minecraft:open_chest":579,"minecraft:crouch_one_cm":57804,"tombstone:undead_killed":28,"minecraft:fall_one_cm":130882,"minecraft:interact_with_smoker":48,"minecraft:horse_one_cm":38982}},"DataVersion":3465}