{"stats":{"minecraft:broken":{"minecraft:shield":1,"iceandfire:armor_copper_metal_leggings":1,"vanillaplustools:stone_hammer":1,"minecraft:stone_axe":1,"iceandfire:armor_copper_metal_boots":1,"iceandfire:armor_copper_metal_helmet":1},"minecraft:used":{"minecraft:stone_sword":29,"minecraft:flint_and_steel":1,"minecraft:stone_shovel":3,"minecraft:chest":2,"born_in_chaos_v1:chocolate_heart":1,"minecraft:shield":31,"minecraft:cooked_chicken":1,"minecraft:stone_hoe":4,"vanillaplustools:stone_hammer":186,"minecraft:torch":66,"minecraft:dirt":8,"scalinghealth:heart_crystal":4,"alexsmobs:cooked_kangaroo_meat":1,"minecraft:tuff":41,"minecraft:granite":7,"minecraft:obsidian":12,"tombstone:gift":6,"minecraft:cooked_beef":30,"minecraft:cobbled_deepslate":29,"alexsmobs:boiled_emu_egg":1,"minecraft:golden_boots":1,"minecraft:cooked_mutton":4,"minecraft:wheat_seeds":221,"minecraft:water_bucket":7,"minecraft:diorite":15,"minecraft:sugar_cane":9,"soulsweapons:bluemoon_greatsword":74,"soulsweapons:bluemoon_shortsword":2,"minecraft:blast_furnace":1,"vanillaplustools:stone_shovel":46,"minecraft:smoker":1,"minecraft:diamond_pickaxe":17,"minecraft:iron_pickaxe":63,"spartanshields:copper_tower_shield":75,"minecraft:stone_axe":93,"minecraft:cobblestone":7,"travelersbackpack:standard":6,"minecraft:andesite":1,"minecraft:bucket":18,"minecraft:experience_bottle":11,"alexsmobs:emu_egg":5},"minecraft:killed":{"minecraft:spider":2,"born_in_chaos_v1:maggot":1,"minecraft:chicken":1,"alexsmobs:kangaroo":1,"minecraft:zombie":12,"born_in_chaos_v1:dread_hound":1,"alexsmobs:gazelle":1,"minecraft:cow":23},"minecraft:picked_up":{"minecraft:wheat":164,"minecraft:chicken":1,"soulsweapons:moonstone":10,"minecraft:shield":1,"minecraft:raw_copper":26,"alexsmobs:gazelle_horn":1,"minecraft:string":4,"born_in_chaos_v1:chocolate_heart":1,"minecraft:cobbled_deepslate":710,"minecraft:beef":7,"minecraft:poppy":1,"minecraft:sugar_cane":97,"minecraft:chest":1,"minecraft:furnace":1,"minecraft:raw_iron":19,"minecraft:torch":92,"tombstone:grave_dust":1,"minecraft:diorite":46,"minecraft:redstone":32,"minecraft:rotten_flesh":19,"spartanshields:copper_tower_shield":1,"swem:alfalfa_seeds":5,"alexsmobs:emu_egg":13,"soulsweapons:bluemoon_greatsword":1,"minecraft:mutton":1,"alexsmobs:kangaroo_meat":1,"minecraft:white_wool":2,"minecraft:cobblestone":469,"minecraft:magma_block":1,"swem:timothy_seeds":3,"minecraft:feather":1,"minecraft:cooked_beef":5,"minecraft:water_bucket":1,"minecraft:andesite":46,"minecraft:leather":9,"minecraft:flint":9,"minecraft:crimson_fungus":1,"minecraft:tuff":126,"jeg:scrap":18,"minecraft:yellow_bed":1,"scalinghealth:heart_crystal":2,"skilltree:gem":9,"minecraft:lapis_lazuli":15,"minecraft:dirt":94,"minecraft:cooked_mutton":3,"minecraft:bone":1,"minecraft:wheat_seeds":480,"minecraft:raw_gold":1,"swem:oat_seeds":2,"jeg:tech_trash":4,"scalinghealth:heart_crystal_shard":7,"swem:cantazarite":33,"minecraft:gravel":24,"minecraft:sand":89,"alexsmobs:kangaroo_hide":1,"minecraft:diamond":11,"minecraft:granite":20,"vanillaplustools:stone_hammer":1,"minecraft:bone_meal":1,"soulsweapons:verglas":12,"minecraft:diamond_pickaxe":1,"minecraft:coal":47,"iceandfire:raw_silver":13,"minecraft:crimson_roots":1,"minecraft:ender_pearl":3},"minecraft:mined":{"minecraft:tuff":68,"iceandfire:silver_ore":13,"minecraft:deepslate_diamond_ore":8,"minecraft:granite":41,"swem:cantazarite_ore":5,"minecraft:grass_block":36,"minecraft:crimson_roots":1,"iceandfire:deepslate_silver_ore":2,"minecraft:crimson_fungus":1,"minecraft:iron_ore":18,"minecraft:cobbled_deepslate":1,"minecraft:andesite":43,"soulsweapons:moonstone_ore_deepslate":5,"minecraft:dirt_path":2,"minecraft:stone":583,"minecraft:deepslate_redstone_ore":9,"soulsweapons:verglas_ore_deepslate":6,"minecraft:torch":1,"swem:star_worm_cobble":1,"minecraft:copper_ore":8,"minecraft:cobblestone":7,"minecraft:lapis_ore":5,"minecraft:deepslate_gold_ore":1,"minecraft:sugar_cane":88,"minecraft:diorite":40,"minecraft:wall_torch":4,"jeg:deepslate_scrap_ore":5,"minecraft:wheat":189,"minecraft:grass":11,"minecraft:coal_ore":58,"minecraft:gravel":49,"minecraft:sand":117,"minecraft:dirt":78,"minecraft:deepslate":674,"soulsweapons:verglas_ore":5},"minecraft:crafted":{"minecraft:smooth_stone":3,"minecraft:oak_planks":32,"vanillaplustools:stone_hammer":5,"minecraft:cooked_chicken":1,"spartanshields:wooden_tower_shield":3,"minecraft:furnace":1,"minecraft:blast_furnace":1,"iceandfire:armor_copper_metal_leggings":2,"minecraft:stone":3,"travelersbackpack:blank_upgrade":4,"minecraft:cooked_mutton":3,"iceandfire:armor_copper_metal_boots":2,"iceandfire:armor_copper_metal_helmet":2,"minecraft:glass":64,"travelersbackpack:white_sleeping_bag":2,"spartanshields:copper_tower_shield":3,"minecraft:stone_pickaxe":42,"iceandfire:armor_copper_metal_chestplate":2,"minecraft:chest":5,"soulsweapons:bluemoon_greatsword":1,"minecraft:cooked_beef":42,"soulsweapons:bluemoon_shortsword":1,"iceandfire:silver_ingot":31,"travelersbackpack:backpack_tank":6,"travelersbackpack:standard":2,"alexsmobs:cooked_kangaroo_meat":1,"alexsmobs:boiled_emu_egg":1,"minecraft:copper_ingot":96,"minecraft:air":0,"minecraft:diamond_pickaxe":1,"minecraft:stick":144,"minecraft:iron_ingot":33,"minecraft:acacia_planks":104},"minecraft:dropped":{"soulsweapons:bluemoon_shortsword":1,"minecraft:wheat_seeds":1,"minecraft:cooked_beef":23,"soulsweapons:bluemoon_greatsword":1,"iceandfire:armor_copper_metal_chestplate":1,"travelersbackpack:standard":1,"scalinghealth:heart_crystal":3,"iceandfire:armor_copper_metal_boots":1,"minecraft:mossy_stone_brick_slab":1,"iceandfire:armor_copper_metal_helmet":1,"minecraft:cooked_mutton":3,"alexsmobs:emu_egg":7,"spartanshields:copper_tower_shield":2,"vanillaplustools:stone_hammer":3,"iceandfire:armor_copper_metal_leggings":1},"minecraft:killed_by":{"minecraft:zombie":5},"minecraft:custom":{"minecraft:mob_kills":42,"minecraft:animals_bred":68,"minecraft:interact_with_crafting_table":58,"minecraft:open_barrel":1,"minecraft:damage_dealt_resisted":4,"minecraft:leave_game":7,"minecraft:time_since_death":2010,"minecraft:sprint_one_cm":262120,"minecraft:walk_one_cm":447031,"minecraft:damage_blocked_by_shield":7385,"minecraft:drop":29,"minecraft:play_time":212574,"minecraft:deaths":10,"minecraft:sneak_time":5302,"minecraft:walk_under_water_one_cm":19600,"minecraft:jump":1112,"minecraft:interact_with_blast_furnace":25,"minecraft:walk_on_water_one_cm":7020,"minecraft:total_world_time":212574,"spartanshields:shield_bash_hits":1,"minecraft:interact_with_furnace":44,"minecraft:time_since_rest":1399,"minecraft:damage_taken":10064,"minecraft:trigger_trapped_chest":1,"minecraft:damage_dealt":8027,"minecraft:swim_one_cm":27385,"minecraft:fly_one_cm":315016,"minecraft:open_chest":366,"minecraft:crouch_one_cm":10093,"tombstone:undead_killed":12,"minecraft:interact_with_smoker":25,"minecraft:fall_one_cm":63809}},"DataVersion":3465}