{"stats":{"minecraft:mined":{"minecraft:grass":1,"treechop:chopped_log":1,"minecraft:oak_leaves":2},"minecraft:picked_up":{"minecraft:stick":1,"minecraft:oak_log":4,"minecraft:oak_sapling":2,"minecraft:wheat_seeds":1},"minecraft:custom":{"minecraft:jump":6,"minecraft:time_since_rest":3543,"minecraft:sprint_one_cm":2464,"minecraft:play_time":3543,"minecraft:walk_on_water_one_cm":4,"minecraft:time_since_death":3543,"minecraft:walk_one_cm":3286,"minecraft:total_world_time":3543,"minecraft:fall_one_cm":836,"minecraft:fly_one_cm":1912}},"DataVersion":3465}