{"stats":{"minecraft:picked_up":{"swem:timothy_seeds":9,"minecraft:crafting_table":1,"minecraft:clay_ball":8,"minecraft:andesite":20,"minecraft:leather":2,"alexsmobs:acacia_blossom":9,"minecraft:oak_log":59,"tombstone:grave_key":1,"scalinghealth:bandages":1,"iceandfire:ectoplasm":1,"alexsmobs:cooked_kangaroo_meat":5,"minecraft:shield":2,"minecraft:amethyst_block":4,"scalinghealth:heart_crystal":1,"skilltree:gem":1,"alexsmobs:gazelle_horn":3,"minecraft:dirt":347,"minecraft:string":4,"minecraft:raw_copper":19,"jeg:grenade":1,"minecraft:cooked_mutton":1,"minecraft:apple":1,"vanillaplustools:stone_shovel":1,"minecraft:wheat_seeds":17,"minecraft:stone_pickaxe":3,"minecraft:beef":2,"minecraft:cobblestone_slab":175,"minecraft:light_gray_wool":1,"swem:oat_seeds":12,"minecraft:acacia_sapling":116,"minecraft:furnace":2,"minecraft:stick":50,"minecraft:raw_iron":8,"minecraft:copper_ingot":5,"minecraft:torch":1,"minecraft:acacia_log":258,"minecraft:porkchop":7,"minecraft:diorite":6,"minecraft:rotten_flesh":2,"minecraft:stone_sword":2,"minecraft:stone_shovel":1,"minecraft:stone_axe":2,"minecraft:granite":3,"swem:alfalfa_seeds":11,"vanillaplustools:stone_hammer":2,"scalinghealth:cursed_heart":1,"minecraft:oak_sapling":18,"minecraft:mutton":7,"minecraft:coal":11,"minecraft:white_wool":1,"minecraft:cobblestone":471},"minecraft:used":{"minecraft:wheat_seeds":1,"minecraft:cooked_mutton":5,"minecraft:stone_sword":87,"minecraft:acacia_log":26,"minecraft:stone_shovel":58,"minecraft:stone_pickaxe":92,"minecraft:chest":2,"vanillaplustools:stone_hammer":61,"minecraft:cobblestone_slab":185,"minecraft:torch":2,"minecraft:dirt":171,"scalinghealth:heart_crystal":1,"minecraft:crafting_table":2,"alexsmobs:cooked_kangaroo_meat":1,"vanillaplustools:stone_shovel":31,"scalinghealth:cursed_heart":1,"minecraft:smoker":1,"minecraft:apple":1,"minecraft:stone_axe":227,"minecraft:cobblestone":18,"minecraft:beef":1,"minecraft:furnace":3,"minecraft:oak_sapling":3,"minecraft:porkchop":1,"scalinghealth:bandages":1},"minecraft:custom":{"minecraft:interact_with_furnace":20,"minecraft:mob_kills":22,"minecraft:interact_with_crafting_table":34,"minecraft:leave_game":5,"minecraft:time_since_death":15406,"minecraft:climb_one_cm":305,"minecraft:time_since_rest":13868,"minecraft:sprint_one_cm":250836,"minecraft:damage_taken":13778,"minecraft:walk_one_cm":330570,"minecraft:drop":53,"minecraft:damage_dealt":2432,"minecraft:swim_one_cm":65433,"minecraft:fly_one_cm":373066,"minecraft:open_chest":106,"minecraft:crouch_one_cm":47584,"minecraft:play_time":148879,"tombstone:undead_killed":1,"minecraft:deaths":10,"minecraft:sneak_time":14438,"minecraft:walk_under_water_one_cm":75886,"minecraft:jump":1655,"minecraft:walk_on_water_one_cm":31393,"minecraft:interact_with_smoker":5,"minecraft:total_world_time":148879,"minecraft:fall_one_cm":96991},"minecraft:mined":{"minecraft:oak_sapling":3,"minecraft:crafting_table":1,"minecraft:torch":1,"minecraft:granite":3,"minecraft:acacia_log":9,"minecraft:grass_block":94,"minecraft:copper_ore":5,"minecraft:tall_grass":2,"minecraft:cobblestone":18,"minecraft:diorite":6,"minecraft:amethyst_block":9,"minecraft:furnace":2,"minecraft:iron_ore":9,"minecraft:andesite":20,"treechop:chopped_log":29,"minecraft:grass":68,"minecraft:oak_log":1,"minecraft:coal_ore":12,"minecraft:cobblestone_slab":5,"minecraft:dirt":158,"minecraft:stone":468,"minecraft:oak_leaves":3},"minecraft:killed":{"minecraft:pig":5,"alexsmobs:rhinoceros":1,"born_in_chaos_v1:scarlet_persecutor":1,"minecraft:sheep":1,"alexsmobs:gazelle":9,"minecraft:drowned":1,"minecraft:cow":1},"minecraft:dropped":{"minecraft:wheat_seeds":16,"alexsmobs:acacia_blossom":9,"minecraft:oak_log":10,"minecraft:stone_sword":1,"minecraft:raw_iron":3,"swem:alfalfa_seeds":11,"minecraft:cobblestone":373,"minecraft:rotten_flesh":2,"minecraft:amethyst_block":1,"minecraft:acacia_log":137,"minecraft:coal":9,"minecraft:dirt":64,"swem:timothy_seeds":7,"minecraft:shield":1,"minecraft:diorite":6,"tombstone:grave_key":1,"minecraft:andesite":20,"skilltree:gem":1,"minecraft:acacia_sapling":54,"minecraft:stone_pickaxe":2,"swem:oat_seeds":14},"minecraft:killed_by":{"minecraft:zombie":2,"born_in_chaos_v1:scarlet_persecutor":1,"minecraft:drowned":4},"minecraft:crafted":{"minecraft:cobblestone_slab":60,"minecraft:cooked_porkchop":3,"minecraft:crafting_table":1,"minecraft:cooked_chicken":1,"minecraft:furnace":2,"minecraft:cooked_mutton":4,"minecraft:stone_pickaxe":1,"minecraft:chest":2,"minecraft:acacia_planks":60,"minecraft:torch":52,"minecraft:smoker":1},"minecraft:broken":{"minecraft:stone_pickaxe":1,"minecraft:stone_axe":1}},"DataVersion":3465}