{"stats":{"minecraft:custom":{"minecraft:time_since_rest":11910,"minecraft:walk_one_cm":44545,"minecraft:sprint_one_cm":47767,"minecraft:damage_taken":1155,"minecraft:drop":18,"minecraft:animals_bred":7,"minecraft:damage_dealt":10,"minecraft:swim_one_cm":5449,"minecraft:fly_one_cm":41871,"minecraft:open_chest":43,"minecraft:crouch_one_cm":75,"minecraft:play_time":28339,"minecraft:deaths":1,"minecraft:sneak_time":280,"minecraft:walk_under_water_one_cm":5359,"minecraft:jump":172,"minecraft:time_since_death":12711,"minecraft:walk_on_water_one_cm":685,"minecraft:total_world_time":28339,"minecraft:interact_with_smoker":1,"minecraft:fall_one_cm":10914,"minecraft:horse_one_cm":1694},"minecraft:used":{"alexsmobs:emu_egg":3,"minecraft:cooked_mutton":1,"vanillaplustools:stone_hammer":6,"vanillaplustools:stone_shovel":10,"tombstone:gift":2,"minecraft:smoker":1},"minecraft:dropped":{"swem:timothy_seeds":1,"minecraft:stone_axe":1,"alexsmobs:gazelle_horn":2,"minecraft:oak_log":63,"minecraft:stone_sword":1,"tombstone:gift":1,"minecraft:stone_shovel":1,"vanillaplustools:stone_hammer":1,"swem:alfalfa_seeds":3,"tombstone:grave_dust":2,"minecraft:stone_pickaxe":1,"jeg:scrap":6,"alexsmobs:emu_egg":7,"minecraft:string":1,"jeg:tech_trash":2,"swem:oat_seeds":2},"minecraft:mined":{"minecraft:iron_ore":1,"minecraft:wheat":54,"minecraft:grass":4,"minecraft:grass_block":9,"minecraft:dirt":41,"minecraft:stone":43,"minecraft:diorite":3},"minecraft:picked_up":{"minecraft:raw_iron":1,"minecraft:wheat":41,"minecraft:cooked_beef":3,"minecraft:oak_log":63,"minecraft:diorite":3,"scalinghealth:heart_crystal":1,"minecraft:dirt":50,"minecraft:cooked_mutton":1,"minecraft:wheat_seeds":133,"swem:alfalfa_seeds":1,"alexsmobs:emu_egg":9,"swem:oat_seeds":1,"minecraft:cobblestone":44}},"DataVersion":3465}