{"stats":{"minecraft:used":{"minecraft:stone_sword":17,"minecraft:stone_axe":128,"minecraft:dirt":1,"scalinghealth:cursed_heart":1},"minecraft:custom":{"minecraft:time_since_rest":6969,"minecraft:sprint_one_cm":68059,"minecraft:damage_taken":1748,"minecraft:walk_one_cm":37558,"minecraft:mob_kills":5,"minecraft:drop":18,"minecraft:damage_dealt":424,"minecraft:interact_with_crafting_table":1,"minecraft:fly_one_cm":70705,"minecraft:crouch_one_cm":1807,"minecraft:play_time":18543,"minecraft:deaths":1,"minecraft:sneak_time":888,"minecraft:walk_under_water_one_cm":9645,"minecraft:jump":284,"minecraft:leave_game":2,"minecraft:walk_on_water_one_cm":2359,"minecraft:time_since_death":8188,"minecraft:total_world_time":18543,"minecraft:fall_one_cm":19815},"minecraft:picked_up":{"minecraft:stick":30,"swem:timothy_seeds":4,"alexsmobs:acacia_blossom":6,"minecraft:acacia_log":210,"minecraft:oak_log":20,"alexsmobs:gazelle_horn":2,"minecraft:dirt":1,"minecraft:stone_sword":1,"minecraft:stone_shovel":1,"minecraft:stone_axe":1,"minecraft:wheat_seeds":2,"swem:alfalfa_seeds":1,"minecraft:stone_pickaxe":1,"scalinghealth:cursed_heart":1,"minecraft:oak_sapling":2,"swem:oat_seeds":1,"minecraft:mutton":2,"minecraft:acacia_sapling":108},"minecraft:mined":{"treechop:chopped_log":18,"minecraft:grass":18,"minecraft:grass_block":1,"minecraft:dirt":1,"minecraft:tall_grass":1},"minecraft:dropped":{"swem:timothy_seeds":3,"minecraft:wheat_seeds":2,"alexsmobs:acacia_blossom":6,"minecraft:oak_log":10,"minecraft:acacia_sapling":54,"swem:alfalfa_seeds":1,"minecraft:acacia_log":137,"swem:oat_seeds":1},"minecraft:killed":{"alexsmobs:gazelle":5}},"DataVersion":3465}