{"stats":{"minecraft:picked_up":{"minecraft:crafting_table":1,"minecraft:wheat":1,"minecraft:clay_ball":8,"tombstone:grave_key":1,"minecraft:shield":2,"minecraft:amethyst_block":4,"alexsmobs:gazelle_horn":3,"minecraft:string":4,"minecraft:raw_copper":19,"vanillaplustools:stone_shovel":1,"minecraft:beef":5,"minecraft:cobblestone_slab":177,"minecraft:iron_pickaxe":1,"minecraft:light_gray_wool":1,"minecraft:birch_sapling":2,"minecraft:furnace":2,"minecraft:stick":71,"minecraft:raw_iron":8,"minecraft:copper_ingot":5,"minecraft:torch":7,"minecraft:acacia_log":272,"minecraft:porkchop":14,"minecraft:diorite":6,"minecraft:rotten_flesh":2,"minecraft:stone_shovel":1,"minecraft:stone_sword":2,"swem:alfalfa_seeds":18,"alexsmobs:emu_egg":1,"minecraft:mutton":10,"minecraft:cobblestone":511,"minecraft:white_wool":2,"paraglider:paraglider":1,"swem:timothy_seeds":17,"minecraft:andesite":20,"minecraft:acacia_leaves":2,"minecraft:leather":4,"alexsmobs:acacia_blossom":9,"minecraft:smoker":1,"minecraft:oak_log":122,"scalinghealth:bandages":1,"iceandfire:ectoplasm":1,"alexsmobs:cooked_kangaroo_meat":5,"scalinghealth:heart_crystal":1,"skilltree:gem":1,"minecraft:dirt":361,"jeg:grenade":1,"minecraft:cooked_mutton":1,"minecraft:apple":4,"minecraft:wheat_seeds":32,"minecraft:stone_pickaxe":3,"scalinghealth:power_crystal_shard":4,"swem:oat_seeds":15,"minecraft:acacia_sapling":120,"scalinghealth:heart_crystal_shard":12,"minecraft:cooked_porkchop":2,"minecraft:sand":10,"minecraft:stone_axe":3,"minecraft:granite":3,"vanillaplustools:stone_hammer":2,"minecraft:bone_meal":1,"scalinghealth:cursed_heart":4,"minecraft:oak_sapling":51,"minecraft:coal":11},"minecraft:used":{"alexsmobs:emu_egg":1,"minecraft:stone_sword":149,"minecraft:acacia_log":26,"minecraft:stone_shovel":62,"minecraft:chest":2,"born_in_chaos_v1:smoked_fish":1,"vanillaplustools:stone_hammer":72,"minecraft:cooked_chicken":1,"minecraft:torch":8,"minecraft:dirt":171,"scalinghealth:heart_crystal":1,"alexsmobs:cooked_kangaroo_meat":5,"minecraft:beef":3,"minecraft:furnace":3,"minecraft:oak_sapling":3,"minecraft:acacia_fence":17,"scalinghealth:bandages":1,"minecraft:cooked_beef":1,"minecraft:wheat_seeds":8,"minecraft:cooked_mutton":8,"minecraft:stone_pickaxe":184,"minecraft:cobblestone_slab":325,"minecraft:crafting_table":2,"vanillaplustools:stone_shovel":38,"scalinghealth:cursed_heart":3,"minecraft:smoker":1,"minecraft:apple":4,"minecraft:stone_axe":368,"minecraft:cobblestone":315,"minecraft:cooked_porkchop":3,"minecraft:porkchop":1},"minecraft:custom":{"minecraft:mob_kills":34,"minecraft:interact_with_crafting_table":37,"minecraft:leave_game":6,"minecraft:time_since_death":82690,"minecraft:climb_one_cm":305,"minecraft:sprint_one_cm":385369,"minecraft:walk_one_cm":490507,"minecraft:drop":65,"minecraft:play_time":216163,"minecraft:deaths":10,"minecraft:sneak_time":29604,"minecraft:walk_under_water_one_cm":89347,"minecraft:jump":2673,"minecraft:walk_on_water_one_cm":40662,"minecraft:total_world_time":216163,"minecraft:interact_with_furnace":30,"minecraft:time_since_rest":81152,"minecraft:damage_taken":15122,"minecraft:damage_dealt":4314,"minecraft:swim_one_cm":83546,"minecraft:fly_one_cm":542459,"minecraft:open_chest":163,"minecraft:crouch_one_cm":99677,"tombstone:undead_killed":1,"minecraft:interact_with_smoker":10,"minecraft:fall_one_cm":112724},"minecraft:mined":{"minecraft:oak_sapling":3,"minecraft:granite":3,"minecraft:acacia_log":9,"minecraft:grass_block":103,"minecraft:furnace":2,"minecraft:iron_ore":9,"minecraft:andesite":20,"treechop:chopped_log":40,"minecraft:cobblestone_slab":14,"minecraft:stone":468,"minecraft:crafting_table":1,"minecraft:torch":8,"minecraft:cobblestone":118,"minecraft:tall_grass":6,"minecraft:copper_ore":5,"minecraft:diorite":6,"minecraft:amethyst_block":9,"minecraft:wheat":2,"minecraft:grass":133,"minecraft:oak_log":2,"minecraft:coal_ore":12,"minecraft:sand":10,"minecraft:dirt":169,"minecraft:oak_leaves":8},"minecraft:killed":{"born_in_chaos_v1:scarlet_persecutor":1,"minecraft:drowned":1,"born_in_chaos_v1:corpse_fish":1,"minecraft:pig":11,"alexsmobs:rhinoceros":1,"minecraft:sheep":3,"alexsmobs:gazelle":10,"minecraft:cow":3},"minecraft:dropped":{"minecraft:porkchop":7,"minecraft:wheat_seeds":24,"minecraft:oak_log":10,"scalinghealth:cursed_heart":1,"minecraft:cooked_porkchop":3,"minecraft:cobblestone":373,"scalinghealth:heart_crystal_shard":6,"minecraft:amethyst_block":1,"minecraft:acacia_log":137,"minecraft:coal":9,"minecraft:dirt":64,"minecraft:diorite":6,"tombstone:grave_key":1,"skilltree:gem":1,"swem:oat_seeds":15,"alexsmobs:acacia_blossom":9,"minecraft:stone_sword":1,"minecraft:raw_iron":3,"swem:alfalfa_seeds":11,"minecraft:rotten_flesh":2,"swem:timothy_seeds":8,"minecraft:shield":1,"minecraft:andesite":20,"minecraft:acacia_sapling":54,"minecraft:stone_pickaxe":2,"minecraft:acacia_fence":4},"minecraft:broken":{"minecraft:stone_pickaxe":1,"minecraft:stone_axe":2},"minecraft:killed_by":{"minecraft:drowned":4,"minecraft:zombie":2,"born_in_chaos_v1:scarlet_persecutor":1},"minecraft:crafted":{"minecraft:cobblestone_slab":150,"minecraft:cooked_chicken":1,"minecraft:furnace":2,"paraglider:deku_leaf":1,"minecraft:cooked_mutton":7,"minecraft:glass":2,"minecraft:stone_pickaxe":1,"minecraft:chest":2,"minecraft:acacia_fence":21,"minecraft:smoker":1,"minecraft:cooked_beef":1,"born_in_chaos_v1:smoked_fish":1,"minecraft:cooked_porkchop":4,"minecraft:crafting_table":1,"minecraft:stick":12,"minecraft:acacia_planks":60,"minecraft:torch":52}},"DataVersion":3465}