{"stats":{"minecraft:picked_up":{"swem:timothy_seeds":5,"minecraft:andesite":20,"minecraft:leather":2,"alexsmobs:acacia_blossom":7,"minecraft:oak_log":20,"alexsmobs:cooked_kangaroo_meat":1,"skilltree:gem":1,"alexsmobs:gazelle_horn":3,"minecraft:dirt":40,"minecraft:string":4,"jeg:grenade":1,"vanillaplustools:stone_shovel":1,"minecraft:wheat_seeds":7,"minecraft:stone_pickaxe":3,"minecraft:beef":2,"minecraft:cobblestone_slab":55,"minecraft:light_gray_wool":1,"swem:oat_seeds":4,"minecraft:acacia_sapling":110,"minecraft:stick":30,"minecraft:raw_iron":2,"minecraft:acacia_log":213,"minecraft:diorite":6,"minecraft:rotten_flesh":2,"minecraft:stone_sword":1,"minecraft:stone_shovel":1,"minecraft:stone_axe":1,"swem:alfalfa_seeds":5,"vanillaplustools:stone_hammer":2,"scalinghealth:cursed_heart":1,"minecraft:oak_sapling":3,"minecraft:mutton":7,"minecraft:coal":11,"minecraft:white_wool":1,"minecraft:cobblestone":413},"minecraft:used":{"minecraft:cooked_mutton":4,"minecraft:stone_sword":56,"minecraft:acacia_log":11,"minecraft:stone_shovel":46,"minecraft:stone_pickaxe":76,"vanillaplustools:stone_hammer":49,"minecraft:cobblestone_slab":113,"minecraft:dirt":40,"alexsmobs:cooked_kangaroo_meat":1,"scalinghealth:cursed_heart":1,"minecraft:stone_axe":138,"minecraft:cobblestone":7,"minecraft:beef":1,"minecraft:oak_sapling":3},"minecraft:custom":{"minecraft:interact_with_furnace":10,"minecraft:mob_kills":16,"minecraft:interact_with_crafting_table":14,"minecraft:leave_game":4,"minecraft:time_since_death":14389,"minecraft:time_since_rest":8804,"minecraft:sprint_one_cm":143217,"minecraft:damage_taken":11156,"minecraft:walk_one_cm":172145,"minecraft:drop":40,"minecraft:damage_dealt":1712,"minecraft:swim_one_cm":48533,"minecraft:fly_one_cm":214227,"minecraft:open_chest":23,"minecraft:crouch_one_cm":24955,"minecraft:play_time":81239,"tombstone:undead_killed":1,"minecraft:deaths":5,"minecraft:sneak_time":7185,"minecraft:walk_under_water_one_cm":40192,"minecraft:jump":946,"minecraft:walk_on_water_one_cm":19815,"minecraft:total_world_time":81239,"minecraft:fall_one_cm":80163},"minecraft:mined":{"minecraft:oak_sapling":2,"minecraft:acacia_log":1,"minecraft:grass_block":21,"minecraft:tall_grass":1,"minecraft:cobblestone":11,"minecraft:diorite":6,"minecraft:iron_ore":2,"minecraft:andesite":20,"treechop:chopped_log":18,"minecraft:grass":40,"minecraft:coal_ore":12,"minecraft:cobblestone_slab":1,"minecraft:dirt":20,"minecraft:stone":414},"minecraft:killed":{"born_in_chaos_v1:scarlet_persecutor":1,"minecraft:sheep":1,"alexsmobs:gazelle":9,"minecraft:drowned":1,"minecraft:cow":1},"minecraft:dropped":{"minecraft:wheat_seeds":7,"alexsmobs:acacia_blossom":7,"minecraft:oak_log":10,"swem:alfalfa_seeds":6,"minecraft:cobblestone":373,"minecraft:rotten_flesh":2,"minecraft:acacia_log":137,"minecraft:coal":9,"swem:timothy_seeds":5,"minecraft:diorite":6,"minecraft:andesite":20,"skilltree:gem":1,"minecraft:acacia_sapling":54,"minecraft:stone_pickaxe":2,"swem:oat_seeds":6},"minecraft:killed_by":{"minecraft:zombie":1,"born_in_chaos_v1:scarlet_persecutor":1,"minecraft:drowned":1},"minecraft:crafted":{"minecraft:cobblestone_slab":60,"minecraft:cooked_mutton":4,"minecraft:stone_pickaxe":1},"minecraft:broken":{"minecraft:stone_pickaxe":1,"minecraft:stone_axe":1}},"DataVersion":3465}