{"stats":{"minecraft:custom":{"minecraft:interact_with_furnace":13,"minecraft:mob_kills":4,"minecraft:animals_bred":21,"minecraft:interact_with_crafting_table":3,"minecraft:leave_game":2,"minecraft:time_since_death":24599,"minecraft:time_since_rest":22818,"minecraft:sprint_one_cm":127413,"minecraft:damage_taken":4205,"minecraft:walk_one_cm":181546,"minecraft:damage_blocked_by_shield":855,"minecraft:drop":25,"minecraft:damage_dealt":466,"minecraft:swim_one_cm":31166,"minecraft:fly_one_cm":99347,"minecraft:open_chest":135,"minecraft:crouch_one_cm":5488,"minecraft:play_time":92053,"minecraft:deaths":3,"minecraft:sneak_time":2469,"minecraft:walk_under_water_one_cm":16047,"minecraft:jump":519,"minecraft:interact_with_blast_furnace":6,"minecraft:walk_on_water_one_cm":6542,"minecraft:interact_with_smoker":12,"minecraft:total_world_time":92053,"minecraft:fall_one_cm":24284,"minecraft:horse_one_cm":2170},"minecraft:crafted":{"minecraft:cooked_beef":2,"minecraft:stone_shovel":1,"minecraft:cooked_porkchop":1,"minecraft:stone_axe":1,"minecraft:iron_ingot":4,"minecraft:stone_sword":1,"minecraft:torch":32},"minecraft:used":{"alexsmobs:emu_egg":6,"minecraft:wheat_seeds":58,"minecraft:cooked_mutton":4,"minecraft:stone_sword":13,"minecraft:stone_shovel":2,"minecraft:shield":9,"vanillaplustools:stone_hammer":259,"minecraft:torch":26,"iceandfire:armor_copper_metal_boots":1,"minecraft:dirt":16,"vanillaplustools:stone_shovel":22,"minecraft:smoker":1,"iceandfire:armor_copper_metal_chestplate":1,"minecraft:iron_pickaxe":15,"minecraft:stone_axe":23,"minecraft:cooked_porkchop":1,"tombstone:gift":2,"minecraft:cooked_beef":4},"minecraft:broken":{"vanillaplustools:stone_hammer":2},"minecraft:dropped":{"minecraft:stone_axe":1,"alexsmobs:gazelle_horn":2,"minecraft:oak_log":63,"minecraft:stone_sword":1,"minecraft:ender_pearl":3,"minecraft:raw_iron":1,"tombstone:gift":1,"minecraft:stone_shovel":1,"soulsweapons:moonstone":5,"swem:alfalfa_seeds":3,"minecraft:rotten_flesh":1,"jeg:scrap":6,"alexsmobs:emu_egg":7,"swem:timothy_seeds":1,"minecraft:torch":37,"vanillaplustools:stone_hammer":2,"tombstone:grave_dust":2,"minecraft:stone_pickaxe":1,"minecraft:string":1,"jeg:tech_trash":2,"swem:oat_seeds":2},"minecraft:mined":{"minecraft:tuff":181,"jeg:scrap_ore":4,"iceandfire:silver_ore":7,"minecraft:deepslate_diamond_ore":3,"soulsweapons:verglas_ore_deepslate":1,"swem:cantazarite_ore":2,"minecraft:granite":41,"minecraft:grass_block":17,"minecraft:copper_ore":10,"minecraft:diorite":80,"jeg:deepslate_scrap_ore":4,"minecraft:iron_ore":4,"minecraft:wheat":90,"minecraft:andesite":46,"minecraft:deepslate_lapis_ore":5,"minecraft:grass":5,"soulsweapons:moonstone_ore_deepslate":3,"minecraft:coal_ore":4,"minecraft:dirt_path":4,"minecraft:deepslate_iron_ore":3,"minecraft:dirt":106,"minecraft:stone":949,"minecraft:deepslate":923},"minecraft:picked_up":{"born_in_chaos_v1:corpse_maggot":1,"minecraft:wheat":74,"minecraft:cooked_beef":20,"swem:star_worm":3,"minecraft:andesite":41,"minecraft:leather":10,"iceandfire:armor_copper_metal_chestplate":1,"soulsweapons:moonstone":5,"minecraft:tuff":146,"minecraft:oak_log":63,"jeg:scrap":3,"iceandfire:armor_copper_metal_helmet":1,"scalinghealth:heart_crystal":1,"minecraft:lapis_lazuli":35,"skilltree:gem":2,"minecraft:dirt":140,"minecraft:raw_copper":41,"minecraft:cooked_mutton":1,"minecraft:wheat_seeds":234,"minecraft:cobbled_deepslate":761,"minecraft:beef":37,"swem:oat_seeds":2,"jeg:tech_trash":3,"minecraft:raw_iron":11,"iceandfire:armor_copper_metal_leggings":1,"swem:cantazarite":14,"minecraft:gravel":35,"minecraft:diorite":74,"iceandfire:armor_copper_metal_boots":1,"minecraft:rotten_flesh":2,"spartanshields:copper_tower_shield":1,"minecraft:granite":55,"swem:alfalfa_seeds":1,"vanillaplustools:stone_hammer":3,"alexsmobs:emu_egg":12,"soulsweapons:verglas":1,"tombstone:essence_of_undeath":1,"minecraft:coal":6,"minecraft:ender_pearl":3,"iceandfire:raw_silver":7,"minecraft:cobblestone":960},"minecraft:killed":{"born_in_chaos_v1:corpse_fish":1},"minecraft:killed_by":{"minecraft:zombie":2}},"DataVersion":3465}