{"stats":{"minecraft:broken":{"iceandfire:armor_copper_metal_leggings":1,"vanillaplustools:stone_hammer":3,"minecraft:stone_axe":2,"iceandfire:armor_copper_metal_boots":1,"iceandfire:armor_copper_metal_helmet":1},"minecraft:used":{"minecraft:stone_sword":13,"minecraft:flint_and_steel":1,"iceandfire:armor_copper_metal_leggings":1,"minecraft:stone_shovel":20,"minecraft:shield":9,"vanillaplustools:stone_hammer":332,"minecraft:stone_hoe":59,"minecraft:torch":39,"iceandfire:armor_copper_metal_boots":2,"minecraft:dirt":63,"scalinghealth:heart_crystal":1,"minecraft:tuff":1,"minecraft:granite":1,"minecraft:glass":85,"iceandfire:armor_copper_metal_helmet":1,"tombstone:gift":4,"minecraft:cooked_beef":36,"minecraft:cobbled_deepslate":14,"alexsmobs:boiled_emu_egg":7,"minecraft:cooked_mutton":5,"minecraft:wheat_seeds":91,"minecraft:water_bucket":7,"minecraft:cobblestone_stairs":16,"soulsweapons:bluemoon_shortsword":90,"vanillaplustools:stone_shovel":54,"minecraft:smoker":1,"minecraft:apple":4,"iceandfire:armor_copper_metal_chestplate":2,"minecraft:iron_pickaxe":38,"spartanshields:copper_tower_shield":6,"minecraft:golden_helmet":2,"scalinghealth:medkit":1,"minecraft:stone_axe":188,"minecraft:cobblestone":90,"travelersbackpack:standard":9,"minecraft:cooked_porkchop":1,"minecraft:bucket":6,"alexsmobs:emu_egg":14},"minecraft:killed":{"minecraft:skeleton":1,"born_in_chaos_v1:corpse_fish":1,"alexsmobs:crimson_mosquito":3,"minecraft:sheep":1,"minecraft:zombie":2,"alexsmobs:gazelle":3,"minecraft:cow":21},"minecraft:picked_up":{"minecraft:wheat":74,"iceandfire:armor_copper_metal_chestplate":2,"soulsweapons:moonstone":6,"tombstone:grave_key":1,"alexsmobs:gazelle_horn":1,"soulsweapons:demon_heart":1,"minecraft:raw_copper":41,"minecraft:flint_and_steel":1,"alexsmobs:blood_sac":2,"minecraft:cobbled_deepslate":1267,"minecraft:beef":167,"minecraft:birch_sapling":3,"minecraft:egg":1,"minecraft:golden_helmet":2,"minecraft:stick":25,"minecraft:raw_iron":11,"iceandfire:armor_copper_metal_leggings":1,"minecraft:torch":8,"minecraft:acacia_log":26,"minecraft:diorite":74,"iceandfire:armor_copper_metal_boots":1,"minecraft:arrow":2,"minecraft:rotten_flesh":7,"spartanshields:copper_tower_shield":2,"swem:alfalfa_seeds":2,"alexsmobs:emu_egg":25,"tombstone:essence_of_undeath":1,"minecraft:mutton":4,"minecraft:white_wool":2,"minecraft:cobblestone":1041,"minecraft:birch_log":3,"born_in_chaos_v1:corpse_maggot":1,"swem:timothy_seeds":1,"minecraft:cooked_beef":70,"minecraft:andesite":41,"swem:star_worm":3,"minecraft:leather":67,"alexsmobs:acacia_blossom":2,"minecraft:flint":2,"minecraft:tuff":284,"minecraft:oak_log":114,"jeg:scrap":3,"iceandfire:armor_copper_metal_helmet":1,"scalinghealth:heart_crystal":2,"skilltree:gem":3,"minecraft:lapis_lazuli":35,"minecraft:dirt":181,"scalinghealth:medkit":1,"minecraft:cooked_mutton":2,"minecraft:glass":4,"minecraft:bone":2,"minecraft:apple":4,"minecraft:wheat_seeds":236,"swem:oat_seeds":2,"minecraft:acacia_sapling":7,"jeg:tech_trash":3,"soulsweapons:bluemoon_shortsword":3,"scalinghealth:heart_crystal_shard":6,"minecraft:warped_fungus":1,"swem:cantazarite":14,"minecraft:gravel":62,"minecraft:sand":124,"travelersbackpack:standard":1,"born_in_chaos_v1:fire_dust":3,"minecraft:diamond":2,"minecraft:stone_axe":1,"minecraft:granite":56,"vanillaplustools:stone_hammer":3,"soulsweapons:verglas":2,"scalinghealth:cursed_heart":6,"minecraft:oak_sapling":24,"minecraft:coal":32,"iceandfire:raw_silver":7,"minecraft:ender_pearl":3},"minecraft:mined":{"minecraft:tuff":288,"minecraft:farmland":1,"iceandfire:silver_ore":7,"minecraft:deepslate_diamond_ore":3,"minecraft:cobblestone_stairs":3,"minecraft:granite":41,"swem:cantazarite_ore":2,"minecraft:grass_block":37,"minecraft:iron_ore":4,"minecraft:fire":1,"minecraft:andesite":46,"treechop:chopped_log":10,"minecraft:deepslate_lapis_ore":5,"soulsweapons:moonstone_ore_deepslate":4,"minecraft:deepslate_iron_ore":3,"minecraft:dirt_path":4,"minecraft:stone":949,"jeg:scrap_ore":4,"soulsweapons:verglas_ore_deepslate":2,"minecraft:torch":1,"minecraft:glass":1,"minecraft:copper_ore":10,"minecraft:cobblestone":20,"minecraft:diorite":80,"minecraft:wall_torch":3,"jeg:deepslate_scrap_ore":6,"minecraft:wheat":90,"minecraft:grass":8,"minecraft:coal_ore":4,"minecraft:gravel":11,"minecraft:sand":156,"minecraft:dirt":141,"minecraft:deepslate":1422},"minecraft:crafted":{"minecraft:oak_planks":16,"minecraft:stone_shovel":1,"vanillaplustools:stone_hammer":2,"iceandfire:armor_copper_metal_leggings":1,"minecraft:cobblestone_stairs":44,"minecraft:cooked_mutton":2,"iceandfire:armor_copper_metal_helmet":1,"iceandfire:armor_copper_metal_boots":1,"minecraft:glass":89,"minecraft:stone_pickaxe":21,"iceandfire:armor_copper_metal_chestplate":1,"minecraft:stone_hoe":1,"minecraft:cooked_beef":100,"minecraft:cooked_porkchop":1,"alexsmobs:boiled_emu_egg":7,"minecraft:stone_axe":1,"minecraft:stick":32,"minecraft:iron_ingot":4,"minecraft:stone_sword":1,"minecraft:torch":88},"minecraft:dropped":{"soulsweapons:bluemoon_shortsword":2,"minecraft:stone_hoe":1,"minecraft:wheat_seeds":14,"minecraft:golden_helmet":1,"minecraft:cooked_beef":3,"minecraft:oak_log":63,"scalinghealth:cursed_heart":3,"minecraft:ender_pearl":3,"minecraft:diamond":1,"iceandfire:armor_copper_metal_chestplate":2,"minecraft:cobblestone":226,"minecraft:granite":1,"jeg:scrap":6,"minecraft:coal":1,"soulsweapons:demon_heart":1,"minecraft:dirt":67,"minecraft:diorite":33,"minecraft:torch":37,"tombstone:grave_key":1,"tombstone:grave_dust":3,"swem:star_worm":3,"minecraft:string":1,"minecraft:white_wool":2,"jeg:tech_trash":2,"swem:oat_seeds":3,"minecraft:bone":2,"minecraft:stone_axe":1,"alexsmobs:gazelle_horn":3,"minecraft:stone_sword":2,"minecraft:cobbled_deepslate":258,"minecraft:tuff":51,"minecraft:raw_iron":1,"tombstone:gift":2,"minecraft:stone_shovel":1,"swem:alfalfa_seeds":3,"soulsweapons:moonstone":5,"minecraft:rotten_flesh":1,"minecraft:cooked_mutton":2,"alexsmobs:emu_egg":7,"swem:timothy_seeds":2,"soulsweapons:verglas":1,"born_in_chaos_v1:corpse_maggot":1,"vanillaplustools:stone_hammer":2,"minecraft:arrow":2,"minecraft:glass":4,"minecraft:stone_pickaxe":1},"minecraft:killed_by":{"minecraft:zombie":6},"minecraft:custom":{"minecraft:mob_kills":35,"minecraft:animals_bred":21,"minecraft:interact_with_crafting_table":18,"minecraft:damage_dealt_resisted":10,"minecraft:leave_game":10,"minecraft:time_since_death":5441,"minecraft:sprint_one_cm":468885,"minecraft:walk_one_cm":540936,"minecraft:damage_blocked_by_shield":1308,"minecraft:drop":80,"minecraft:play_time":287030,"minecraft:deaths":16,"minecraft:sneak_time":15979,"minecraft:walk_under_water_one_cm":107179,"minecraft:jump":2139,"minecraft:interact_with_blast_furnace":9,"minecraft:walk_on_water_one_cm":28692,"minecraft:total_world_time":287030,"minecraft:interact_with_furnace":61,"spartanshields:shield_bash_hits":2,"minecraft:time_since_rest":4120,"minecraft:damage_taken":15914,"minecraft:damage_dealt":10857,"minecraft:swim_one_cm":79173,"minecraft:fly_one_cm":420779,"minecraft:open_chest":267,"minecraft:crouch_one_cm":36543,"tombstone:undead_killed":3,"minecraft:interact_with_smoker":46,"minecraft:fall_one_cm":106706,"minecraft:horse_one_cm":2655}},"DataVersion":3465}