{"stats":{"minecraft:used":{"minecraft:dirt":1},"minecraft:custom":{"minecraft:jump":35,"minecraft:time_since_rest":4283,"minecraft:sprint_one_cm":10658,"minecraft:play_time":4283,"minecraft:time_since_death":4283,"minecraft:walk_one_cm":2900,"minecraft:total_world_time":4283,"minecraft:drop":2,"minecraft:fall_one_cm":627,"minecraft:fly_one_cm":8643},"minecraft:picked_up":{"swem:timothy_seeds":1,"minecraft:stick":3,"minecraft:stone_sword":1,"minecraft:stone_axe":1,"minecraft:wheat_seeds":1,"minecraft:acacia_sapling":9,"minecraft:acacia_log":17,"minecraft:dirt":1},"minecraft:dropped":{"swem:timothy_seeds":1,"minecraft:wheat_seeds":1},"minecraft:mined":{"minecraft:grass":3,"minecraft:grass_block":1,"treechop:chopped_log":2}},"DataVersion":3465}