{"stats":{"minecraft:custom":{"minecraft:interact_with_furnace":12,"minecraft:mob_kills":4,"minecraft:animals_bred":14,"minecraft:interact_with_crafting_table":3,"minecraft:leave_game":2,"minecraft:time_since_death":599,"minecraft:time_since_rest":1,"minecraft:sprint_one_cm":98713,"minecraft:damage_taken":4102,"minecraft:walk_one_cm":137502,"minecraft:damage_blocked_by_shield":855,"minecraft:drop":20,"minecraft:damage_dealt":466,"minecraft:swim_one_cm":31166,"minecraft:fly_one_cm":84954,"minecraft:open_chest":111,"minecraft:crouch_one_cm":3275,"minecraft:play_time":68053,"minecraft:deaths":3,"minecraft:sneak_time":1638,"minecraft:walk_under_water_one_cm":16047,"minecraft:jump":428,"minecraft:interact_with_blast_furnace":6,"minecraft:walk_on_water_one_cm":6059,"minecraft:interact_with_smoker":8,"minecraft:total_world_time":68053,"minecraft:fall_one_cm":19007,"minecraft:horse_one_cm":2170},"minecraft:crafted":{"minecraft:cooked_beef":2,"minecraft:stone_shovel":1,"minecraft:cooked_porkchop":1,"minecraft:stone_axe":1,"minecraft:iron_ingot":4,"minecraft:stone_sword":1,"minecraft:torch":32},"minecraft:used":{"alexsmobs:emu_egg":5,"minecraft:wheat_seeds":36,"minecraft:cooked_mutton":4,"minecraft:stone_sword":13,"minecraft:shield":9,"vanillaplustools:stone_hammer":130,"minecraft:torch":14,"iceandfire:armor_copper_metal_boots":1,"vanillaplustools:stone_shovel":20,"minecraft:smoker":1,"iceandfire:armor_copper_metal_chestplate":1,"minecraft:iron_pickaxe":8,"minecraft:cooked_porkchop":1,"tombstone:gift":2,"minecraft:cooked_beef":2},"minecraft:broken":{"vanillaplustools:stone_hammer":1},"minecraft:dropped":{"minecraft:stone_axe":1,"alexsmobs:gazelle_horn":2,"minecraft:oak_log":63,"minecraft:stone_sword":1,"tombstone:gift":1,"minecraft:stone_shovel":1,"swem:alfalfa_seeds":3,"minecraft:rotten_flesh":1,"jeg:scrap":6,"alexsmobs:emu_egg":7,"swem:timothy_seeds":1,"minecraft:torch":37,"vanillaplustools:stone_hammer":1,"tombstone:grave_dust":2,"minecraft:stone_pickaxe":1,"minecraft:string":1,"jeg:tech_trash":2,"swem:oat_seeds":2},"minecraft:mined":{"minecraft:tuff":64,"jeg:scrap_ore":4,"iceandfire:silver_ore":6,"soulsweapons:verglas_ore_deepslate":1,"minecraft:granite":41,"minecraft:grass_block":17,"minecraft:copper_ore":4,"minecraft:diorite":40,"minecraft:iron_ore":4,"minecraft:wheat":67,"minecraft:andesite":46,"minecraft:deepslate_lapis_ore":5,"minecraft:grass":5,"minecraft:coal_ore":4,"minecraft:dirt_path":4,"minecraft:deepslate_iron_ore":3,"minecraft:dirt":94,"minecraft:stone":750,"minecraft:deepslate":154},"minecraft:picked_up":{"minecraft:wheat":52,"minecraft:cooked_beef":3,"minecraft:andesite":41,"minecraft:leather":10,"iceandfire:armor_copper_metal_chestplate":1,"minecraft:tuff":32,"minecraft:oak_log":63,"jeg:scrap":3,"iceandfire:armor_copper_metal_helmet":1,"scalinghealth:heart_crystal":1,"minecraft:lapis_lazuli":19,"skilltree:gem":1,"minecraft:dirt":121,"minecraft:raw_copper":20,"minecraft:cooked_mutton":1,"minecraft:wheat_seeds":167,"minecraft:cobbled_deepslate":111,"minecraft:beef":37,"swem:oat_seeds":1,"jeg:tech_trash":3,"minecraft:raw_iron":11,"iceandfire:armor_copper_metal_leggings":1,"minecraft:gravel":35,"minecraft:diorite":41,"iceandfire:armor_copper_metal_boots":1,"minecraft:rotten_flesh":2,"spartanshields:copper_tower_shield":1,"minecraft:granite":54,"swem:alfalfa_seeds":1,"vanillaplustools:stone_hammer":1,"alexsmobs:emu_egg":11,"soulsweapons:verglas":1,"tombstone:essence_of_undeath":1,"minecraft:coal":4,"minecraft:ender_pearl":3,"iceandfire:raw_silver":5,"minecraft:cobblestone":740},"minecraft:killed":{"born_in_chaos_v1:corpse_fish":1},"minecraft:killed_by":{"minecraft:zombie":2}},"DataVersion":3465}