{"stats":{"minecraft:picked_up":{"swem:timothy_seeds":6,"minecraft:clay_ball":8,"minecraft:andesite":20,"minecraft:leather":2,"alexsmobs:acacia_blossom":7,"minecraft:oak_log":20,"scalinghealth:bandages":1,"iceandfire:ectoplasm":1,"alexsmobs:cooked_kangaroo_meat":1,"minecraft:amethyst_block":4,"scalinghealth:heart_crystal":1,"skilltree:gem":1,"alexsmobs:gazelle_horn":3,"minecraft:dirt":302,"minecraft:string":4,"minecraft:raw_copper":12,"jeg:grenade":1,"minecraft:cooked_mutton":1,"vanillaplustools:stone_shovel":1,"minecraft:wheat_seeds":16,"minecraft:stone_pickaxe":3,"minecraft:beef":2,"minecraft:cobblestone_slab":175,"minecraft:light_gray_wool":1,"swem:oat_seeds":11,"minecraft:acacia_sapling":110,"minecraft:stick":30,"minecraft:raw_iron":8,"minecraft:acacia_log":213,"minecraft:diorite":6,"minecraft:rotten_flesh":2,"minecraft:stone_sword":2,"minecraft:stone_shovel":1,"minecraft:stone_axe":1,"minecraft:granite":3,"swem:alfalfa_seeds":10,"vanillaplustools:stone_hammer":2,"scalinghealth:cursed_heart":1,"minecraft:oak_sapling":4,"minecraft:mutton":7,"minecraft:coal":11,"minecraft:white_wool":1,"minecraft:cobblestone":466},"minecraft:used":{"minecraft:wheat_seeds":1,"minecraft:cooked_mutton":5,"minecraft:stone_sword":59,"minecraft:acacia_log":11,"minecraft:stone_shovel":58,"minecraft:stone_pickaxe":81,"vanillaplustools:stone_hammer":61,"minecraft:cobblestone_slab":183,"minecraft:dirt":163,"scalinghealth:heart_crystal":1,"alexsmobs:cooked_kangaroo_meat":1,"vanillaplustools:stone_shovel":21,"scalinghealth:cursed_heart":1,"minecraft:stone_axe":138,"minecraft:cobblestone":11,"minecraft:beef":1,"minecraft:oak_sapling":3,"scalinghealth:bandages":1},"minecraft:custom":{"minecraft:interact_with_furnace":10,"minecraft:mob_kills":16,"minecraft:interact_with_crafting_table":17,"minecraft:leave_game":5,"minecraft:time_since_death":2759,"minecraft:climb_one_cm":305,"minecraft:time_since_rest":1572,"minecraft:sprint_one_cm":180939,"minecraft:damage_taken":13082,"minecraft:walk_one_cm":244252,"minecraft:drop":47,"minecraft:damage_dealt":1800,"minecraft:swim_one_cm":58976,"minecraft:fly_one_cm":304070,"minecraft:open_chest":43,"minecraft:crouch_one_cm":41381,"minecraft:play_time":112879,"tombstone:undead_killed":1,"minecraft:deaths":8,"minecraft:sneak_time":12002,"minecraft:walk_under_water_one_cm":66155,"minecraft:jump":1348,"minecraft:walk_on_water_one_cm":29714,"minecraft:interact_with_smoker":2,"minecraft:total_world_time":112879,"minecraft:fall_one_cm":89194},"minecraft:mined":{"minecraft:oak_sapling":3,"minecraft:granite":3,"minecraft:acacia_log":1,"minecraft:grass_block":67,"minecraft:copper_ore":5,"minecraft:tall_grass":1,"minecraft:cobblestone":11,"minecraft:diorite":6,"minecraft:amethyst_block":9,"minecraft:iron_ore":9,"minecraft:andesite":20,"treechop:chopped_log":18,"minecraft:grass":49,"minecraft:coal_ore":12,"minecraft:cobblestone_slab":3,"minecraft:dirt":140,"minecraft:stone":468},"minecraft:killed":{"born_in_chaos_v1:scarlet_persecutor":1,"minecraft:sheep":1,"alexsmobs:gazelle":9,"minecraft:drowned":1,"minecraft:cow":1},"minecraft:dropped":{"minecraft:wheat_seeds":15,"alexsmobs:acacia_blossom":7,"minecraft:oak_log":10,"minecraft:stone_sword":1,"minecraft:raw_iron":3,"swem:alfalfa_seeds":11,"minecraft:cobblestone":373,"minecraft:rotten_flesh":2,"minecraft:amethyst_block":1,"minecraft:acacia_log":137,"minecraft:coal":9,"minecraft:dirt":64,"swem:timothy_seeds":5,"minecraft:diorite":6,"minecraft:andesite":20,"skilltree:gem":1,"minecraft:acacia_sapling":54,"minecraft:stone_pickaxe":2,"swem:oat_seeds":13},"minecraft:killed_by":{"minecraft:zombie":1,"born_in_chaos_v1:scarlet_persecutor":1,"minecraft:drowned":3},"minecraft:crafted":{"minecraft:cobblestone_slab":60,"minecraft:cooked_mutton":4,"minecraft:stone_pickaxe":1,"minecraft:torch":52},"minecraft:broken":{"minecraft:stone_pickaxe":1,"minecraft:stone_axe":1}},"DataVersion":3465}