{"stats":{"minecraft:broken":{"vanillaplustools:stone_hammer":3},"minecraft:used":{"alexsmobs:emu_egg":14,"minecraft:wheat_seeds":91,"minecraft:cooked_mutton":5,"minecraft:water_bucket":5,"minecraft:stone_sword":13,"minecraft:stone_shovel":19,"minecraft:shield":9,"minecraft:stone_hoe":59,"vanillaplustools:stone_hammer":267,"minecraft:torch":26,"iceandfire:armor_copper_metal_boots":1,"minecraft:dirt":63,"soulsweapons:bluemoon_shortsword":11,"vanillaplustools:stone_shovel":36,"minecraft:smoker":1,"minecraft:apple":4,"iceandfire:armor_copper_metal_chestplate":1,"minecraft:iron_pickaxe":15,"spartanshields:copper_tower_shield":6,"minecraft:stone_axe":55,"travelersbackpack:standard":2,"minecraft:cooked_porkchop":1,"minecraft:bucket":5,"tombstone:gift":2,"minecraft:cooked_beef":14},"minecraft:killed":{"minecraft:sheep":1,"alexsmobs:gazelle":3,"born_in_chaos_v1:corpse_fish":1},"minecraft:picked_up":{"minecraft:birch_log":3,"swem:timothy_seeds":1,"born_in_chaos_v1:corpse_maggot":1,"minecraft:wheat":74,"minecraft:cooked_beef":20,"minecraft:andesite":41,"swem:star_worm":3,"minecraft:leather":10,"iceandfire:armor_copper_metal_chestplate":1,"soulsweapons:moonstone":5,"minecraft:tuff":146,"minecraft:oak_log":100,"jeg:scrap":3,"alexsmobs:gazelle_horn":1,"iceandfire:armor_copper_metal_helmet":1,"scalinghealth:heart_crystal":1,"skilltree:gem":2,"minecraft:lapis_lazuli":35,"minecraft:dirt":181,"minecraft:raw_copper":41,"minecraft:cooked_mutton":2,"minecraft:apple":4,"minecraft:wheat_seeds":235,"minecraft:cobbled_deepslate":776,"minecraft:beef":37,"swem:oat_seeds":2,"minecraft:birch_sapling":3,"jeg:tech_trash":3,"soulsweapons:bluemoon_shortsword":2,"minecraft:stick":17,"minecraft:raw_iron":11,"iceandfire:armor_copper_metal_leggings":1,"swem:cantazarite":14,"minecraft:gravel":35,"minecraft:sand":47,"minecraft:diorite":74,"iceandfire:armor_copper_metal_boots":1,"travelersbackpack:standard":1,"minecraft:rotten_flesh":2,"spartanshields:copper_tower_shield":1,"swem:alfalfa_seeds":1,"minecraft:granite":55,"vanillaplustools:stone_hammer":3,"alexsmobs:emu_egg":25,"soulsweapons:verglas":1,"tombstone:essence_of_undeath":1,"minecraft:oak_sapling":19,"minecraft:white_wool":2,"minecraft:mutton":4,"minecraft:coal":6,"iceandfire:raw_silver":7,"minecraft:cobblestone":961,"minecraft:ender_pearl":3},"minecraft:mined":{"minecraft:tuff":181,"minecraft:farmland":1,"jeg:scrap_ore":4,"iceandfire:silver_ore":7,"minecraft:deepslate_diamond_ore":3,"soulsweapons:verglas_ore_deepslate":1,"swem:cantazarite_ore":2,"minecraft:granite":41,"minecraft:grass_block":34,"minecraft:copper_ore":10,"minecraft:diorite":80,"jeg:deepslate_scrap_ore":6,"minecraft:iron_ore":4,"minecraft:wheat":90,"minecraft:andesite":46,"treechop:chopped_log":4,"minecraft:deepslate_lapis_ore":5,"minecraft:grass":6,"soulsweapons:moonstone_ore_deepslate":3,"minecraft:coal_ore":4,"minecraft:deepslate_iron_ore":3,"minecraft:dirt_path":4,"minecraft:sand":62,"minecraft:dirt":138,"minecraft:stone":949,"minecraft:deepslate":993},"minecraft:crafted":{"minecraft:cooked_beef":2,"minecraft:stone_shovel":1,"vanillaplustools:stone_hammer":2,"minecraft:cooked_porkchop":1,"alexsmobs:boiled_emu_egg":5,"minecraft:stone_axe":1,"minecraft:cooked_mutton":2,"minecraft:iron_ingot":4,"minecraft:stone_pickaxe":21,"minecraft:stone_sword":1,"minecraft:stone_hoe":1,"minecraft:torch":32},"minecraft:dropped":{"minecraft:stone_axe":1,"minecraft:wheat_seeds":13,"minecraft:cooked_beef":2,"alexsmobs:gazelle_horn":3,"minecraft:oak_log":63,"minecraft:stone_sword":2,"minecraft:cobbled_deepslate":256,"minecraft:ender_pearl":3,"minecraft:tuff":50,"tombstone:gift":1,"minecraft:raw_iron":1,"minecraft:stone_shovel":1,"swem:alfalfa_seeds":3,"soulsweapons:moonstone":5,"minecraft:cobblestone":157,"minecraft:rotten_flesh":1,"minecraft:granite":1,"minecraft:cooked_mutton":2,"jeg:scrap":6,"alexsmobs:emu_egg":7,"minecraft:dirt":67,"swem:timothy_seeds":2,"minecraft:diorite":33,"minecraft:torch":37,"born_in_chaos_v1:corpse_maggot":1,"vanillaplustools:stone_hammer":2,"tombstone:grave_dust":2,"swem:star_worm":3,"minecraft:stone_pickaxe":1,"minecraft:string":1,"minecraft:white_wool":2,"jeg:tech_trash":2,"minecraft:stone_hoe":1,"soulsweapons:bluemoon_shortsword":1,"swem:oat_seeds":3},"minecraft:killed_by":{"minecraft:zombie":2},"minecraft:custom":{"minecraft:interact_with_furnace":16,"minecraft:mob_kills":8,"minecraft:animals_bred":21,"minecraft:interact_with_crafting_table":8,"minecraft:leave_game":4,"minecraft:time_since_death":22398,"minecraft:time_since_rest":22195,"minecraft:sprint_one_cm":282088,"minecraft:damage_taken":4824,"minecraft:walk_one_cm":290461,"minecraft:damage_blocked_by_shield":1308,"minecraft:drop":53,"minecraft:damage_dealt":1070,"minecraft:swim_one_cm":71195,"minecraft:fly_one_cm":250161,"minecraft:open_chest":207,"minecraft:crouch_one_cm":12363,"minecraft:play_time":155123,"minecraft:sneak_time":4661,"minecraft:deaths":5,"minecraft:walk_under_water_one_cm":30487,"minecraft:jump":1149,"minecraft:interact_with_blast_furnace":8,"minecraft:walk_on_water_one_cm":18596,"minecraft:total_world_time":155123,"minecraft:interact_with_smoker":20,"minecraft:fall_one_cm":32619,"minecraft:horse_one_cm":2170}},"DataVersion":3465}