{"stats":{"minecraft:custom":{"minecraft:interact_with_furnace":11,"minecraft:mob_kills":3,"minecraft:animals_bred":14,"minecraft:interact_with_crafting_table":1,"minecraft:leave_game":2,"minecraft:time_since_death":40425,"minecraft:time_since_rest":39624,"minecraft:sprint_one_cm":88569,"minecraft:damage_taken":2024,"minecraft:walk_one_cm":113979,"minecraft:drop":20,"minecraft:damage_dealt":184,"minecraft:swim_one_cm":13190,"minecraft:fly_one_cm":72709,"minecraft:open_chest":108,"minecraft:crouch_one_cm":3029,"minecraft:play_time":56053,"minecraft:deaths":1,"minecraft:sneak_time":1055,"minecraft:walk_under_water_one_cm":9554,"minecraft:jump":368,"minecraft:interact_with_blast_furnace":5,"minecraft:walk_on_water_one_cm":2464,"minecraft:interact_with_smoker":7,"minecraft:total_world_time":56053,"minecraft:fall_one_cm":13005,"minecraft:horse_one_cm":2170},"minecraft:crafted":{"minecraft:cooked_beef":2,"minecraft:stone_shovel":1,"minecraft:cooked_porkchop":1,"minecraft:stone_axe":1,"minecraft:iron_ingot":4,"minecraft:stone_sword":1},"minecraft:used":{"alexsmobs:emu_egg":5,"minecraft:wheat_seeds":36,"minecraft:cooked_mutton":4,"minecraft:stone_sword":6,"vanillaplustools:stone_hammer":58,"minecraft:torch":5,"iceandfire:armor_copper_metal_boots":1,"vanillaplustools:stone_shovel":10,"minecraft:smoker":1,"iceandfire:armor_copper_metal_chestplate":1,"minecraft:iron_pickaxe":6,"minecraft:cooked_porkchop":1,"tombstone:gift":2,"minecraft:cooked_beef":2},"minecraft:dropped":{"minecraft:stone_axe":1,"alexsmobs:gazelle_horn":2,"minecraft:oak_log":63,"minecraft:stone_sword":1,"tombstone:gift":1,"minecraft:stone_shovel":1,"swem:alfalfa_seeds":3,"minecraft:rotten_flesh":1,"jeg:scrap":6,"alexsmobs:emu_egg":7,"swem:timothy_seeds":1,"minecraft:torch":37,"vanillaplustools:stone_hammer":1,"tombstone:grave_dust":2,"minecraft:stone_pickaxe":1,"minecraft:string":1,"jeg:tech_trash":2,"swem:oat_seeds":2},"minecraft:mined":{"minecraft:tuff":64,"iceandfire:silver_ore":2,"soulsweapons:verglas_ore_deepslate":1,"minecraft:granite":5,"minecraft:grass_block":9,"minecraft:diorite":40,"minecraft:iron_ore":3,"minecraft:wheat":67,"minecraft:deepslate_lapis_ore":5,"minecraft:grass":4,"minecraft:coal_ore":4,"minecraft:deepslate_iron_ore":3,"minecraft:dirt":41,"minecraft:stone":229,"minecraft:deepslate":153},"minecraft:picked_up":{"minecraft:wheat":52,"minecraft:cooked_beef":3,"minecraft:andesite":2,"minecraft:leather":10,"iceandfire:armor_copper_metal_chestplate":1,"minecraft:tuff":26,"minecraft:oak_log":63,"iceandfire:armor_copper_metal_helmet":1,"scalinghealth:heart_crystal":1,"minecraft:lapis_lazuli":19,"skilltree:gem":1,"minecraft:dirt":55,"minecraft:cooked_mutton":1,"minecraft:wheat_seeds":167,"minecraft:cobbled_deepslate":82,"minecraft:beef":37,"swem:oat_seeds":1,"minecraft:raw_iron":10,"iceandfire:armor_copper_metal_leggings":1,"minecraft:gravel":4,"minecraft:diorite":41,"iceandfire:armor_copper_metal_boots":1,"minecraft:rotten_flesh":1,"spartanshields:copper_tower_shield":1,"minecraft:granite":21,"swem:alfalfa_seeds":1,"alexsmobs:emu_egg":11,"soulsweapons:verglas":1,"tombstone:essence_of_undeath":1,"minecraft:coal":4,"iceandfire:raw_silver":3,"minecraft:cobblestone":252}},"DataVersion":3465}