{"stats":{"minecraft:killed":{"minecraft:sheep":1,"alexsmobs:gazelle":9,"minecraft:drowned":1,"minecraft:cow":1},"minecraft:broken":{"minecraft:stone_pickaxe":1,"minecraft:stone_axe":1},"minecraft:mined":{"minecraft:iron_ore":2,"treechop:chopped_log":18,"minecraft:grass":40,"minecraft:grass_block":19,"minecraft:coal_ore":11,"minecraft:dirt":16,"minecraft:tall_grass":1,"minecraft:stone":89},"minecraft:dropped":{"swem:timothy_seeds":5,"minecraft:wheat_seeds":7,"alexsmobs:acacia_blossom":7,"minecraft:oak_log":10,"skilltree:gem":1,"minecraft:acacia_sapling":54,"swem:alfalfa_seeds":5,"minecraft:rotten_flesh":2,"minecraft:cobblestone":63,"minecraft:stone_pickaxe":2,"minecraft:acacia_log":137,"minecraft:coal":9,"swem:oat_seeds":4},"minecraft:used":{"minecraft:stone_sword":48,"minecraft:stone_shovel":40,"minecraft:stone_pickaxe":72,"vanillaplustools:stone_hammer":4,"minecraft:cobblestone_slab":54,"minecraft:stone_axe":138,"minecraft:dirt":34,"minecraft:cobblestone":5,"minecraft:beef":1,"alexsmobs:cooked_kangaroo_meat":1,"scalinghealth:cursed_heart":1},"minecraft:picked_up":{"minecraft:stick":30,"swem:timothy_seeds":5,"minecraft:raw_iron":2,"minecraft:leather":2,"alexsmobs:acacia_blossom":7,"minecraft:acacia_log":212,"minecraft:oak_log":20,"alexsmobs:cooked_kangaroo_meat":1,"minecraft:string":4,"skilltree:gem":1,"alexsmobs:gazelle_horn":3,"minecraft:dirt":34,"jeg:grenade":1,"minecraft:stone_sword":1,"minecraft:rotten_flesh":2,"minecraft:stone_shovel":1,"minecraft:stone_axe":1,"minecraft:wheat_seeds":7,"minecraft:beef":2,"vanillaplustools:stone_hammer":1,"swem:alfalfa_seeds":5,"minecraft:stone_pickaxe":3,"minecraft:cobblestone_slab":54,"scalinghealth:cursed_heart":1,"minecraft:light_gray_wool":1,"minecraft:oak_sapling":2,"swem:oat_seeds":4,"minecraft:mutton":7,"minecraft:coal":11,"minecraft:acacia_sapling":110,"minecraft:white_wool":1,"minecraft:cobblestone":85},"minecraft:killed_by":{"minecraft:drowned":1,"minecraft:zombie":1},"minecraft:custom":{"minecraft:time_since_rest":1385,"minecraft:interact_with_furnace":3,"minecraft:sprint_one_cm":119810,"minecraft:damage_taken":5554,"minecraft:walk_one_cm":98040,"minecraft:mob_kills":15,"minecraft:drop":31,"minecraft:damage_dealt":1319,"minecraft:swim_one_cm":41893,"minecraft:interact_with_crafting_table":4,"minecraft:fly_one_cm":181134,"minecraft:open_chest":2,"minecraft:crouch_one_cm":12563,"tombstone:undead_killed":1,"minecraft:play_time":47971,"minecraft:deaths":3,"minecraft:sneak_time":3991,"minecraft:walk_under_water_one_cm":32522,"minecraft:jump":813,"minecraft:leave_game":2,"minecraft:walk_on_water_one_cm":16725,"minecraft:time_since_death":2781,"minecraft:total_world_time":47971,"minecraft:fall_one_cm":42214}},"DataVersion":3465}