{"stats":{"minecraft:killed":{"minecraft:drowned":2},"minecraft:killed_by":{"minecraft:drowned":1,"minecraft:spider":1,"minecraft:zombie":1},"minecraft:picked_up":{"minecraft:stick":10,"minecraft:feather":1,"tombstone:grave_key":1,"minecraft:spruce_sapling":10,"jeg:scrap":3,"minecraft:spruce_log":55,"skilltree:gem":3,"minecraft:dirt":4,"minecraft:raw_copper":70,"minecraft:item_frame":1,"minecraft:stone_sword":1,"minecraft:stone_shovel":1,"vampirism:oil_bottle":1,"minecraft:stone_axe":1,"minecraft:wheat_seeds":3,"minecraft:stone_pickaxe":1,"minecraft:stone_hoe":1,"minecraft:coal":8,"minecraft:cobblestone":23},"minecraft:mined":{"minecraft:podzol":2,"minecraft:large_fern":6,"minecraft:spruce_log":1,"treechop:chopped_log":5,"minecraft:coal_ore":7,"minecraft:copper_ore":18,"minecraft:stone":21,"minecraft:fern":2},"minecraft:crafted":{"minecraft:crafting_table":1,"minecraft:spruce_planks":4,"minecraft:torch":16},"minecraft:dropped":{"minecraft:wheat_seeds":3,"minecraft:raw_copper":6,"tombstone:grave_key":1,"skilltree:gem":3,"tombstone:grave_dust":1},"minecraft:custom":{"minecraft:time_since_rest":2317,"minecraft:sprint_one_cm":76305,"minecraft:damage_taken":941,"minecraft:walk_one_cm":63798,"minecraft:mob_kills":2,"minecraft:drop":14,"minecraft:damage_dealt":271,"minecraft:interact_with_crafting_table":1,"minecraft:swim_one_cm":30092,"minecraft:fly_one_cm":80662,"minecraft:open_chest":3,"tombstone:undead_killed":2,"minecraft:play_time":29968,"minecraft:deaths":3,"minecraft:sneak_time":8,"minecraft:walk_under_water_one_cm":18602,"minecraft:interact_with_lectern":1,"minecraft:boat_one_cm":95277,"minecraft:jump":420,"minecraft:walk_on_water_one_cm":10178,"minecraft:time_since_death":5994,"minecraft:climb_one_cm":432,"minecraft:total_world_time":29968,"minecraft:fall_one_cm":4045},"minecraft:used":{"minecraft:stone_sword":4,"minecraft:stone_shovel":2,"minecraft:stone_pickaxe":46,"minecraft:item_frame":1,"minecraft:stone_axe":50,"minecraft:dirt":2,"minecraft:cobblestone":6,"minecraft:crafting_table":1,"tombstone:gift":1}},"DataVersion":3465}