{"stats":{"minecraft:broken":{"minecraft:golden_helmet":2,"iceandfire:armor_copper_metal_leggings":2,"vanillaplustools:stone_hammer":9,"minecraft:stone_axe":2,"minecraft:iron_pickaxe":1,"iceandfire:armor_copper_metal_chestplate":1,"iceandfire:armor_copper_metal_boots":2,"iceandfire:armor_copper_metal_helmet":2},"minecraft:used":{"minecraft:stone_sword":13,"minecraft:flint_and_steel":3,"iceandfire:armor_copper_metal_leggings":2,"minecraft:stone_shovel":36,"minecraft:shield":9,"vanillaplustools:stone_hammer":1251,"minecraft:cooked_chicken":2,"minecraft:stone_hoe":59,"minecraft:netherrack":89,"minecraft:torch":63,"iceandfire:armor_copper_metal_boots":3,"minecraft:soul_sand":1,"minecraft:dirt":63,"scalinghealth:heart_crystal":4,"minecraft:tuff":1,"minecraft:granite":1,"born_in_chaos_v1:corpse_maggot":1,"minecraft:glass":99,"born_in_chaos_v1:black_argillite_button":1,"minecraft:crimson_roots":1,"minecraft:basalt":9,"rats:cooked_rat":1,"iceandfire:armor_copper_metal_helmet":2,"tombstone:gift":6,"minecraft:egg":1,"minecraft:cooked_beef":125,"minecraft:cobbled_deepslate":69,"minecraft:cooked_mutton":5,"alexsmobs:boiled_emu_egg":7,"minecraft:water_bucket":9,"minecraft:wheat_seeds":175,"minecraft:cobblestone_stairs":24,"soulsweapons:bluemoon_shortsword":297,"vanillaplustools:stone_shovel":85,"minecraft:smoker":1,"minecraft:diamond_pickaxe":13,"minecraft:apple":4,"iceandfire:armor_copper_metal_chestplate":3,"minecraft:iron_pickaxe":278,"spartanshields:copper_tower_shield":33,"scalinghealth:medkit":1,"minecraft:golden_helmet":3,"minecraft:stone_axe":188,"travelersbackpack:standard":31,"minecraft:cobblestone":489,"minecraft:andesite":7,"minecraft:white_banner":1,"minecraft:cooked_porkchop":3,"minecraft:bucket":9,"alexsmobs:emu_egg":21},"minecraft:killed":{"born_in_chaos_v1:thornshell_crab":1,"born_in_chaos_v1:maggot":1,"minecraft:skeleton":1,"minecraft:chicken":1,"born_in_chaos_v1:skeleton_thrasher":1,"born_in_chaos_v1:corpse_fish":2,"minecraft:pig":1,"alexsmobs:crimson_mosquito":8,"minecraft:sheep":1,"minecraft:pillager":6,"minecraft:zombie":11,"alexsmobs:gazelle":5,"minecraft:cow":22},"minecraft:picked_up":{"minecraft:wheat":157,"minecraft:chicken":1,"iceandfire:armor_copper_metal_chestplate":2,"soulsweapons:moonstone":6,"tombstone:grave_key":1,"alexsmobs:gazelle_horn":1,"soulsweapons:demon_heart":1,"minecraft:raw_copper":73,"minecraft:flint_and_steel":1,"minecraft:blackstone":217,"alexsmobs:blood_sac":3,"minecraft:gold_nugget":49,"minecraft:cobbled_deepslate":1600,"minecraft:beef":404,"minecraft:sugar_cane":2,"minecraft:birch_sapling":3,"minecraft:egg":2,"minecraft:golden_helmet":3,"minecraft:raw_iron":28,"minecraft:stick":62,"iceandfire:armor_copper_metal_leggings":1,"minecraft:torch":28,"minecraft:acacia_log":26,"minecraft:porkchop":3,"minecraft:redstone":5,"tombstone:grave_dust":1,"minecraft:diorite":213,"iceandfire:armor_copper_metal_boots":1,"minecraft:dark_oak_planks":1,"minecraft:arrow":2,"minecraft:stone_shovel":1,"minecraft:rotten_flesh":22,"spartanshields:copper_tower_shield":3,"minecraft:hay_block":1,"minecraft:obsidian":2,"swem:alfalfa_seeds":15,"alexsmobs:emu_egg":32,"born_in_chaos_v1:spiny_shell":4,"tombstone:essence_of_undeath":1,"iceandfire:silver_axe":1,"minecraft:iron_bars":8,"minecraft:mutton":5,"minecraft:white_wool":2,"minecraft:cobblestone":1946,"minecraft:birch_log":3,"born_in_chaos_v1:corpse_maggot":1,"swem:timothy_seeds":9,"minecraft:magma_block":7,"minecraft:feather":2,"minecraft:cooked_beef":126,"minecraft:basalt":565,"minecraft:water_bucket":1,"minecraft:andesite":207,"swem:star_worm":3,"minecraft:leather":181,"alexsmobs:acacia_blossom":2,"minecraft:birch_planks":1,"minecraft:flint":11,"minecraft:tuff":327,"minecraft:oak_log":114,"born_in_chaos_v1:black_argillite_button":4,"jeg:scrap":15,"scalinghealth:medkit":1,"iceandfire:armor_copper_metal_helmet":1,"scalinghealth:heart_crystal":5,"minecraft:cobblestone_stairs":4,"alexsmobs:mosquito_proboscis":1,"skilltree:gem":13,"minecraft:lapis_lazuli":35,"minecraft:dirt":262,"minecraft:white_banner":1,"minecraft:cooked_mutton":2,"minecraft:glass":4,"minecraft:bone":3,"minecraft:apple":4,"minecraft:wheat_seeds":471,"born_in_chaos_v1:chipped_black_argillite_brick":1,"minecraft:stone_pickaxe":15,"tombstone:bag_of_seeds":1,"swem:oat_seeds":8,"minecraft:acacia_sapling":7,"minecraft:stone_hoe":1,"jeg:tech_trash":4,"minecraft:soul_sand":9,"soulsweapons:bluemoon_shortsword":4,"scalinghealth:heart_crystal_shard":22,"minecraft:warped_fungus":1,"minecraft:quartz":34,"swem:cantazarite":14,"minecraft:gravel":210,"minecraft:sand":124,"travelersbackpack:standard":2,"born_in_chaos_v1:fire_dust":3,"minecraft:diamond":2,"minecraft:stone_axe":1,"minecraft:crossbow":1,"minecraft:granite":121,"vanillaplustools:stone_hammer":5,"minecraft:diamond_pickaxe":1,"soulsweapons:verglas":5,"minecraft:crimson_roots":4,"scalinghealth:cursed_heart":8,"minecraft:oak_sapling":24,"born_in_chaos_v1:rotten_fish":6,"minecraft:netherrack":4237,"minecraft:coal":60,"iceandfire:raw_silver":11,"minecraft:ender_pearl":3},"minecraft:mined":{"minecraft:dark_oak_planks":1,"minecraft:nether_gold_ore":8,"minecraft:tuff":288,"minecraft:farmland":1,"iceandfire:silver_ore":11,"minecraft:deepslate_diamond_ore":3,"minecraft:cobblestone_stairs":7,"minecraft:obsidian":3,"swem:cantazarite_ore":2,"minecraft:granite":111,"minecraft:grass_block":38,"minecraft:crimson_roots":1,"minecraft:magma_block":13,"born_in_chaos_v1:black_argillite_brick_slab":1,"minecraft:iron_ore":22,"minecraft:fire":10,"minecraft:cobbled_deepslate":2,"minecraft:andesite":277,"treechop:chopped_log":10,"minecraft:deepslate_lapis_ore":5,"soulsweapons:moonstone_ore_deepslate":4,"minecraft:dirt_path":8,"minecraft:deepslate_iron_ore":3,"minecraft:iron_bars":8,"minecraft:stone":1637,"jeg:scrap_ore":11,"minecraft:soul_sand":21,"minecraft:blackstone":222,"soulsweapons:verglas_ore_deepslate":2,"minecraft:crimson_nylium":3,"minecraft:basalt":720,"minecraft:torch":2,"minecraft:nether_quartz_ore":35,"minecraft:copper_ore":20,"minecraft:tall_grass":14,"minecraft:glass":1,"minecraft:cobblestone":123,"born_in_chaos_v1:chipped_black_argillite_brick":1,"born_in_chaos_v1:black_argillite_button":1,"minecraft:wall_torch":10,"minecraft:diorite":234,"jeg:deepslate_scrap_ore":6,"minecraft:wheat":178,"born_in_chaos_v1:black_argillite_brick":1,"minecraft:grass":30,"minecraft:coal_ore":32,"minecraft:sand":156,"minecraft:gravel":135,"minecraft:dirt":190,"soulsweapons:verglas_ore":3,"minecraft:netherrack":5424,"minecraft:deepslate":1649},"minecraft:crafted":{"minecraft:oak_planks":156,"minecraft:stone_shovel":17,"vanillaplustools:stone_hammer":11,"spartanshields:wooden_tower_shield":1,"minecraft:cooked_chicken":2,"iceandfire:armor_copper_metal_leggings":2,"minecraft:cobblestone_stairs":44,"minecraft:cooked_mutton":2,"iceandfire:armor_copper_metal_boots":2,"iceandfire:armor_copper_metal_helmet":2,"minecraft:glass":132,"spartanshields:copper_tower_shield":1,"minecraft:stone_pickaxe":95,"iceandfire:armor_copper_metal_chestplate":2,"vanillaplustools:stone_shovel":1,"minecraft:stone_hoe":2,"iceandfire:silver_axe":2,"minecraft:cooked_beef":149,"swem:cantazarite_dye":16,"minecraft:emerald":33,"minecraft:cooked_porkchop":3,"alexsmobs:boiled_emu_egg":7,"minecraft:stone_axe":1,"minecraft:stick":268,"minecraft:iron_ingot":21,"minecraft:iron_pickaxe":1,"minecraft:stone_sword":1,"minecraft:gold_ingot":3,"minecraft:torch":112},"minecraft:dropped":{"soulsweapons:bluemoon_shortsword":3,"minecraft:water_bucket":1,"minecraft:stone_hoe":3,"iceandfire:raw_silver":2,"minecraft:birch_planks":1,"minecraft:wheat_seeds":24,"minecraft:golden_helmet":1,"minecraft:cooked_beef":28,"minecraft:oak_log":63,"iceandfire:silver_axe":1,"scalinghealth:cursed_heart":3,"minecraft:ender_pearl":3,"minecraft:diamond":1,"iceandfire:armor_copper_metal_chestplate":2,"minecraft:cobblestone":239,"scalinghealth:heart_crystal_shard":5,"minecraft:granite":1,"jeg:scrap":6,"minecraft:coal":1,"soulsweapons:demon_heart":1,"minecraft:stick":6,"minecraft:dirt":76,"tombstone:bag_of_seeds":1,"minecraft:diorite":53,"minecraft:torch":37,"tombstone:grave_key":1,"minecraft:crimson_roots":2,"skilltree:gem":1,"tombstone:grave_dust":3,"swem:star_worm":3,"born_in_chaos_v1:smoldering_scorched_log":1,"minecraft:dark_oak_planks":1,"minecraft:string":1,"minecraft:white_wool":2,"jeg:tech_trash":3,"swem:oat_seeds":7,"minecraft:gold_ingot":1,"minecraft:bone":2,"minecraft:gravel":88,"minecraft:stone_axe":1,"vanillaplustools:stone_shovel":1,"alexsmobs:gazelle_horn":3,"minecraft:stone_sword":2,"minecraft:cobbled_deepslate":260,"minecraft:tuff":51,"born_in_chaos_v1:rotten_fish":2,"tombstone:gift":2,"minecraft:raw_iron":1,"minecraft:stone_shovel":1,"swem:alfalfa_seeds":12,"soulsweapons:moonstone":5,"minecraft:rotten_flesh":10,"iceandfire:armor_copper_metal_helmet":1,"minecraft:cooked_mutton":2,"alexsmobs:emu_egg":7,"swem:timothy_seeds":9,"minecraft:hay_block":1,"soulsweapons:verglas":1,"minecraft:andesite":5,"born_in_chaos_v1:spiny_shell":4,"born_in_chaos_v1:corpse_maggot":1,"vanillaplustools:stone_hammer":8,"swem:cantazarite_dye":16,"minecraft:arrow":2,"minecraft:glass":4,"minecraft:stone_pickaxe":2,"minecraft:magma_block":7,"minecraft:netherrack":44,"alexsmobs:mosquito_proboscis":1},"minecraft:killed_by":{"minecraft:zombie":12},"minecraft:custom":{"minecraft:mob_kills":71,"minecraft:animals_bred":74,"minecraft:interact_with_crafting_table":55,"goblintraders:trade_with_goblin":33,"minecraft:damage_dealt_resisted":873,"minecraft:leave_game":13,"minecraft:time_since_death":4922,"minecraft:climb_one_cm":1004,"minecraft:sprint_one_cm":915203,"minecraft:walk_one_cm":1238376,"minecraft:damage_blocked_by_shield":3048,"minecraft:drop":138,"minecraft:play_time":566008,"minecraft:sneak_time":42740,"minecraft:deaths":38,"minecraft:walk_under_water_one_cm":146457,"minecraft:jump":4245,"minecraft:interact_with_blast_furnace":11,"minecraft:walk_on_water_one_cm":62110,"minecraft:total_world_time":566008,"spartanshields:shield_bash_hits":3,"minecraft:interact_with_furnace":70,"minecraft:raid_trigger":1,"minecraft:time_since_rest":4360,"minecraft:damage_taken":45813,"minecraft:damage_dealt":21353,"minecraft:swim_one_cm":116887,"minecraft:fly_one_cm":695935,"minecraft:open_chest":457,"minecraft:crouch_one_cm":107885,"tombstone:undead_killed":13,"minecraft:interact_with_smoker":69,"minecraft:fall_one_cm":308490,"minecraft:horse_one_cm":29510}},"DataVersion":3465}