{"stats":{"minecraft:crafted":{"minecraft:cobblestone_slab":24,"minecraft:cooked_mutton":4,"minecraft:stone_pickaxe":1},"minecraft:killed":{"minecraft:sheep":1,"alexsmobs:gazelle":9,"minecraft:drowned":1,"minecraft:cow":1},"minecraft:broken":{"minecraft:stone_pickaxe":1,"minecraft:stone_axe":1},"minecraft:mined":{"minecraft:oak_sapling":2,"minecraft:grass_block":21,"minecraft:tall_grass":1,"minecraft:diorite":6,"minecraft:iron_ore":2,"minecraft:andesite":20,"treechop:chopped_log":18,"minecraft:grass":40,"minecraft:coal_ore":12,"minecraft:dirt":20,"minecraft:stone":414},"minecraft:dropped":{"minecraft:wheat_seeds":7,"alexsmobs:acacia_blossom":7,"minecraft:oak_log":10,"swem:alfalfa_seeds":6,"minecraft:cobblestone":373,"minecraft:rotten_flesh":2,"minecraft:acacia_log":137,"minecraft:coal":9,"swem:timothy_seeds":5,"skilltree:gem":1,"minecraft:acacia_sapling":54,"minecraft:stone_pickaxe":2,"swem:oat_seeds":6},"minecraft:used":{"minecraft:stone_sword":48,"minecraft:stone_shovel":46,"minecraft:stone_pickaxe":73,"vanillaplustools:stone_hammer":43,"minecraft:cobblestone_slab":77,"minecraft:dirt":35,"alexsmobs:cooked_kangaroo_meat":1,"scalinghealth:cursed_heart":1,"minecraft:stone_axe":138,"minecraft:cobblestone":5,"minecraft:beef":1,"minecraft:oak_sapling":3},"minecraft:picked_up":{"swem:timothy_seeds":5,"minecraft:andesite":20,"minecraft:leather":2,"alexsmobs:acacia_blossom":7,"minecraft:oak_log":20,"alexsmobs:cooked_kangaroo_meat":1,"minecraft:dirt":40,"skilltree:gem":1,"alexsmobs:gazelle_horn":3,"minecraft:string":4,"jeg:grenade":1,"minecraft:wheat_seeds":7,"minecraft:stone_pickaxe":3,"minecraft:beef":2,"minecraft:cobblestone_slab":54,"minecraft:light_gray_wool":1,"swem:oat_seeds":4,"minecraft:acacia_sapling":110,"minecraft:stick":30,"minecraft:raw_iron":2,"minecraft:acacia_log":212,"minecraft:diorite":6,"minecraft:stone_sword":1,"minecraft:stone_shovel":1,"minecraft:rotten_flesh":2,"minecraft:stone_axe":1,"swem:alfalfa_seeds":5,"vanillaplustools:stone_hammer":1,"scalinghealth:cursed_heart":1,"minecraft:oak_sapling":3,"minecraft:mutton":7,"minecraft:coal":11,"minecraft:white_wool":1,"minecraft:cobblestone":393},"minecraft:killed_by":{"minecraft:zombie":1,"minecraft:drowned":1},"minecraft:custom":{"minecraft:interact_with_furnace":8,"minecraft:mob_kills":15,"minecraft:interact_with_crafting_table":11,"minecraft:leave_game":2,"minecraft:time_since_death":14781,"minecraft:time_since_rest":13385,"minecraft:sprint_one_cm":132918,"minecraft:damage_taken":5710,"minecraft:walk_one_cm":118998,"minecraft:drop":38,"minecraft:damage_dealt":1319,"minecraft:swim_one_cm":48533,"minecraft:fly_one_cm":191523,"minecraft:open_chest":17,"minecraft:crouch_one_cm":21205,"minecraft:play_time":59971,"tombstone:undead_killed":1,"minecraft:deaths":3,"minecraft:sneak_time":5942,"minecraft:walk_under_water_one_cm":33801,"minecraft:jump":850,"minecraft:walk_on_water_one_cm":17921,"minecraft:total_world_time":59971,"minecraft:fall_one_cm":42423}},"DataVersion":3465}