{"stats":{"minecraft:mined":{"minecraft:iron_ore":3,"minecraft:granite":3,"minecraft:grass":1,"minecraft:oak_log":48,"minecraft:vine":2,"minecraft:jungle_log":1,"minecraft:dirt":8,"minecraft:copper_ore":4,"minecraft:stone":91,"minecraft:oak_leaves":8,"minecraft:wall_torch":1},"minecraft:dropped":{"minecraft:oak_log":8},"minecraft:broken":{"minecraft:stone_pickaxe":1},"minecraft:custom":{"minecraft:time_since_rest":16322,"minecraft:interact_with_furnace":3,"minecraft:sprint_one_cm":30984,"minecraft:damage_taken":110,"minecraft:walk_one_cm":56866,"minecraft:drop":1,"minecraft:damage_dealt":10,"minecraft:interact_with_crafting_table":3,"minecraft:fly_one_cm":35278,"minecraft:play_time":16322,"minecraft:walk_under_water_one_cm":1270,"minecraft:jump":287,"minecraft:time_since_death":16322,"minecraft:walk_on_water_one_cm":287,"minecraft:total_world_time":16322,"minecraft:climb_one_cm":1966,"minecraft:fall_one_cm":8712},"minecraft:used":{"minecraft:stone_pickaxe":101,"minecraft:stone_shovel":8,"minecraft:stone_axe":37,"minecraft:torch":1,"minecraft:oak_sapling":1},"minecraft:crafted":{"minecraft:oak_planks":16,"minecraft:iron_ingot":3},"minecraft:picked_up":{"minecraft:raw_iron":3,"minecraft:torch":3,"minecraft:oak_log":48,"minecraft:dirt":7,"minecraft:raw_copper":14,"minecraft:stone_sword":1,"minecraft:stone_shovel":1,"minecraft:stone_axe":1,"minecraft:granite":3,"minecraft:stone_pickaxe":1,"minecraft:oak_sapling":1,"minecraft:cobblestone":91}},"DataVersion":3465}