{"stats":{"minecraft:custom":{"minecraft:open_chest":9,"minecraft:time_since_rest":1,"minecraft:deaths":1,"minecraft:crouch_one_cm":26,"minecraft:sprint_one_cm":23759,"minecraft:play_time":16339,"minecraft:damage_taken":1140,"minecraft:walk_one_cm":21555,"minecraft:sneak_time":255,"minecraft:walk_under_water_one_cm":5335,"minecraft:drop":1,"minecraft:jump":111,"minecraft:damage_dealt":10,"minecraft:walk_on_water_one_cm":314,"minecraft:time_since_death":711,"minecraft:total_world_time":16339,"minecraft:fall_one_cm":10914,"minecraft:fly_one_cm":27993},"minecraft:used":{"minecraft:cooked_mutton":1,"tombstone:gift":2},"minecraft:dropped":{"tombstone:grave_dust":1},"minecraft:picked_up":{"minecraft:wheat":1,"minecraft:cooked_mutton":1,"minecraft:cooked_beef":3,"minecraft:wheat_seeds":3,"scalinghealth:heart_crystal":1}},"DataVersion":3465}