{"stats":{"minecraft:used":{"minecraft:chest":2,"minecraft:shield":9,"minecraft:soul_sand":1,"minecraft:tuff":1,"minecraft:glass":99,"born_in_chaos_v1:corpse_maggot":1,"minecraft:crimson_roots":1,"rats:cooked_rat":1,"minecraft:hay_block":1,"minecraft:egg":1,"minecraft:sand":1,"soulsweapons:bluemoon_shortsword":330,"minecraft:blast_furnace":1,"iceandfire:silver_axe":74,"iceandfire:armor_copper_metal_chestplate":3,"minecraft:bread":6,"minecraft:golden_helmet":3,"minecraft:smithing_table":1,"minecraft:andesite":7,"minecraft:stone_sword":13,"minecraft:flint_and_steel":3,"iceandfire:armor_copper_metal_leggings":2,"minecraft:stone_shovel":36,"vanillaplustools:stone_hammer":1253,"minecraft:stone_hoe":59,"minecraft:cooked_chicken":2,"minecraft:netherrack":89,"minecraft:torch":65,"iceandfire:armor_copper_metal_boots":3,"minecraft:dirt":65,"scalinghealth:heart_crystal":4,"minecraft:granite":1,"born_in_chaos_v1:black_argillite_button":1,"minecraft:basalt":9,"iceandfire:armor_copper_metal_helmet":2,"tombstone:gift":6,"minecraft:cooked_beef":157,"minecraft:cobbled_deepslate":72,"alexsmobs:boiled_emu_egg":7,"minecraft:brown_bed":1,"minecraft:cooked_mutton":5,"minecraft:wheat_seeds":278,"minecraft:water_bucket":9,"minecraft:cobblestone_stairs":24,"minecraft:cut_sandstone":4,"minecraft:stonecutter":2,"minecraft:terracotta":1,"vanillaplustools:stone_shovel":85,"minecraft:white_bed":4,"minecraft:smoker":1,"minecraft:diamond_pickaxe":96,"minecraft:apple":4,"minecraft:iron_pickaxe":293,"spartanshields:copper_tower_shield":40,"minecraft:stone_axe":188,"scalinghealth:medkit":1,"minecraft:cobblestone":491,"travelersbackpack:standard":42,"minecraft:white_banner":1,"minecraft:cooked_porkchop":3,"minecraft:bucket":9,"alexsmobs:emu_egg":23},"minecraft:broken":{"minecraft:golden_helmet":2,"minecraft:stone_axe":2,"iceandfire:armor_copper_metal_helmet":2,"iceandfire:armor_copper_metal_leggings":3,"vanillaplustools:stone_hammer":9,"minecraft:iron_pickaxe":1,"iceandfire:armor_copper_metal_chestplate":2,"iceandfire:armor_copper_metal_boots":3},"minecraft:killed":{"minecraft:skeleton":1,"minecraft:chicken":1,"born_in_chaos_v1:skeleton_thrasher":1,"minecraft:pig":1,"alexsmobs:crimson_mosquito":8,"minecraft:sheep":1,"minecraft:pillager":6,"minecraft:zombie":11,"minecraft:cow":57,"born_in_chaos_v1:thornshell_crab":1,"alexsmobs:rattlesnake":1,"born_in_chaos_v1:maggot":1,"born_in_chaos_v1:corpse_fish":2,"iceandfire:deathworm":1,"alexsmobs:guster":1,"majruszsdifficulty:cursed_armor":1,"alexsmobs:gazelle":5},"minecraft:picked_up":{"minecraft:wheat":251,"iceandfire:armor_copper_metal_chestplate":2,"soulsweapons:moonstone":9,"minecraft:brown_bed":2,"minecraft:stone_brick_stairs":1,"tombstone:grave_key":2,"minecraft:brewing_stand":1,"minecraft:golden_sword":1,"minecraft:raw_copper":73,"alexsmobs:gazelle_horn":1,"minecraft:string":5,"paraglider:deku_leaf":1,"alexsmobs:blood_sac":3,"minecraft:gold_nugget":49,"minecraft:cobbled_deepslate":1716,"minecraft:golden_helmet":3,"minecraft:stick":63,"iceandfire:armor_copper_metal_leggings":1,"minecraft:torch":29,"minecraft:acacia_log":26,"minecraft:spruce_stairs":1,"minecraft:porkchop":3,"tombstone:grave_dust":1,"minecraft:diorite":213,"minecraft:rotten_flesh":25,"alexsmobs:emu_egg":35,"minecraft:obsidian":3,"minecraft:iron_bars":8,"minecraft:cobblestone":1957,"minecraft:birch_log":3,"minecraft:magma_block":7,"minecraft:feather":2,"minecraft:cooked_beef":158,"minecraft:water_bucket":1,"minecraft:andesite":207,"swem:star_worm":3,"minecraft:potato":1,"minecraft:flint":11,"minecraft:tuff":336,"born_in_chaos_v1:black_argillite_button":4,"jeg:scrap":15,"minecraft:lapis_lazuli":35,"skilltree:gem":14,"minecraft:dirt":262,"minecraft:glass":4,"minecraft:bone":5,"minecraft:stonecutter":2,"minecraft:wheat_seeds":720,"swem:oat_seeds":9,"minecraft:stone_hoe":1,"swem:cantazarite":14,"minecraft:sand":134,"alexsmobs:guster_eye":1,"born_in_chaos_v1:fire_dust":3,"minecraft:diamond":2,"minecraft:crossbow":1,"minecraft:granite":121,"minecraft:bread":2,"soulsweapons:verglas":7,"scalinghealth:cursed_heart":8,"minecraft:oak_sapling":24,"born_in_chaos_v1:rotten_fish":6,"minecraft:netherrack":4237,"minecraft:diamond_pickaxe":1,"minecraft:crimson_roots":4,"iceandfire:raw_silver":11,"minecraft:chicken":1,"minecraft:gold_block":1,"soulsweapons:demon_heart":1,"minecraft:flint_and_steel":1,"minecraft:blackstone":217,"minecraft:beef":426,"minecraft:lectern":1,"minecraft:sugar_cane":3,"minecraft:birch_sapling":3,"minecraft:egg":2,"minecraft:raw_iron":36,"minecraft:redstone":5,"iceandfire:armor_copper_metal_boots":1,"iceandfire:deathworm_egg_giant":2,"minecraft:dark_oak_planks":1,"minecraft:tnt":9,"minecraft:stone_shovel":1,"minecraft:arrow":4,"spartanshields:copper_tower_shield":3,"minecraft:hay_block":2,"swem:alfalfa_seeds":15,"born_in_chaos_v1:spiny_shell":4,"tombstone:essence_of_undeath":1,"minecraft:mutton":5,"minecraft:white_wool":2,"iceandfire:silver_axe":1,"born_in_chaos_v1:corpse_maggot":1,"swem:timothy_seeds":9,"minecraft:basalt":565,"minecraft:cut_sandstone":8,"minecraft:leather":186,"alexsmobs:acacia_blossom":2,"minecraft:birch_planks":1,"minecraft:oak_log":114,"scalinghealth:bandages":1,"iceandfire:armor_copper_metal_helmet":1,"minecraft:cobblestone_stairs":4,"scalinghealth:heart_crystal":5,"alexsmobs:mosquito_proboscis":1,"scalinghealth:medkit":1,"minecraft:white_banner":1,"minecraft:orange_terracotta":1,"minecraft:cooked_mutton":2,"minecraft:apple":4,"minecraft:stone_pickaxe":15,"born_in_chaos_v1:chipped_black_argillite_brick":1,"tombstone:bag_of_seeds":1,"jeg:tech_trash":4,"minecraft:acacia_sapling":7,"minecraft:soul_sand":9,"minecraft:book":13,"soulsweapons:bluemoon_shortsword":6,"scalinghealth:heart_crystal_shard":22,"minecraft:warped_fungus":1,"minecraft:quartz":34,"minecraft:gravel":210,"minecraft:blast_furnace":1,"minecraft:white_bed":4,"minecraft:crying_obsidian":1,"travelersbackpack:standard":3,"minecraft:stone_axe":1,"vanillaplustools:stone_hammer":5,"minecraft:terracotta":1,"minecraft:coal":61,"minecraft:ender_pearl":3},"minecraft:mined":{"minecraft:dark_oak_planks":1,"minecraft:white_bed":4,"minecraft:farmland":1,"minecraft:mossy_stone_brick_slab":1,"minecraft:cobblestone_stairs":7,"minecraft:brewing_stand":1,"minecraft:obsidian":4,"minecraft:granite":111,"swem:cantazarite_ore":2,"minecraft:grass_block":38,"minecraft:magma_block":13,"minecraft:glowstone":1,"minecraft:cobbled_deepslate":2,"minecraft:iron_ore":30,"born_in_chaos_v1:black_argillite_brick_slab":1,"minecraft:fire":45,"minecraft:deepslate_lapis_ore":5,"minecraft:brown_bed":2,"minecraft:dirt_path":8,"minecraft:iron_bars":8,"minecraft:cut_sandstone":8,"minecraft:blackstone":222,"soulsweapons:verglas_ore_deepslate":3,"minecraft:crimson_nylium":3,"minecraft:orange_terracotta":1,"minecraft:torch":2,"minecraft:blast_furnace":1,"minecraft:dead_bush":1,"minecraft:glass":1,"minecraft:nether_quartz_ore":35,"minecraft:cobblestone":126,"born_in_chaos_v1:black_argillite_button":1,"minecraft:wall_torch":10,"minecraft:wheat":283,"minecraft:tnt":9,"born_in_chaos_v1:black_argillite_brick":1,"minecraft:grass":30,"minecraft:sand":156,"minecraft:dirt":190,"minecraft:stonecutter":1,"minecraft:netherrack":5429,"minecraft:deepslate":1670,"soulsweapons:verglas_ore":4,"minecraft:nether_gold_ore":8,"minecraft:crying_obsidian":2,"minecraft:tuff":288,"iceandfire:silver_ore":11,"minecraft:deepslate_diamond_ore":3,"minecraft:crimson_roots":1,"minecraft:andesite":277,"treechop:chopped_log":10,"minecraft:gold_block":1,"soulsweapons:moonstone_ore_deepslate":7,"minecraft:bookshelf":4,"minecraft:deepslate_iron_ore":3,"minecraft:stone":1640,"jeg:scrap_ore":11,"minecraft:soul_sand":21,"minecraft:basalt":720,"minecraft:lectern":1,"minecraft:tall_grass":15,"minecraft:copper_ore":20,"born_in_chaos_v1:chipped_black_argillite_brick":1,"minecraft:diorite":234,"jeg:deepslate_scrap_ore":6,"minecraft:coal_ore":33,"minecraft:gravel":135,"minecraft:cobweb":2,"minecraft:terracotta":1},"minecraft:crafted":{"minecraft:oak_planks":156,"minecraft:cooked_chicken":2,"spartanshields:wooden_tower_shield":1,"minecraft:cobblestone_stairs":44,"minecraft:cooked_mutton":2,"iceandfire:armor_copper_metal_boots":3,"minecraft:glass":132,"iceandfire:armor_copper_metal_chestplate":3,"minecraft:chest":2,"vanillaplustools:stone_shovel":1,"minecraft:stone_hoe":2,"iceandfire:silver_axe":2,"minecraft:emerald":33,"minecraft:cooked_porkchop":3,"minecraft:smithing_table":1,"minecraft:stick":268,"minecraft:iron_ingot":36,"minecraft:iron_pickaxe":1,"minecraft:stone_sword":1,"minecraft:gold_ingot":3,"minecraft:stone_shovel":17,"vanillaplustools:stone_hammer":11,"iceandfire:armor_copper_metal_leggings":3,"iceandfire:armor_copper_metal_helmet":3,"spartanshields:copper_tower_shield":1,"minecraft:stone_pickaxe":95,"minecraft:cooked_beef":246,"swem:cantazarite_dye":16,"alexsmobs:boiled_emu_egg":7,"minecraft:stone_axe":1,"minecraft:acacia_planks":40,"minecraft:torch":112},"minecraft:dropped":{"soulsweapons:bluemoon_shortsword":5,"iceandfire:raw_silver":2,"minecraft:birch_planks":1,"minecraft:oak_log":63,"minecraft:cooked_beef":28,"iceandfire:silver_axe":1,"minecraft:ender_pearl":3,"minecraft:diamond":1,"jeg:scrap":6,"iceandfire:deathworm_egg_giant":1,"soulsweapons:demon_heart":1,"minecraft:dirt":76,"tombstone:bag_of_seeds":1,"minecraft:crimson_roots":2,"minecraft:cut_sandstone":4,"swem:star_worm":3,"minecraft:dark_oak_planks":1,"minecraft:white_wool":2,"jeg:tech_trash":3,"swem:oat_seeds":7,"minecraft:gold_ingot":1,"minecraft:bone":3,"minecraft:gravel":88,"minecraft:stone_axe":1,"vanillaplustools:stone_shovel":1,"alexsmobs:gazelle_horn":3,"minecraft:cobbled_deepslate":260,"minecraft:obsidian":1,"tombstone:gift":2,"swem:alfalfa_seeds":12,"soulsweapons:moonstone":8,"minecraft:rotten_flesh":14,"minecraft:cooked_mutton":2,"alexsmobs:emu_egg":7,"swem:timothy_seeds":9,"soulsweapons:verglas":3,"born_in_chaos_v1:corpse_maggot":1,"vanillaplustools:stone_hammer":8,"swem:cantazarite_dye":16,"minecraft:arrow":2,"minecraft:glass":4,"minecraft:crying_obsidian":1,"minecraft:netherrack":44,"alexsmobs:mosquito_proboscis":1,"minecraft:stone_hoe":3,"minecraft:water_bucket":1,"minecraft:bread":2,"minecraft:wheat_seeds":24,"minecraft:golden_helmet":1,"scalinghealth:cursed_heart":3,"iceandfire:armor_copper_metal_chestplate":2,"scalinghealth:heart_crystal_shard":5,"minecraft:cobblestone":239,"minecraft:granite":1,"minecraft:spruce_stairs":1,"minecraft:coal":1,"minecraft:stick":6,"minecraft:diorite":53,"minecraft:brewing_stand":1,"minecraft:torch":37,"tombstone:grave_key":2,"skilltree:gem":1,"tombstone:grave_dust":3,"minecraft:string":3,"born_in_chaos_v1:smoldering_scorched_log":1,"minecraft:stone_sword":2,"minecraft:tuff":51,"minecraft:stone_shovel":1,"minecraft:raw_iron":1,"born_in_chaos_v1:rotten_fish":2,"iceandfire:armor_copper_metal_helmet":1,"minecraft:hay_block":1,"born_in_chaos_v1:spiny_shell":4,"minecraft:andesite":5,"minecraft:brown_bed":1,"minecraft:stone_pickaxe":2,"minecraft:magma_block":7},"minecraft:killed_by":{"minecraft:zombie":17,"minecraft:husk":1},"minecraft:custom":{"minecraft:animals_bred":92,"minecraft:interact_with_crafting_table":63,"minecraft:open_barrel":1,"goblintraders:trade_with_goblin":33,"minecraft:leave_game":15,"minecraft:time_since_death":36466,"minecraft:sprint_one_cm":1094810,"minecraft:damage_blocked_by_shield":3921,"minecraft:drop":162,"minecraft:play_time":671161,"minecraft:deaths":46,"minecraft:jump":5189,"minecraft:interact_with_brewingstand":1,"minecraft:walk_on_water_one_cm":89389,"minecraft:interact_with_furnace":78,"minecraft:damage_dealt":26265,"minecraft:crouch_one_cm":111209,"tombstone:undead_killed":13,"minecraft:interact_with_smoker":82,"minecraft:horse_one_cm":29510,"minecraft:interact_with_smithing_table":1,"minecraft:mob_kills":110,"minecraft:damage_dealt_resisted":923,"minecraft:climb_one_cm":4698,"minecraft:walk_one_cm":1466297,"minecraft:sneak_time":44671,"minecraft:walk_under_water_one_cm":193279,"minecraft:interact_with_blast_furnace":21,"minecraft:total_world_time":671161,"spartanshields:shield_bash_hits":4,"minecraft:raid_trigger":1,"minecraft:interact_with_stonecutter":3,"minecraft:time_since_rest":27357,"minecraft:damage_taken":56188,"minecraft:swim_one_cm":129618,"minecraft:fly_one_cm":966901,"minecraft:open_chest":563,"minecraft:fall_one_cm":346001}},"DataVersion":3465}