{"stats":{"minecraft:picked_up":{"swem:timothy_seeds":17,"minecraft:crafting_table":1,"minecraft:clay_ball":8,"minecraft:andesite":20,"minecraft:leather":4,"alexsmobs:acacia_blossom":9,"minecraft:oak_log":107,"tombstone:grave_key":1,"scalinghealth:bandages":1,"iceandfire:ectoplasm":1,"alexsmobs:cooked_kangaroo_meat":5,"minecraft:shield":2,"minecraft:amethyst_block":4,"scalinghealth:heart_crystal":1,"skilltree:gem":1,"alexsmobs:gazelle_horn":3,"minecraft:dirt":359,"minecraft:string":4,"minecraft:raw_copper":19,"jeg:grenade":1,"minecraft:cooked_mutton":1,"minecraft:apple":4,"vanillaplustools:stone_shovel":1,"minecraft:wheat_seeds":26,"minecraft:stone_pickaxe":3,"minecraft:beef":3,"scalinghealth:power_crystal_shard":4,"minecraft:cobblestone_slab":177,"minecraft:light_gray_wool":1,"swem:oat_seeds":15,"minecraft:birch_sapling":2,"minecraft:acacia_sapling":120,"minecraft:furnace":2,"minecraft:stick":65,"minecraft:raw_iron":8,"scalinghealth:heart_crystal_shard":12,"minecraft:cooked_porkchop":2,"minecraft:copper_ingot":5,"minecraft:torch":3,"minecraft:acacia_log":272,"minecraft:porkchop":14,"minecraft:diorite":6,"minecraft:rotten_flesh":2,"minecraft:stone_sword":2,"minecraft:stone_shovel":1,"minecraft:stone_axe":3,"minecraft:granite":3,"swem:alfalfa_seeds":17,"vanillaplustools:stone_hammer":2,"alexsmobs:emu_egg":1,"scalinghealth:cursed_heart":4,"minecraft:oak_sapling":44,"minecraft:mutton":10,"minecraft:coal":11,"minecraft:white_wool":2,"minecraft:cobblestone":471,"paraglider:paraglider":1},"minecraft:used":{"alexsmobs:emu_egg":1,"minecraft:wheat_seeds":1,"minecraft:cooked_mutton":8,"minecraft:stone_sword":136,"minecraft:acacia_log":26,"minecraft:stone_shovel":62,"minecraft:stone_pickaxe":95,"minecraft:chest":2,"minecraft:cooked_chicken":1,"vanillaplustools:stone_hammer":61,"minecraft:cobblestone_slab":318,"minecraft:torch":2,"minecraft:dirt":171,"scalinghealth:heart_crystal":1,"minecraft:crafting_table":2,"alexsmobs:cooked_kangaroo_meat":5,"vanillaplustools:stone_shovel":34,"scalinghealth:cursed_heart":3,"minecraft:smoker":1,"minecraft:apple":4,"minecraft:stone_axe":337,"minecraft:cobblestone":18,"minecraft:beef":2,"minecraft:cooked_porkchop":3,"minecraft:furnace":3,"minecraft:oak_sapling":3,"minecraft:porkchop":1,"minecraft:acacia_fence":17,"scalinghealth:bandages":1},"minecraft:custom":{"minecraft:interact_with_furnace":25,"minecraft:mob_kills":31,"minecraft:interact_with_crafting_table":37,"minecraft:leave_game":6,"minecraft:time_since_death":51280,"minecraft:climb_one_cm":305,"minecraft:time_since_rest":49742,"minecraft:sprint_one_cm":347717,"minecraft:damage_taken":14640,"minecraft:walk_one_cm":417531,"minecraft:drop":61,"minecraft:damage_dealt":3774,"minecraft:swim_one_cm":70181,"minecraft:fly_one_cm":497030,"minecraft:open_chest":141,"minecraft:crouch_one_cm":65753,"minecraft:play_time":184753,"tombstone:undead_killed":1,"minecraft:deaths":10,"minecraft:sneak_time":18869,"minecraft:walk_under_water_one_cm":81317,"minecraft:jump":2247,"minecraft:walk_on_water_one_cm":34393,"minecraft:interact_with_smoker":5,"minecraft:total_world_time":184753,"minecraft:fall_one_cm":104385},"minecraft:mined":{"minecraft:oak_sapling":3,"minecraft:crafting_table":1,"minecraft:torch":4,"minecraft:granite":3,"minecraft:acacia_log":9,"minecraft:grass_block":102,"minecraft:copper_ore":5,"minecraft:tall_grass":6,"minecraft:cobblestone":18,"minecraft:diorite":6,"minecraft:amethyst_block":9,"minecraft:furnace":2,"minecraft:iron_ore":9,"minecraft:andesite":20,"treechop:chopped_log":37,"minecraft:grass":131,"minecraft:oak_log":1,"minecraft:coal_ore":12,"minecraft:cobblestone_slab":8,"minecraft:dirt":167,"minecraft:stone":468,"minecraft:oak_leaves":8},"minecraft:killed":{"minecraft:pig":11,"alexsmobs:rhinoceros":1,"born_in_chaos_v1:scarlet_persecutor":1,"minecraft:sheep":2,"alexsmobs:gazelle":10,"minecraft:drowned":1,"minecraft:cow":2},"minecraft:dropped":{"minecraft:porkchop":7,"minecraft:wheat_seeds":24,"alexsmobs:acacia_blossom":9,"minecraft:oak_log":10,"minecraft:stone_sword":1,"scalinghealth:heart_crystal_shard":6,"minecraft:cooked_porkchop":3,"scalinghealth:cursed_heart":1,"minecraft:raw_iron":3,"swem:alfalfa_seeds":11,"minecraft:cobblestone":373,"minecraft:rotten_flesh":2,"minecraft:amethyst_block":1,"minecraft:acacia_log":137,"minecraft:coal":9,"minecraft:dirt":64,"swem:timothy_seeds":8,"minecraft:shield":1,"minecraft:diorite":6,"tombstone:grave_key":1,"minecraft:andesite":20,"skilltree:gem":1,"minecraft:acacia_sapling":54,"minecraft:stone_pickaxe":2,"swem:oat_seeds":15},"minecraft:killed_by":{"minecraft:zombie":2,"born_in_chaos_v1:scarlet_persecutor":1,"minecraft:drowned":4},"minecraft:crafted":{"minecraft:cobblestone_slab":150,"minecraft:cooked_porkchop":4,"minecraft:crafting_table":1,"minecraft:cooked_chicken":1,"minecraft:furnace":2,"minecraft:cooked_mutton":7,"minecraft:stick":12,"minecraft:stone_pickaxe":1,"minecraft:acacia_fence":21,"minecraft:chest":2,"minecraft:acacia_planks":60,"minecraft:torch":52,"minecraft:smoker":1},"minecraft:broken":{"minecraft:stone_pickaxe":1,"minecraft:stone_axe":2}},"DataVersion":3465}