{"stats":{"minecraft:custom":{"minecraft:interact_with_furnace":14,"minecraft:mob_kills":4,"minecraft:animals_bred":21,"minecraft:interact_with_crafting_table":6,"minecraft:leave_game":3,"minecraft:time_since_death":41596,"minecraft:time_since_rest":39815,"minecraft:sprint_one_cm":142615,"minecraft:damage_taken":4392,"minecraft:walk_one_cm":197567,"minecraft:damage_blocked_by_shield":855,"minecraft:drop":41,"minecraft:damage_dealt":466,"minecraft:swim_one_cm":31166,"minecraft:fly_one_cm":105055,"minecraft:open_chest":165,"minecraft:crouch_one_cm":5865,"minecraft:play_time":109050,"minecraft:deaths":3,"minecraft:sneak_time":2570,"minecraft:walk_under_water_one_cm":16222,"minecraft:jump":551,"minecraft:interact_with_blast_furnace":8,"minecraft:walk_on_water_one_cm":7856,"minecraft:interact_with_smoker":12,"minecraft:total_world_time":109050,"minecraft:fall_one_cm":24284,"minecraft:horse_one_cm":2170},"minecraft:crafted":{"minecraft:cooked_beef":2,"minecraft:stone_shovel":1,"vanillaplustools:stone_hammer":2,"minecraft:cooked_porkchop":1,"minecraft:stone_axe":1,"minecraft:iron_ingot":4,"minecraft:stone_pickaxe":21,"minecraft:stone_sword":1,"minecraft:torch":32},"minecraft:used":{"alexsmobs:emu_egg":8,"minecraft:wheat_seeds":58,"minecraft:cooked_mutton":4,"minecraft:stone_sword":13,"minecraft:stone_shovel":2,"minecraft:shield":9,"vanillaplustools:stone_hammer":267,"minecraft:torch":26,"iceandfire:armor_copper_metal_boots":1,"minecraft:dirt":16,"vanillaplustools:stone_shovel":22,"minecraft:smoker":1,"iceandfire:armor_copper_metal_chestplate":1,"minecraft:iron_pickaxe":15,"minecraft:stone_axe":23,"minecraft:cooked_porkchop":1,"tombstone:gift":2,"minecraft:cooked_beef":6},"minecraft:broken":{"vanillaplustools:stone_hammer":3},"minecraft:dropped":{"minecraft:stone_axe":1,"alexsmobs:gazelle_horn":2,"minecraft:oak_log":63,"minecraft:stone_sword":2,"minecraft:cobbled_deepslate":256,"minecraft:ender_pearl":3,"minecraft:tuff":50,"minecraft:raw_iron":1,"tombstone:gift":1,"minecraft:stone_shovel":1,"soulsweapons:moonstone":5,"swem:alfalfa_seeds":3,"minecraft:cobblestone":156,"minecraft:rotten_flesh":1,"minecraft:granite":1,"jeg:scrap":6,"alexsmobs:emu_egg":7,"minecraft:dirt":67,"swem:timothy_seeds":1,"minecraft:diorite":33,"minecraft:torch":37,"born_in_chaos_v1:corpse_maggot":1,"vanillaplustools:stone_hammer":2,"tombstone:grave_dust":2,"swem:star_worm":3,"minecraft:stone_pickaxe":1,"minecraft:string":1,"jeg:tech_trash":2,"swem:oat_seeds":3},"minecraft:mined":{"minecraft:tuff":181,"jeg:scrap_ore":4,"iceandfire:silver_ore":7,"minecraft:deepslate_diamond_ore":3,"soulsweapons:verglas_ore_deepslate":1,"swem:cantazarite_ore":2,"minecraft:granite":41,"minecraft:grass_block":17,"minecraft:copper_ore":10,"minecraft:diorite":80,"jeg:deepslate_scrap_ore":6,"minecraft:iron_ore":4,"minecraft:wheat":90,"minecraft:andesite":46,"minecraft:deepslate_lapis_ore":5,"minecraft:grass":5,"soulsweapons:moonstone_ore_deepslate":3,"minecraft:coal_ore":4,"minecraft:dirt_path":4,"minecraft:deepslate_iron_ore":3,"minecraft:dirt":106,"minecraft:stone":949,"minecraft:deepslate":993},"minecraft:picked_up":{"born_in_chaos_v1:corpse_maggot":1,"minecraft:wheat":74,"minecraft:cooked_beef":20,"swem:star_worm":3,"minecraft:andesite":41,"minecraft:leather":10,"iceandfire:armor_copper_metal_chestplate":1,"soulsweapons:moonstone":5,"minecraft:tuff":146,"minecraft:oak_log":63,"jeg:scrap":3,"iceandfire:armor_copper_metal_helmet":1,"scalinghealth:heart_crystal":1,"minecraft:lapis_lazuli":35,"skilltree:gem":2,"minecraft:dirt":140,"minecraft:raw_copper":41,"minecraft:cooked_mutton":1,"minecraft:wheat_seeds":234,"minecraft:cobbled_deepslate":776,"minecraft:beef":37,"swem:oat_seeds":2,"jeg:tech_trash":3,"soulsweapons:bluemoon_shortsword":1,"minecraft:raw_iron":11,"iceandfire:armor_copper_metal_leggings":1,"swem:cantazarite":14,"minecraft:gravel":35,"minecraft:diorite":74,"iceandfire:armor_copper_metal_boots":1,"minecraft:rotten_flesh":2,"spartanshields:copper_tower_shield":1,"minecraft:granite":55,"swem:alfalfa_seeds":1,"vanillaplustools:stone_hammer":3,"alexsmobs:emu_egg":14,"soulsweapons:verglas":1,"tombstone:essence_of_undeath":1,"minecraft:coal":6,"minecraft:ender_pearl":3,"iceandfire:raw_silver":7,"minecraft:cobblestone":961},"minecraft:killed":{"born_in_chaos_v1:corpse_fish":1},"minecraft:killed_by":{"minecraft:zombie":2}},"DataVersion":3465}