{"stats":{"minecraft:custom":{"minecraft:time_since_rest":23910,"minecraft:interact_with_furnace":5,"minecraft:walk_one_cm":73680,"minecraft:sprint_one_cm":71276,"minecraft:damage_taken":1185,"minecraft:drop":18,"minecraft:animals_bred":14,"minecraft:damage_dealt":10,"minecraft:interact_with_crafting_table":1,"minecraft:swim_one_cm":5449,"minecraft:fly_one_cm":64371,"minecraft:open_chest":88,"minecraft:crouch_one_cm":2127,"minecraft:play_time":40339,"minecraft:deaths":1,"minecraft:sneak_time":753,"minecraft:walk_under_water_one_cm":5359,"minecraft:jump":292,"minecraft:time_since_death":24711,"minecraft:walk_on_water_one_cm":685,"minecraft:total_world_time":40339,"minecraft:interact_with_smoker":1,"minecraft:fall_one_cm":11658,"minecraft:horse_one_cm":1694},"minecraft:crafted":{"minecraft:stone_shovel":1,"minecraft:iron_ingot":4,"minecraft:stone_sword":1,"minecraft:stone_axe":1},"minecraft:used":{"alexsmobs:emu_egg":4,"minecraft:wheat_seeds":36,"minecraft:cooked_mutton":1,"vanillaplustools:stone_hammer":6,"vanillaplustools:stone_shovel":10,"tombstone:gift":2,"minecraft:smoker":1},"minecraft:dropped":{"swem:timothy_seeds":1,"minecraft:stone_axe":1,"alexsmobs:gazelle_horn":2,"minecraft:oak_log":63,"minecraft:stone_sword":1,"tombstone:gift":1,"minecraft:stone_shovel":1,"vanillaplustools:stone_hammer":1,"swem:alfalfa_seeds":3,"tombstone:grave_dust":2,"minecraft:stone_pickaxe":1,"jeg:scrap":6,"alexsmobs:emu_egg":7,"minecraft:string":1,"jeg:tech_trash":2,"swem:oat_seeds":2},"minecraft:mined":{"minecraft:iron_ore":1,"minecraft:wheat":67,"minecraft:grass":4,"minecraft:grass_block":9,"minecraft:dirt":41,"minecraft:stone":43,"minecraft:diorite":3},"minecraft:picked_up":{"minecraft:raw_iron":1,"minecraft:wheat":52,"minecraft:cooked_beef":3,"minecraft:oak_log":63,"minecraft:diorite":3,"scalinghealth:heart_crystal":1,"minecraft:dirt":50,"minecraft:cooked_mutton":1,"minecraft:wheat_seeds":166,"swem:alfalfa_seeds":1,"alexsmobs:emu_egg":10,"swem:oat_seeds":1,"minecraft:cobblestone":44}},"DataVersion":3465}