{"stats":{"minecraft:broken":{"iceandfire:armor_copper_metal_leggings":1,"vanillaplustools:stone_hammer":3,"minecraft:stone_axe":1,"iceandfire:armor_copper_metal_boots":1,"iceandfire:armor_copper_metal_helmet":1},"minecraft:used":{"minecraft:stone_sword":13,"iceandfire:armor_copper_metal_leggings":1,"minecraft:stone_shovel":19,"minecraft:shield":9,"vanillaplustools:stone_hammer":328,"minecraft:stone_hoe":59,"minecraft:torch":33,"iceandfire:armor_copper_metal_boots":2,"minecraft:dirt":63,"minecraft:tuff":1,"minecraft:granite":1,"minecraft:glass":55,"iceandfire:armor_copper_metal_helmet":1,"tombstone:gift":4,"minecraft:cooked_beef":22,"minecraft:cobbled_deepslate":5,"alexsmobs:boiled_emu_egg":7,"minecraft:cooked_mutton":5,"minecraft:wheat_seeds":91,"minecraft:water_bucket":7,"minecraft:cobblestone_stairs":16,"soulsweapons:bluemoon_shortsword":24,"vanillaplustools:stone_shovel":38,"minecraft:smoker":1,"minecraft:apple":4,"iceandfire:armor_copper_metal_chestplate":2,"minecraft:iron_pickaxe":26,"spartanshields:copper_tower_shield":6,"scalinghealth:medkit":1,"minecraft:stone_axe":146,"minecraft:cobblestone":17,"travelersbackpack:standard":8,"minecraft:cooked_porkchop":1,"minecraft:bucket":6,"alexsmobs:emu_egg":14},"minecraft:killed":{"born_in_chaos_v1:corpse_fish":1,"minecraft:sheep":1,"minecraft:zombie":2,"alexsmobs:gazelle":3,"minecraft:cow":21},"minecraft:picked_up":{"minecraft:wheat":74,"iceandfire:armor_copper_metal_chestplate":2,"soulsweapons:moonstone":6,"tombstone:grave_key":1,"alexsmobs:gazelle_horn":1,"minecraft:raw_copper":41,"minecraft:cobbled_deepslate":1267,"minecraft:beef":167,"minecraft:birch_sapling":3,"minecraft:egg":1,"minecraft:stick":17,"minecraft:raw_iron":11,"iceandfire:armor_copper_metal_leggings":1,"minecraft:torch":4,"minecraft:diorite":74,"iceandfire:armor_copper_metal_boots":1,"minecraft:rotten_flesh":7,"spartanshields:copper_tower_shield":2,"swem:alfalfa_seeds":1,"alexsmobs:emu_egg":25,"tombstone:essence_of_undeath":1,"minecraft:mutton":4,"minecraft:white_wool":2,"minecraft:cobblestone":967,"minecraft:birch_log":3,"born_in_chaos_v1:corpse_maggot":1,"swem:timothy_seeds":1,"minecraft:cooked_beef":69,"minecraft:andesite":41,"swem:star_worm":3,"minecraft:leather":67,"minecraft:flint":2,"minecraft:tuff":284,"minecraft:oak_log":100,"jeg:scrap":3,"iceandfire:armor_copper_metal_helmet":1,"scalinghealth:heart_crystal":1,"skilltree:gem":3,"minecraft:lapis_lazuli":35,"minecraft:dirt":181,"scalinghealth:medkit":1,"minecraft:cooked_mutton":2,"minecraft:apple":4,"minecraft:wheat_seeds":236,"swem:oat_seeds":2,"jeg:tech_trash":3,"soulsweapons:bluemoon_shortsword":3,"scalinghealth:heart_crystal_shard":6,"swem:cantazarite":14,"minecraft:gravel":62,"minecraft:sand":47,"travelersbackpack:standard":1,"minecraft:diamond":2,"minecraft:stone_axe":1,"minecraft:granite":56,"vanillaplustools:stone_hammer":3,"soulsweapons:verglas":2,"scalinghealth:cursed_heart":6,"minecraft:oak_sapling":19,"minecraft:coal":31,"iceandfire:raw_silver":7,"minecraft:ender_pearl":3},"minecraft:mined":{"minecraft:tuff":288,"minecraft:farmland":1,"iceandfire:silver_ore":7,"minecraft:deepslate_diamond_ore":3,"minecraft:cobblestone_stairs":3,"minecraft:granite":41,"swem:cantazarite_ore":2,"minecraft:grass_block":34,"minecraft:iron_ore":4,"minecraft:andesite":46,"treechop:chopped_log":4,"minecraft:deepslate_lapis_ore":5,"soulsweapons:moonstone_ore_deepslate":4,"minecraft:deepslate_iron_ore":3,"minecraft:dirt_path":4,"minecraft:stone":949,"jeg:scrap_ore":4,"soulsweapons:verglas_ore_deepslate":2,"minecraft:copper_ore":10,"minecraft:cobblestone":4,"minecraft:diorite":80,"jeg:deepslate_scrap_ore":6,"minecraft:wheat":90,"minecraft:grass":6,"minecraft:coal_ore":4,"minecraft:gravel":11,"minecraft:sand":62,"minecraft:dirt":138,"minecraft:deepslate":1422},"minecraft:crafted":{"minecraft:oak_planks":16,"minecraft:stone_shovel":1,"vanillaplustools:stone_hammer":2,"iceandfire:armor_copper_metal_leggings":1,"minecraft:cobblestone_stairs":16,"minecraft:cooked_mutton":2,"iceandfire:armor_copper_metal_boots":1,"iceandfire:armor_copper_metal_helmet":1,"minecraft:glass":55,"iceandfire:armor_copper_metal_chestplate":1,"minecraft:stone_pickaxe":21,"minecraft:stone_hoe":1,"minecraft:cooked_beef":100,"minecraft:cooked_porkchop":1,"alexsmobs:boiled_emu_egg":7,"minecraft:stone_axe":1,"minecraft:stick":32,"minecraft:iron_ingot":4,"minecraft:stone_sword":1,"minecraft:torch":88},"minecraft:dropped":{"soulsweapons:bluemoon_shortsword":2,"minecraft:stone_hoe":1,"minecraft:wheat_seeds":14,"minecraft:cooked_beef":2,"minecraft:oak_log":63,"scalinghealth:cursed_heart":3,"minecraft:ender_pearl":3,"minecraft:diamond":1,"iceandfire:armor_copper_metal_chestplate":2,"minecraft:cobblestone":160,"minecraft:granite":1,"jeg:scrap":6,"minecraft:dirt":67,"minecraft:diorite":33,"minecraft:torch":37,"tombstone:grave_key":1,"tombstone:grave_dust":3,"swem:star_worm":3,"minecraft:string":1,"minecraft:white_wool":2,"jeg:tech_trash":2,"swem:oat_seeds":3,"minecraft:stone_axe":1,"alexsmobs:gazelle_horn":3,"minecraft:stone_sword":2,"minecraft:cobbled_deepslate":258,"minecraft:tuff":51,"minecraft:raw_iron":1,"tombstone:gift":1,"minecraft:stone_shovel":1,"swem:alfalfa_seeds":3,"soulsweapons:moonstone":5,"minecraft:rotten_flesh":1,"minecraft:cooked_mutton":2,"alexsmobs:emu_egg":7,"swem:timothy_seeds":2,"soulsweapons:verglas":1,"born_in_chaos_v1:corpse_maggot":1,"vanillaplustools:stone_hammer":2,"minecraft:stone_pickaxe":1},"minecraft:killed_by":{"minecraft:zombie":6},"minecraft:custom":{"minecraft:mob_kills":31,"minecraft:animals_bred":21,"minecraft:interact_with_crafting_table":17,"minecraft:damage_dealt_resisted":10,"minecraft:leave_game":8,"minecraft:time_since_death":34673,"minecraft:sprint_one_cm":404006,"minecraft:walk_one_cm":426324,"minecraft:damage_blocked_by_shield":1308,"minecraft:drop":68,"minecraft:play_time":238450,"minecraft:deaths":14,"minecraft:sneak_time":9380,"minecraft:walk_under_water_one_cm":78182,"minecraft:jump":1861,"minecraft:interact_with_blast_furnace":9,"minecraft:walk_on_water_one_cm":24029,"minecraft:total_world_time":238450,"minecraft:interact_with_furnace":47,"spartanshields:shield_bash_hits":2,"minecraft:time_since_rest":32372,"minecraft:damage_taken":12114,"minecraft:damage_dealt":7334,"minecraft:swim_one_cm":76420,"minecraft:fly_one_cm":364623,"minecraft:open_chest":249,"minecraft:crouch_one_cm":20455,"tombstone:undead_killed":2,"minecraft:interact_with_smoker":44,"minecraft:fall_one_cm":82430,"minecraft:horse_one_cm":2655}},"DataVersion":3465}