{"stats":{"minecraft:picked_up":{"minecraft:crafting_table":1,"minecraft:wheat":1,"minecraft:clay_ball":8,"tombstone:grave_key":1,"minecraft:shield":2,"minecraft:amethyst_block":4,"alexsmobs:gazelle_horn":5,"minecraft:string":5,"minecraft:raw_copper":19,"vanillaplustools:stone_shovel":1,"minecraft:bucket":1,"minecraft:beef":5,"minecraft:cobblestone_slab":177,"minecraft:iron_pickaxe":1,"minecraft:light_gray_wool":1,"minecraft:birch_sapling":2,"minecraft:furnace":2,"minecraft:stick":71,"minecraft:raw_iron":11,"minecraft:copper_ingot":5,"minecraft:torch":14,"minecraft:acacia_log":272,"minecraft:porkchop":15,"minecraft:diorite":6,"minecraft:rotten_flesh":2,"minecraft:stone_shovel":1,"minecraft:stone_sword":2,"swem:alfalfa_seeds":22,"alexsmobs:emu_egg":2,"minecraft:mutton":14,"minecraft:cobblestone":539,"minecraft:white_wool":2,"paraglider:paraglider":1,"swem:timothy_seeds":18,"minecraft:andesite":20,"minecraft:acacia_leaves":2,"minecraft:leather":4,"alexsmobs:acacia_blossom":9,"minecraft:smoker":2,"minecraft:oak_log":122,"scalinghealth:bandages":1,"iceandfire:ectoplasm":1,"jeg:scrap":6,"alexsmobs:cooked_kangaroo_meat":5,"scalinghealth:heart_crystal":1,"skilltree:gem":1,"minecraft:dirt":456,"jeg:grenade":1,"minecraft:cooked_mutton":1,"minecraft:apple":4,"minecraft:wheat_seeds":35,"minecraft:stone_pickaxe":3,"scalinghealth:power_crystal_shard":4,"swem:oat_seeds":17,"minecraft:acacia_sapling":120,"jeg:tech_trash":2,"scalinghealth:heart_crystal_shard":12,"minecraft:cooked_porkchop":5,"minecraft:sand":10,"minecraft:stone_axe":3,"minecraft:granite":3,"vanillaplustools:stone_hammer":2,"minecraft:bone_meal":1,"scalinghealth:cursed_heart":4,"minecraft:oak_sapling":51,"minecraft:coal":11},"minecraft:used":{"alexsmobs:emu_egg":1,"minecraft:stone_sword":179,"minecraft:acacia_log":26,"minecraft:stone_shovel":62,"minecraft:shield":3,"minecraft:chest":2,"born_in_chaos_v1:smoked_fish":1,"vanillaplustools:stone_hammer":75,"minecraft:cooked_chicken":1,"minecraft:torch":24,"minecraft:dirt":171,"scalinghealth:heart_crystal":1,"alexsmobs:cooked_kangaroo_meat":5,"minecraft:beef":3,"minecraft:furnace":3,"minecraft:oak_sapling":3,"minecraft:acacia_fence":17,"scalinghealth:bandages":1,"tombstone:gift":2,"minecraft:cooked_beef":1,"minecraft:wheat_seeds":8,"minecraft:cooked_mutton":8,"minecraft:water_bucket":3,"minecraft:stone_pickaxe":197,"minecraft:cobblestone_slab":325,"minecraft:crafting_table":2,"vanillaplustools:stone_shovel":46,"scalinghealth:cursed_heart":3,"minecraft:smoker":2,"minecraft:apple":4,"minecraft:stone_axe":368,"minecraft:cobblestone":448,"minecraft:cooked_porkchop":5,"minecraft:porkchop":1,"minecraft:bucket":4},"minecraft:custom":{"minecraft:mob_kills":40,"minecraft:interact_with_crafting_table":37,"minecraft:leave_game":6,"minecraft:time_since_death":17032,"minecraft:climb_one_cm":305,"minecraft:sprint_one_cm":428622,"minecraft:walk_one_cm":562562,"minecraft:damage_blocked_by_shield":240,"minecraft:drop":71,"minecraft:play_time":240163,"minecraft:deaths":12,"minecraft:sneak_time":32114,"minecraft:walk_under_water_one_cm":92336,"minecraft:jump":3140,"minecraft:walk_on_water_one_cm":44265,"minecraft:total_world_time":240163,"minecraft:interact_with_furnace":42,"minecraft:time_since_rest":15037,"minecraft:damage_taken":16426,"minecraft:damage_dealt":5017,"minecraft:swim_one_cm":92813,"minecraft:fly_one_cm":620439,"minecraft:open_chest":184,"minecraft:crouch_one_cm":111084,"tombstone:undead_killed":1,"minecraft:interact_with_smoker":14,"minecraft:fall_one_cm":118480},"minecraft:mined":{"minecraft:oak_sapling":3,"minecraft:granite":3,"minecraft:acacia_log":9,"minecraft:grass_block":103,"minecraft:furnace":2,"minecraft:iron_ore":12,"minecraft:andesite":20,"treechop:chopped_log":40,"minecraft:cobblestone_slab":14,"minecraft:stone":479,"jeg:scrap_ore":4,"minecraft:crafting_table":1,"minecraft:torch":9,"minecraft:cobblestone":131,"minecraft:tall_grass":6,"minecraft:copper_ore":5,"minecraft:diorite":6,"minecraft:amethyst_block":9,"minecraft:wheat":2,"minecraft:grass":146,"minecraft:oak_log":2,"minecraft:coal_ore":12,"minecraft:sand":10,"minecraft:dirt":169,"minecraft:oak_leaves":8},"minecraft:killed":{"born_in_chaos_v1:scarlet_persecutor":1,"minecraft:drowned":1,"born_in_chaos_v1:corpse_fish":1,"minecraft:pig":12,"alexsmobs:rhinoceros":1,"minecraft:sheep":3,"alexsmobs:gazelle":15,"minecraft:cow":3},"minecraft:dropped":{"minecraft:porkchop":7,"minecraft:wheat_seeds":25,"minecraft:oak_log":10,"scalinghealth:cursed_heart":1,"minecraft:cooked_porkchop":4,"minecraft:cobblestone":373,"scalinghealth:heart_crystal_shard":6,"minecraft:amethyst_block":1,"minecraft:acacia_log":137,"minecraft:coal":9,"minecraft:dirt":64,"minecraft:diorite":6,"tombstone:grave_key":1,"skilltree:gem":1,"swem:oat_seeds":16,"alexsmobs:acacia_blossom":9,"minecraft:stone_sword":1,"minecraft:raw_iron":3,"swem:alfalfa_seeds":15,"minecraft:rotten_flesh":2,"minecraft:smoker":1,"swem:timothy_seeds":8,"minecraft:shield":1,"minecraft:andesite":20,"minecraft:acacia_sapling":54,"minecraft:stone_pickaxe":2,"minecraft:acacia_fence":4},"minecraft:broken":{"minecraft:stone_pickaxe":1,"minecraft:stone_axe":2},"minecraft:killed_by":{"minecraft:drowned":4,"minecraft:zombie":3,"born_in_chaos_v1:scarlet_persecutor":1},"minecraft:crafted":{"minecraft:cobblestone_slab":150,"minecraft:cooked_chicken":1,"minecraft:furnace":2,"paraglider:deku_leaf":1,"minecraft:cooked_mutton":7,"minecraft:glass":2,"minecraft:stone_pickaxe":1,"minecraft:chest":2,"minecraft:acacia_fence":21,"minecraft:smoker":1,"minecraft:cooked_beef":1,"born_in_chaos_v1:smoked_fish":1,"minecraft:cooked_porkchop":4,"minecraft:crafting_table":1,"minecraft:stick":12,"minecraft:acacia_planks":60,"minecraft:torch":52}},"DataVersion":3465}