{"stats":{"minecraft:broken":{"minecraft:golden_helmet":1,"iceandfire:armor_copper_metal_leggings":2,"vanillaplustools:stone_hammer":5,"minecraft:stone_axe":2,"iceandfire:armor_copper_metal_chestplate":1,"iceandfire:armor_copper_metal_boots":2,"iceandfire:armor_copper_metal_helmet":1},"minecraft:used":{"minecraft:stone_sword":13,"minecraft:flint_and_steel":3,"iceandfire:armor_copper_metal_leggings":1,"minecraft:stone_shovel":20,"minecraft:shield":9,"vanillaplustools:stone_hammer":671,"minecraft:cooked_chicken":2,"minecraft:stone_hoe":59,"minecraft:netherrack":87,"minecraft:torch":44,"iceandfire:armor_copper_metal_boots":2,"minecraft:soul_sand":1,"minecraft:dirt":63,"scalinghealth:heart_crystal":3,"minecraft:tuff":1,"minecraft:granite":1,"minecraft:glass":99,"rats:cooked_rat":1,"iceandfire:armor_copper_metal_helmet":1,"tombstone:gift":4,"minecraft:cooked_beef":88,"minecraft:cobbled_deepslate":15,"alexsmobs:boiled_emu_egg":7,"minecraft:cooked_mutton":5,"minecraft:wheat_seeds":174,"minecraft:water_bucket":7,"minecraft:cobblestone_stairs":16,"soulsweapons:bluemoon_shortsword":154,"vanillaplustools:stone_shovel":69,"minecraft:smoker":1,"minecraft:apple":4,"iceandfire:armor_copper_metal_chestplate":2,"minecraft:iron_pickaxe":102,"spartanshields:copper_tower_shield":6,"minecraft:golden_helmet":3,"scalinghealth:medkit":1,"minecraft:stone_axe":188,"travelersbackpack:standard":15,"minecraft:cobblestone":152,"minecraft:cooked_porkchop":3,"minecraft:bucket":7,"alexsmobs:emu_egg":14},"minecraft:killed":{"born_in_chaos_v1:thornshell_crab":1,"minecraft:skeleton":1,"minecraft:chicken":1,"born_in_chaos_v1:corpse_fish":2,"minecraft:pig":1,"alexsmobs:crimson_mosquito":4,"minecraft:sheep":1,"minecraft:zombie":3,"alexsmobs:gazelle":5,"minecraft:cow":22},"minecraft:picked_up":{"minecraft:wheat":156,"minecraft:chicken":1,"iceandfire:armor_copper_metal_chestplate":2,"soulsweapons:moonstone":6,"tombstone:grave_key":1,"alexsmobs:gazelle_horn":1,"soulsweapons:demon_heart":1,"minecraft:raw_copper":41,"minecraft:flint_and_steel":1,"minecraft:blackstone":64,"alexsmobs:blood_sac":2,"minecraft:gold_nugget":17,"minecraft:cobbled_deepslate":1270,"minecraft:beef":264,"minecraft:birch_sapling":3,"minecraft:egg":2,"minecraft:golden_helmet":3,"minecraft:stick":62,"minecraft:raw_iron":11,"iceandfire:armor_copper_metal_leggings":1,"minecraft:torch":20,"minecraft:acacia_log":26,"minecraft:porkchop":3,"minecraft:diorite":94,"iceandfire:armor_copper_metal_boots":1,"minecraft:arrow":2,"minecraft:rotten_flesh":9,"spartanshields:copper_tower_shield":3,"minecraft:hay_block":1,"swem:alfalfa_seeds":6,"alexsmobs:emu_egg":25,"born_in_chaos_v1:spiny_shell":4,"tombstone:essence_of_undeath":1,"minecraft:mutton":5,"minecraft:white_wool":2,"minecraft:cobblestone":1310,"minecraft:birch_log":3,"born_in_chaos_v1:corpse_maggot":1,"swem:timothy_seeds":3,"minecraft:magma_block":7,"minecraft:feather":2,"minecraft:cooked_beef":92,"minecraft:andesite":110,"swem:star_worm":3,"minecraft:leather":110,"alexsmobs:acacia_blossom":2,"minecraft:flint":6,"minecraft:tuff":284,"minecraft:oak_log":114,"jeg:scrap":3,"iceandfire:armor_copper_metal_helmet":1,"scalinghealth:heart_crystal":4,"alexsmobs:mosquito_proboscis":1,"skilltree:gem":7,"minecraft:lapis_lazuli":35,"minecraft:dirt":181,"scalinghealth:medkit":1,"minecraft:cooked_mutton":2,"minecraft:glass":4,"minecraft:bone":2,"minecraft:apple":4,"minecraft:wheat_seeds":448,"minecraft:stone_pickaxe":14,"minecraft:stone_hoe":1,"swem:oat_seeds":3,"minecraft:acacia_sapling":7,"jeg:tech_trash":3,"minecraft:soul_sand":3,"soulsweapons:bluemoon_shortsword":3,"scalinghealth:heart_crystal_shard":14,"minecraft:warped_fungus":1,"minecraft:quartz":34,"swem:cantazarite":14,"minecraft:gravel":153,"minecraft:sand":124,"travelersbackpack:standard":1,"born_in_chaos_v1:fire_dust":3,"minecraft:diamond":2,"minecraft:stone_axe":1,"minecraft:granite":56,"vanillaplustools:stone_hammer":5,"soulsweapons:verglas":2,"scalinghealth:cursed_heart":6,"born_in_chaos_v1:rotten_fish":4,"minecraft:oak_sapling":24,"minecraft:netherrack":2287,"minecraft:coal":32,"iceandfire:raw_silver":9,"minecraft:ender_pearl":3},"minecraft:mined":{"minecraft:tuff":288,"minecraft:farmland":1,"iceandfire:silver_ore":9,"minecraft:deepslate_diamond_ore":3,"minecraft:cobblestone_stairs":3,"swem:cantazarite_ore":2,"minecraft:granite":41,"minecraft:grass_block":37,"minecraft:magma_block":13,"minecraft:iron_ore":4,"minecraft:fire":4,"minecraft:cobbled_deepslate":2,"minecraft:andesite":166,"treechop:chopped_log":10,"minecraft:deepslate_lapis_ore":5,"soulsweapons:moonstone_ore_deepslate":4,"minecraft:dirt_path":4,"minecraft:deepslate_iron_ore":3,"minecraft:stone":1082,"jeg:scrap_ore":4,"minecraft:blackstone":68,"minecraft:soul_sand":15,"soulsweapons:verglas_ore_deepslate":2,"minecraft:crimson_nylium":3,"minecraft:torch":1,"minecraft:nether_quartz_ore":35,"minecraft:copper_ore":10,"minecraft:tall_grass":14,"minecraft:glass":1,"minecraft:cobblestone":21,"minecraft:diorite":112,"minecraft:wall_torch":3,"jeg:deepslate_scrap_ore":6,"minecraft:wheat":177,"minecraft:grass":30,"minecraft:coal_ore":4,"minecraft:sand":156,"minecraft:gravel":73,"minecraft:dirt":141,"minecraft:netherrack":2557,"minecraft:deepslate":1422},"minecraft:crafted":{"minecraft:oak_planks":92,"minecraft:stone_shovel":1,"vanillaplustools:stone_hammer":11,"minecraft:cooked_chicken":2,"iceandfire:armor_copper_metal_leggings":1,"minecraft:cobblestone_stairs":44,"minecraft:cooked_mutton":2,"iceandfire:armor_copper_metal_helmet":1,"iceandfire:armor_copper_metal_boots":1,"minecraft:glass":132,"iceandfire:armor_copper_metal_chestplate":1,"minecraft:stone_pickaxe":93,"minecraft:stone_hoe":2,"minecraft:cooked_beef":125,"minecraft:emerald":33,"minecraft:cooked_porkchop":3,"alexsmobs:boiled_emu_egg":7,"minecraft:stone_axe":1,"minecraft:stick":184,"minecraft:iron_ingot":4,"minecraft:stone_sword":1,"minecraft:torch":88},"minecraft:dropped":{"soulsweapons:bluemoon_shortsword":2,"minecraft:stone_hoe":3,"iceandfire:raw_silver":2,"minecraft:wheat_seeds":19,"minecraft:golden_helmet":1,"minecraft:cooked_beef":28,"minecraft:oak_log":63,"scalinghealth:cursed_heart":3,"minecraft:ender_pearl":3,"minecraft:diamond":1,"iceandfire:armor_copper_metal_chestplate":2,"minecraft:cobblestone":238,"scalinghealth:heart_crystal_shard":5,"minecraft:granite":1,"jeg:scrap":6,"minecraft:coal":1,"soulsweapons:demon_heart":1,"minecraft:stick":6,"minecraft:dirt":67,"minecraft:diorite":53,"minecraft:torch":37,"tombstone:grave_key":1,"skilltree:gem":1,"tombstone:grave_dust":3,"swem:star_worm":3,"minecraft:string":1,"minecraft:white_wool":2,"jeg:tech_trash":2,"swem:oat_seeds":3,"minecraft:bone":2,"minecraft:gravel":88,"minecraft:stone_axe":1,"vanillaplustools:stone_shovel":1,"alexsmobs:gazelle_horn":3,"minecraft:stone_sword":2,"minecraft:cobbled_deepslate":258,"born_in_chaos_v1:rotten_fish":2,"minecraft:tuff":51,"swem:alfalfa_seeds":4,"tombstone:gift":2,"minecraft:raw_iron":1,"minecraft:stone_shovel":1,"soulsweapons:moonstone":5,"minecraft:rotten_flesh":1,"iceandfire:armor_copper_metal_helmet":1,"minecraft:cooked_mutton":2,"alexsmobs:emu_egg":7,"swem:timothy_seeds":3,"minecraft:hay_block":1,"soulsweapons:verglas":1,"minecraft:andesite":5,"born_in_chaos_v1:spiny_shell":4,"born_in_chaos_v1:corpse_maggot":1,"vanillaplustools:stone_hammer":8,"minecraft:arrow":2,"minecraft:glass":4,"minecraft:stone_pickaxe":1,"minecraft:magma_block":7,"minecraft:netherrack":44,"alexsmobs:mosquito_proboscis":1},"minecraft:killed_by":{"minecraft:zombie":8},"minecraft:custom":{"minecraft:mob_kills":44,"minecraft:animals_bred":70,"minecraft:interact_with_crafting_table":37,"goblintraders:trade_with_goblin":33,"minecraft:damage_dealt_resisted":84,"minecraft:leave_game":12,"minecraft:time_since_death":9838,"minecraft:climb_one_cm":1004,"minecraft:sprint_one_cm":671446,"minecraft:walk_one_cm":869999,"minecraft:damage_blocked_by_shield":1308,"minecraft:drop":111,"minecraft:play_time":405846,"minecraft:sneak_time":24514,"minecraft:deaths":22,"minecraft:walk_under_water_one_cm":116594,"minecraft:jump":2967,"minecraft:interact_with_blast_furnace":9,"minecraft:walk_on_water_one_cm":33106,"minecraft:total_world_time":405846,"minecraft:interact_with_furnace":66,"spartanshields:shield_bash_hits":2,"minecraft:time_since_rest":8392,"minecraft:damage_taken":26118,"minecraft:damage_dealt":13733,"minecraft:swim_one_cm":93110,"minecraft:fly_one_cm":571275,"minecraft:open_chest":338,"minecraft:crouch_one_cm":58859,"tombstone:undead_killed":4,"minecraft:interact_with_smoker":57,"minecraft:fall_one_cm":177747,"minecraft:horse_one_cm":3194}},"DataVersion":3465}