{"stats":{"minecraft:broken":{"minecraft:golden_helmet":2,"iceandfire:armor_copper_metal_leggings":2,"vanillaplustools:stone_hammer":9,"minecraft:stone_axe":2,"minecraft:iron_pickaxe":1,"iceandfire:armor_copper_metal_chestplate":1,"iceandfire:armor_copper_metal_boots":2,"iceandfire:armor_copper_metal_helmet":1},"minecraft:used":{"minecraft:stone_sword":13,"minecraft:flint_and_steel":3,"iceandfire:armor_copper_metal_leggings":2,"minecraft:stone_shovel":36,"minecraft:shield":9,"vanillaplustools:stone_hammer":1186,"minecraft:cooked_chicken":2,"minecraft:stone_hoe":59,"minecraft:netherrack":89,"minecraft:torch":63,"iceandfire:armor_copper_metal_boots":3,"minecraft:soul_sand":1,"minecraft:dirt":63,"scalinghealth:heart_crystal":3,"minecraft:tuff":1,"minecraft:granite":1,"minecraft:glass":99,"minecraft:basalt":9,"rats:cooked_rat":1,"iceandfire:armor_copper_metal_helmet":2,"tombstone:gift":4,"minecraft:egg":1,"minecraft:cooked_beef":111,"minecraft:cobbled_deepslate":69,"minecraft:cooked_mutton":5,"alexsmobs:boiled_emu_egg":7,"minecraft:water_bucket":7,"minecraft:wheat_seeds":174,"minecraft:cobblestone_stairs":24,"soulsweapons:bluemoon_shortsword":261,"vanillaplustools:stone_shovel":85,"minecraft:smoker":1,"minecraft:apple":4,"iceandfire:armor_copper_metal_chestplate":3,"minecraft:iron_pickaxe":254,"spartanshields:copper_tower_shield":6,"scalinghealth:medkit":1,"minecraft:golden_helmet":3,"minecraft:stone_axe":188,"travelersbackpack:standard":27,"minecraft:cobblestone":484,"minecraft:white_banner":1,"minecraft:cooked_porkchop":3,"minecraft:bucket":7,"alexsmobs:emu_egg":18},"minecraft:killed":{"born_in_chaos_v1:thornshell_crab":1,"minecraft:skeleton":1,"minecraft:chicken":1,"born_in_chaos_v1:skeleton_thrasher":1,"born_in_chaos_v1:corpse_fish":2,"minecraft:pig":1,"alexsmobs:crimson_mosquito":8,"minecraft:sheep":1,"minecraft:pillager":6,"minecraft:zombie":8,"alexsmobs:gazelle":5,"minecraft:cow":22},"minecraft:picked_up":{"minecraft:wheat":156,"minecraft:chicken":1,"iceandfire:armor_copper_metal_chestplate":2,"soulsweapons:moonstone":6,"tombstone:grave_key":1,"alexsmobs:gazelle_horn":1,"soulsweapons:demon_heart":1,"minecraft:raw_copper":54,"minecraft:flint_and_steel":1,"minecraft:blackstone":217,"alexsmobs:blood_sac":3,"minecraft:gold_nugget":49,"minecraft:cobbled_deepslate":1326,"minecraft:beef":264,"minecraft:sugar_cane":2,"minecraft:birch_sapling":3,"minecraft:egg":2,"minecraft:golden_helmet":3,"minecraft:raw_iron":27,"minecraft:stick":62,"iceandfire:armor_copper_metal_leggings":1,"minecraft:torch":28,"minecraft:acacia_log":26,"minecraft:porkchop":3,"minecraft:diorite":164,"iceandfire:armor_copper_metal_boots":1,"minecraft:dark_oak_planks":1,"minecraft:arrow":2,"minecraft:stone_shovel":1,"minecraft:rotten_flesh":18,"spartanshields:copper_tower_shield":3,"minecraft:hay_block":1,"swem:alfalfa_seeds":7,"alexsmobs:emu_egg":30,"born_in_chaos_v1:spiny_shell":4,"tombstone:essence_of_undeath":1,"minecraft:iron_bars":8,"minecraft:mutton":5,"minecraft:white_wool":2,"minecraft:cobblestone":1720,"minecraft:birch_log":3,"born_in_chaos_v1:corpse_maggot":1,"swem:timothy_seeds":4,"minecraft:magma_block":7,"minecraft:feather":2,"minecraft:cooked_beef":92,"minecraft:basalt":565,"minecraft:andesite":159,"swem:star_worm":3,"minecraft:leather":110,"alexsmobs:acacia_blossom":2,"minecraft:birch_planks":1,"minecraft:flint":11,"minecraft:tuff":284,"minecraft:oak_log":114,"jeg:scrap":15,"scalinghealth:medkit":1,"iceandfire:armor_copper_metal_helmet":1,"scalinghealth:heart_crystal":5,"minecraft:cobblestone_stairs":4,"alexsmobs:mosquito_proboscis":1,"skilltree:gem":9,"minecraft:lapis_lazuli":35,"minecraft:dirt":231,"minecraft:white_banner":1,"minecraft:cooked_mutton":2,"minecraft:glass":4,"minecraft:bone":3,"minecraft:apple":4,"minecraft:wheat_seeds":461,"minecraft:stone_pickaxe":15,"swem:oat_seeds":3,"minecraft:acacia_sapling":7,"minecraft:stone_hoe":1,"jeg:tech_trash":4,"minecraft:soul_sand":9,"soulsweapons:bluemoon_shortsword":3,"scalinghealth:heart_crystal_shard":14,"minecraft:warped_fungus":1,"minecraft:quartz":34,"swem:cantazarite":14,"minecraft:gravel":210,"minecraft:sand":124,"travelersbackpack:standard":2,"born_in_chaos_v1:fire_dust":3,"minecraft:diamond":2,"minecraft:stone_axe":1,"minecraft:crossbow":1,"minecraft:granite":121,"vanillaplustools:stone_hammer":5,"soulsweapons:verglas":4,"scalinghealth:cursed_heart":6,"minecraft:oak_sapling":24,"born_in_chaos_v1:rotten_fish":4,"minecraft:netherrack":4237,"minecraft:coal":32,"iceandfire:raw_silver":11,"minecraft:ender_pearl":3},"minecraft:mined":{"minecraft:dark_oak_planks":1,"minecraft:nether_gold_ore":8,"minecraft:tuff":288,"minecraft:farmland":1,"iceandfire:silver_ore":11,"minecraft:deepslate_diamond_ore":3,"minecraft:cobblestone_stairs":7,"swem:cantazarite_ore":2,"minecraft:granite":111,"minecraft:grass_block":38,"minecraft:crimson_roots":1,"minecraft:magma_block":13,"minecraft:iron_ore":20,"minecraft:fire":4,"minecraft:cobbled_deepslate":2,"minecraft:andesite":221,"treechop:chopped_log":10,"minecraft:deepslate_lapis_ore":5,"soulsweapons:moonstone_ore_deepslate":4,"minecraft:dirt_path":8,"minecraft:deepslate_iron_ore":3,"minecraft:iron_bars":8,"minecraft:stone":1402,"jeg:scrap_ore":11,"minecraft:soul_sand":21,"minecraft:blackstone":222,"soulsweapons:verglas_ore_deepslate":2,"minecraft:crimson_nylium":3,"minecraft:basalt":720,"minecraft:torch":2,"minecraft:nether_quartz_ore":35,"minecraft:copper_ore":14,"minecraft:tall_grass":14,"minecraft:glass":1,"minecraft:cobblestone":122,"minecraft:wall_torch":10,"minecraft:diorite":182,"jeg:deepslate_scrap_ore":6,"minecraft:wheat":177,"minecraft:grass":30,"minecraft:coal_ore":4,"minecraft:sand":156,"minecraft:gravel":135,"minecraft:dirt":189,"soulsweapons:verglas_ore":2,"minecraft:netherrack":5424,"minecraft:deepslate":1422},"minecraft:crafted":{"minecraft:oak_planks":136,"minecraft:stone_shovel":17,"vanillaplustools:stone_hammer":11,"minecraft:cooked_chicken":2,"iceandfire:armor_copper_metal_leggings":2,"minecraft:cobblestone_stairs":44,"minecraft:cooked_mutton":2,"iceandfire:armor_copper_metal_boots":2,"iceandfire:armor_copper_metal_helmet":2,"minecraft:glass":132,"minecraft:stone_pickaxe":95,"iceandfire:armor_copper_metal_chestplate":2,"vanillaplustools:stone_shovel":1,"minecraft:stone_hoe":2,"minecraft:cooked_beef":125,"swem:cantazarite_dye":16,"minecraft:emerald":33,"minecraft:cooked_porkchop":3,"alexsmobs:boiled_emu_egg":7,"minecraft:stone_axe":1,"minecraft:stick":268,"minecraft:iron_ingot":4,"minecraft:iron_pickaxe":1,"minecraft:stone_sword":1,"minecraft:gold_ingot":3,"minecraft:torch":112},"minecraft:dropped":{"soulsweapons:bluemoon_shortsword":2,"minecraft:stone_hoe":3,"iceandfire:raw_silver":2,"minecraft:birch_planks":1,"minecraft:wheat_seeds":22,"minecraft:golden_helmet":1,"minecraft:cooked_beef":28,"minecraft:oak_log":63,"scalinghealth:cursed_heart":3,"minecraft:ender_pearl":3,"minecraft:diamond":1,"iceandfire:armor_copper_metal_chestplate":2,"minecraft:cobblestone":239,"scalinghealth:heart_crystal_shard":5,"minecraft:granite":1,"jeg:scrap":6,"minecraft:coal":1,"soulsweapons:demon_heart":1,"minecraft:stick":6,"minecraft:dirt":76,"minecraft:diorite":53,"minecraft:torch":37,"tombstone:grave_key":1,"skilltree:gem":1,"tombstone:grave_dust":3,"swem:star_worm":3,"minecraft:dark_oak_planks":1,"minecraft:string":1,"minecraft:white_wool":2,"jeg:tech_trash":3,"swem:oat_seeds":3,"minecraft:gold_ingot":1,"minecraft:bone":2,"minecraft:gravel":88,"minecraft:stone_axe":1,"vanillaplustools:stone_shovel":1,"alexsmobs:gazelle_horn":3,"minecraft:stone_sword":2,"minecraft:cobbled_deepslate":260,"minecraft:tuff":51,"born_in_chaos_v1:rotten_fish":2,"tombstone:gift":2,"minecraft:raw_iron":1,"minecraft:stone_shovel":1,"swem:alfalfa_seeds":5,"soulsweapons:moonstone":5,"minecraft:rotten_flesh":10,"iceandfire:armor_copper_metal_helmet":1,"minecraft:cooked_mutton":2,"alexsmobs:emu_egg":7,"swem:timothy_seeds":4,"minecraft:hay_block":1,"soulsweapons:verglas":1,"minecraft:andesite":5,"born_in_chaos_v1:spiny_shell":4,"born_in_chaos_v1:corpse_maggot":1,"vanillaplustools:stone_hammer":8,"swem:cantazarite_dye":16,"minecraft:arrow":2,"minecraft:glass":4,"minecraft:stone_pickaxe":2,"minecraft:magma_block":7,"minecraft:netherrack":44,"alexsmobs:mosquito_proboscis":1},"minecraft:killed_by":{"minecraft:zombie":10},"minecraft:custom":{"minecraft:mob_kills":63,"minecraft:animals_bred":74,"minecraft:interact_with_crafting_table":47,"goblintraders:trade_with_goblin":33,"minecraft:damage_dealt_resisted":726,"minecraft:leave_game":13,"minecraft:time_since_death":337,"minecraft:climb_one_cm":1004,"minecraft:sprint_one_cm":857023,"minecraft:walk_one_cm":1122055,"minecraft:damage_blocked_by_shield":1308,"minecraft:drop":127,"minecraft:play_time":518008,"minecraft:sneak_time":40231,"minecraft:deaths":33,"minecraft:walk_under_water_one_cm":138774,"minecraft:jump":3449,"minecraft:interact_with_blast_furnace":9,"minecraft:walk_on_water_one_cm":39583,"minecraft:total_world_time":518008,"spartanshields:shield_bash_hits":2,"minecraft:interact_with_furnace":69,"minecraft:raid_trigger":1,"minecraft:time_since_rest":192,"minecraft:damage_taken":38557,"minecraft:damage_dealt":19775,"minecraft:swim_one_cm":104329,"minecraft:fly_one_cm":656565,"minecraft:open_chest":405,"minecraft:crouch_one_cm":104586,"tombstone:undead_killed":10,"minecraft:interact_with_smoker":59,"minecraft:fall_one_cm":265010,"minecraft:horse_one_cm":3932}},"DataVersion":3465}