{
  "minecraft:recipes/decorations/crafting_table": {
    "criteria": {
      "unlock_right_away": "2024-11-08 19:01:33 +0000"
    },
    "done": true
  },
  "mowziesmobs:root": {
    "criteria": {
      "custom_test_name": "2024-11-08 19:01:33 +0000"
    },
    "done": true
  },
  "iceandfire:iceandfire/root": {
    "criteria": {
      "tick": "2024-11-08 19:01:33 +0000"
    },
    "done": true
  },
  "parcool:grant_parcool_guide": {
    "criteria": {
      "tick": "2024-11-08 19:01:33 +0000"
    },
    "done": true
  },
  "born_in_chaos_v1:bornin_chaos": {
    "criteria": {
      "bornin_chaos_0": "2024-11-08 19:01:33 +0000"
    },
    "done": true
  },
  "minecraft:unlock_deep_pockets_book": {
    "criteria": {
      "exists": "2024-11-08 19:01:33 +0000"
    },
    "done": true
  },
  "majruszsdifficulty:game_stage_normal": {
    "criteria": {
      "is_triggered": "2024-11-08 19:01:33 +0000"
    },
    "done": true
  },
  "cataclysm:root": {
    "criteria": {
      "custom_test_name": "2024-11-08 19:01:33 +0000"
    },
    "done": true
  },
  "tombstone:adventure/root": {
    "criteria": {
      "auto": "2024-11-08 19:01:35 +0000"
    },
    "done": true
  },
  "minecraft:adventure/adventuring_time": {
    "criteria": {
      "minecraft:river": "2024-11-08 19:08:21 +0000",
      "minecraft:desert": "2024-11-08 19:01:35 +0000",
      "minecraft:savanna": "2024-11-08 19:02:37 +0000"
    },
    "done": false
  },
  "minecraft:recipes/misc/charcoal": {
    "criteria": {
      "has_log": "2024-11-08 19:03:04 +0000"
    },
    "done": true
  },
  "minecraft:recipes/building_blocks/acacia_wood": {
    "criteria": {
      "has_log": "2024-11-08 19:03:04 +0000"
    },
    "done": true
  },
  "securitycraft:recipes/misc/sc_manual": {
    "criteria": {
      "has_wood": "2024-11-08 19:03:04 +0000"
    },
    "done": true
  },
  "minecraft:recipes/building_blocks/acacia_planks": {
    "criteria": {
      "has_log": "2024-11-08 19:03:04 +0000"
    },
    "done": true
  },
  "minecraft:recipes/redstone/acacia_button": {
    "criteria": {
      "has_planks": "2024-11-08 19:03:31 +0000"
    },
    "done": true
  },
  "minecraft:recipes/misc/stick": {
    "criteria": {
      "has_planks": "2024-11-08 19:03:31 +0000"
    },
    "done": true
  },
  "minecraft:recipes/building_blocks/acacia_stairs": {
    "criteria": {
      "has_planks": "2024-11-08 19:03:31 +0000"
    },
    "done": true
  },
  "minecraft:recipes/redstone/acacia_door": {
    "criteria": {
      "has_planks": "2024-11-08 19:03:31 +0000"
    },
    "done": true
  },
  "minecraft:recipes/decorations/acacia_sign": {
    "criteria": {
      "has_planks": "2024-11-08 19:03:31 +0000"
    },
    "done": true
  },
  "minecraft:recipes/decorations/barrel": {
    "criteria": {
      "has_planks": "2024-11-08 19:03:31 +0000"
    },
    "done": true
  },
  "minecraft:recipes/redstone/acacia_pressure_plate": {
    "criteria": {
      "has_planks": "2024-11-08 19:03:31 +0000"
    },
    "done": true
  },
  "minecraft:recipes/building_blocks/acacia_slab": {
    "criteria": {
      "has_planks": "2024-11-08 19:03:31 +0000"
    },
    "done": true
  },
  "minecraft:recipes/redstone/acacia_trapdoor": {
    "criteria": {
      "has_planks": "2024-11-08 19:03:31 +0000"
    },
    "done": true
  },
  "jeg:recipes/jeg/workbench": {
    "criteria": {
      "has_planks": "2024-11-08 19:03:31 +0000"
    },
    "done": true
  },
  "iceandfire:recipes/misc/earplugs": {
    "criteria": {
      "has_item": "2024-11-08 19:03:31 +0000"
    },
    "done": true
  },
  "minecraft:recipes/redstone/acacia_fence_gate": {
    "criteria": {
      "has_planks": "2024-11-08 19:03:31 +0000"
    },
    "done": true
  },
  "minecraft:recipes/decorations/acacia_fence": {
    "criteria": {
      "has_planks": "2024-11-08 19:03:31 +0000"
    },
    "done": true
  },
  "paraglider:root": {
    "criteria": {
      "crafting_table": "2024-11-08 19:03:49 +0000"
    },
    "done": true
  },
  "travelersbackpack:recipes/misc/crafting_upgrade": {
    "criteria": {
      "has_crafting_table": "2024-11-08 19:03:49 +0000"
    },
    "done": true
  },
  "soulsweapons:root": {
    "criteria": {
      "crafting_table": "2024-11-08 19:03:49 +0000"
    },
    "done": true
  },
  "minecraft:story/root": {
    "criteria": {
      "crafting_table": "2024-11-08 19:03:49 +0000"
    },
    "done": true
  },
  "minecraft:recipes/decorations/ladder": {
    "criteria": {
      "has_stick": "2024-11-08 19:03:55 +0000"
    },
    "done": true
  },
  "securitycraft:recipes/redstone/reinforced_birch_fence_gate": {
    "criteria": {
      "has_stick": "2024-11-08 19:03:55 +0000"
    },
    "done": true
  },
  "securitycraft:recipes/redstone/reinforced_crimson_fence_gate": {
    "criteria": {
      "has_stick": "2024-11-08 19:03:55 +0000"
    },
    "done": true
  },
  "securitycraft:recipes/misc/motion_activated_light": {
    "criteria": {
      "has_stick": "2024-11-08 19:03:55 +0000"
    },
    "done": true
  },
  "securitycraft:recipes/redstone/reinforced_jungle_fence_gate": {
    "criteria": {
      "has_stick": "2024-11-08 19:03:55 +0000"
    },
    "done": true
  },
  "minecraft:recipes/tools/wooden_axe": {
    "criteria": {
      "has_stick": "2024-11-08 19:03:55 +0000"
    },
    "done": true
  },
  "swem:recipes/misc/western_fence_acacia": {
    "criteria": {
      "has_stick": "2024-11-08 19:03:55 +0000"
    },
    "done": true
  },
  "securitycraft:recipes/redstone/reinforced_spruce_fence_gate": {
    "criteria": {
      "has_stick": "2024-11-08 19:03:55 +0000"
    },
    "done": true
  },
  "securitycraft:recipes/misc/reinforced_acacia_fence": {
    "criteria": {
      "has_stick": "2024-11-08 19:03:55 +0000"
    },
    "done": true
  },
  "swem:recipes/misc/pasture_fence_whitewash": {
    "criteria": {
      "has_stick": "2024-11-08 19:03:55 +0000"
    },
    "done": true
  },
  "securitycraft:recipes/redstone/reinforced_bamboo_fence_gate": {
    "criteria": {
      "has_stick": "2024-11-08 19:03:55 +0000"
    },
    "done": true
  },
  "portablemobs:recipes/misc/basic_capture_cell": {
    "criteria": {
      "recipe_condition": "2024-11-08 19:03:55 +0000"
    },
    "done": true
  },
  "minecraft:recipes/decorations/campfire": {
    "criteria": {
      "has_stick": "2024-11-08 19:03:55 +0000"
    },
    "done": true
  },
  "minecraft:recipes/tools/wooden_hoe": {
    "criteria": {
      "has_stick": "2024-11-08 19:03:55 +0000"
    },
    "done": true
  },
  "swem:recipes/misc/western_fence_spruce": {
    "criteria": {
      "has_stick": "2024-11-08 19:03:55 +0000"
    },
    "done": true
  },
  "securitycraft:recipes/misc/sonic_security_system": {
    "criteria": {
      "has_stick": "2024-11-08 19:03:55 +0000"
    },
    "done": true
  },
  "swem:recipes/misc/pasture_fence_acacia": {
    "criteria": {
      "has_stick": "2024-11-08 19:03:55 +0000"
    },
    "done": true
  },
  "minecraft:recipes/tools/wooden_shovel": {
    "criteria": {
      "has_stick": "2024-11-08 19:03:55 +0000"
    },
    "done": true
  },
  "securitycraft:recipes/redstone/reinforced_dark_oak_fence_gate": {
    "criteria": {
      "has_stick": "2024-11-08 19:03:55 +0000"
    },
    "done": true
  },
  "paraglider:recipes/misc/paraglider": {
    "criteria": {
      "has_stick": "2024-11-08 19:03:55 +0000"
    },
    "done": true
  },
  "minecraft:recipes/combat/wooden_sword": {
    "criteria": {
      "has_stick": "2024-11-08 19:03:55 +0000"
    },
    "done": true
  },
  "securitycraft:recipes/misc/reinforced_birch_fence": {
    "criteria": {
      "has_stick": "2024-11-08 19:03:55 +0000"
    },
    "done": true
  },
  "securitycraft:recipes/misc/reinforced_dark_oak_fence": {
    "criteria": {
      "has_stick": "2024-11-08 19:03:55 +0000"
    },
    "done": true
  },
  "securitycraft:recipes/misc/reinforced_oak_fence": {
    "criteria": {
      "has_stick": "2024-11-08 19:03:55 +0000"
    },
    "done": true
  },
  "swem:recipes/misc/western_fence_oak": {
    "criteria": {
      "has_stick": "2024-11-08 19:03:55 +0000"
    },
    "done": true
  },
  "securitycraft:recipes/redstone/reinforced_oak_fence_gate": {
    "criteria": {
      "has_stick": "2024-11-08 19:03:55 +0000"
    },
    "done": true
  },
  "securitycraft:recipes/misc/reinforced_bamboo_fence": {
    "criteria": {
      "has_stick": "2024-11-08 19:03:55 +0000"
    },
    "done": true
  },
  "securitycraft:recipes/misc/reinforced_crimson_fence": {
    "criteria": {
      "has_stick": "2024-11-08 19:03:55 +0000"
    },
    "done": true
  },
  "swem:recipes/misc/pasture_fence_spruce": {
    "criteria": {
      "has_stick": "2024-11-08 19:03:55 +0000"
    },
    "done": true
  },
  "swem:recipes/misc/western_fence_jungle": {
    "criteria": {
      "has_stick": "2024-11-08 19:03:55 +0000"
    },
    "done": true
  },
  "securitycraft:recipes/misc/reinforced_jungle_fence": {
    "criteria": {
      "has_stick": "2024-11-08 19:03:55 +0000"
    },
    "done": true
  },
  "securitycraft:recipes/misc/reinforced_warped_fence": {
    "criteria": {
      "has_stick": "2024-11-08 19:03:55 +0000"
    },
    "done": true
  },
  "swem:recipes/misc/pasture_fence_oak": {
    "criteria": {
      "has_stick": "2024-11-08 19:03:55 +0000"
    },
    "done": true
  },
  "swem:recipes/misc/pasture_fence_birch": {
    "criteria": {
      "has_stick": "2024-11-08 19:03:55 +0000"
    },
    "done": true
  },
  "securitycraft:recipes/redstone/reinforced_cherry_fence_gate": {
    "criteria": {
      "has_stick": "2024-11-08 19:03:55 +0000"
    },
    "done": true
  },
  "swem:recipes/misc/western_fence_birch": {
    "criteria": {
      "has_stick": "2024-11-08 19:03:55 +0000"
    },
    "done": true
  },
  "swem:recipes/misc/pasture_fence_jungle": {
    "criteria": {
      "has_stick": "2024-11-08 19:03:55 +0000"
    },
    "done": true
  },
  "securitycraft:recipes/redstone/reinforced_acacia_fence_gate": {
    "criteria": {
      "has_stick": "2024-11-08 19:03:55 +0000"
    },
    "done": true
  },
  "securitycraft:recipes/misc/reinforced_cherry_fence": {
    "criteria": {
      "has_stick": "2024-11-08 19:03:55 +0000"
    },
    "done": true
  },
  "securitycraft:recipes/redstone/reinforced_warped_fence_gate": {
    "criteria": {
      "has_stick": "2024-11-08 19:03:55 +0000"
    },
    "done": true
  },
  "minecraft:recipes/tools/wooden_pickaxe": {
    "criteria": {
      "has_stick": "2024-11-08 19:03:55 +0000"
    },
    "done": true
  },
  "securitycraft:recipes/redstone/reinforced_mangrove_fence_gate": {
    "criteria": {
      "has_stick": "2024-11-08 19:03:55 +0000"
    },
    "done": true
  },
  "securitycraft:recipes/misc/reinforced_mangrove_fence": {
    "criteria": {
      "has_stick": "2024-11-08 19:03:55 +0000"
    },
    "done": true
  },
  "swem:recipes/misc/western_fence_whitewash": {
    "criteria": {
      "has_stick": "2024-11-08 19:03:55 +0000"
    },
    "done": true
  },
  "swem:recipes/misc/western_fence_dark_oak": {
    "criteria": {
      "has_stick": "2024-11-08 19:03:55 +0000"
    },
    "done": true
  },
  "swem:recipes/misc/pasture_fence_dark_oak": {
    "criteria": {
      "has_stick": "2024-11-08 19:03:55 +0000"
    },
    "done": true
  },
  "securitycraft:recipes/misc/reinforced_spruce_fence": {
    "criteria": {
      "has_stick": "2024-11-08 19:03:55 +0000"
    },
    "done": true
  },
  "deeperdarker:recipes/transportation/echo_boat": {
    "criteria": {
      "in_water": "2024-11-08 19:04:13 +0000"
    },
    "done": true
  },
  "deeperdarker:recipes/transportation/bloom_boat": {
    "criteria": {
      "in_water": "2024-11-08 19:04:13 +0000"
    },
    "done": true
  },
  "minecraft:recipes/transportation/cherry_boat": {
    "criteria": {
      "in_water": "2024-11-08 19:04:13 +0000"
    },
    "done": true
  },
  "minecraft:recipes/transportation/bamboo_raft": {
    "criteria": {
      "in_water": "2024-11-08 19:04:13 +0000"
    },
    "done": true
  },
  "minecraft:recipes/transportation/acacia_boat": {
    "criteria": {
      "in_water": "2024-11-08 19:04:13 +0000"
    },
    "done": true
  },
  "minecraft:recipes/transportation/jungle_boat": {
    "criteria": {
      "in_water": "2024-11-08 19:04:13 +0000"
    },
    "done": true
  },
  "twilightforest:recipes/transportation/twilight_oak_boat": {
    "criteria": {
      "in_water": "2024-11-08 19:04:13 +0000"
    },
    "done": true
  },
  "twilightforest:recipes/transportation/time_boat": {
    "criteria": {
      "in_water": "2024-11-08 19:04:13 +0000"
    },
    "done": true
  },
  "twilightforest:recipes/transportation/mining_boat": {
    "criteria": {
      "in_water": "2024-11-08 19:04:13 +0000"
    },
    "done": true
  },
  "twilightforest:recipes/transportation/mangrove_boat": {
    "criteria": {
      "in_water": "2024-11-08 19:04:13 +0000"
    },
    "done": true
  },
  "twilightforest:recipes/transportation/transformation_boat": {
    "criteria": {
      "in_water": "2024-11-08 19:04:13 +0000"
    },
    "done": true
  },
  "minecraft:recipes/transportation/spruce_boat": {
    "criteria": {
      "in_water": "2024-11-08 19:04:13 +0000"
    },
    "done": true
  },
  "minecraft:recipes/transportation/birch_boat": {
    "criteria": {
      "in_water": "2024-11-08 19:04:13 +0000"
    },
    "done": true
  },
  "minecraft:recipes/transportation/oak_boat": {
    "criteria": {
      "in_water": "2024-11-08 19:04:13 +0000"
    },
    "done": true
  },
  "minecraft:recipes/transportation/mangrove_boat": {
    "criteria": {
      "in_water": "2024-11-08 19:04:13 +0000"
    },
    "done": true
  },
  "twilightforest:recipes/transportation/canopy_boat": {
    "criteria": {
      "in_water": "2024-11-08 19:04:13 +0000"
    },
    "done": true
  },
  "twilightforest:recipes/transportation/dark_boat": {
    "criteria": {
      "in_water": "2024-11-08 19:04:13 +0000"
    },
    "done": true
  },
  "twilightforest:recipes/transportation/sorting_boat": {
    "criteria": {
      "in_water": "2024-11-08 19:04:13 +0000"
    },
    "done": true
  },
  "minecraft:recipes/transportation/dark_oak_boat": {
    "criteria": {
      "in_water": "2024-11-08 19:04:13 +0000"
    },
    "done": true
  },
  "minecraft:story/mine_stone": {
    "criteria": {
      "get_stone": "2024-11-08 19:04:16 +0000"
    },
    "done": true
  },
  "minecraft:recipes/decorations/furnace": {
    "criteria": {
      "has_cobblestone": "2024-11-08 19:04:16 +0000"
    },
    "done": true
  },
  "securitycraft:recipes/building_blocks/reinforced_andesite_with_vanilla_diorite": {
    "criteria": {
      "has_cobblestone": "2024-11-08 19:04:16 +0000"
    },
    "done": true
  },
  "minecraft:recipes/building_blocks/cobblestone_slab_from_cobblestone_stonecutting": {
    "criteria": {
      "has_cobblestone": "2024-11-08 19:04:16 +0000"
    },
    "done": true
  },
  "minecraft:recipes/building_blocks/stone": {
    "criteria": {
      "has_cobblestone": "2024-11-08 19:04:16 +0000"
    },
    "done": true
  },
  "securitycraft:recipes/building_blocks/reinforced_andesite_with_vanilla_cobblestone": {
    "criteria": {
      "has_cobblestone": "2024-11-08 19:04:16 +0000"
    },
    "done": true
  },
  "minecraft:recipes/tools/stone_pickaxe": {
    "criteria": {
      "has_cobblestone": "2024-11-08 19:04:16 +0000"
    },
    "done": true
  },
  "scalinghealth:recipes/misc/heart_dust": {
    "criteria": {
      "cobblestone": "2024-11-08 19:04:16 +0000"
    },
    "done": true
  },
  "minecraft:recipes/building_blocks/cobblestone_slab": {
    "criteria": {
      "has_cobblestone": "2024-11-08 19:04:16 +0000"
    },
    "done": true
  },
  "mca:recipes/building_blocks/headstones": {
    "criteria": {
      "has_ingredients": "2024-11-08 19:04:16 +0000"
    },
    "done": true
  },
  "minecraft:recipes/decorations/cobblestone_wall_from_cobblestone_stonecutting": {
    "criteria": {
      "has_cobblestone": "2024-11-08 19:04:16 +0000"
    },
    "done": true
  },
  "minecraft:recipes/building_blocks/cobblestone_stairs": {
    "criteria": {
      "has_cobblestone": "2024-11-08 19:04:16 +0000"
    },
    "done": true
  },
  "minecraft:recipes/tools/stone_shovel": {
    "criteria": {
      "has_cobblestone": "2024-11-08 19:04:16 +0000"
    },
    "done": true
  },
  "scalinghealth:recipes/misc/power_crystal": {
    "criteria": {
      "cobblestone": "2024-11-08 19:04:16 +0000"
    },
    "done": true
  },
  "minecraft:recipes/redstone/lever": {
    "criteria": {
      "has_cobblestone": "2024-11-08 19:04:16 +0000"
    },
    "done": true
  },
  "minecraft:recipes/combat/stone_sword": {
    "criteria": {
      "has_cobblestone": "2024-11-08 19:04:16 +0000"
    },
    "done": true
  },
  "minecraft:recipes/decorations/cobblestone_wall": {
    "criteria": {
      "has_cobblestone": "2024-11-08 19:04:16 +0000"
    },
    "done": true
  },
  "minecraft:recipes/tools/stone_axe": {
    "criteria": {
      "has_cobblestone": "2024-11-08 19:04:16 +0000"
    },
    "done": true
  },
  "securitycraft:recipes/redstone/laser_block": {
    "criteria": {
      "has_stone": "2024-11-08 19:04:16 +0000"
    },
    "done": true
  },
  "scalinghealth:recipes/misc/heart_crystal": {
    "criteria": {
      "cobblestone": "2024-11-08 19:04:16 +0000"
    },
    "done": true
  },
  "scalinghealth:recipes/combat/bandages": {
    "criteria": {
      "cobblestone": "2024-11-08 19:04:16 +0000"
    },
    "done": true
  },
  "scalinghealth:recipes/combat/medkit": {
    "criteria": {
      "cobblestone": "2024-11-08 19:04:16 +0000"
    },
    "done": true
  },
  "securitycraft:recipes/building_blocks/reinforced_andesite": {
    "criteria": {
      "has_cobblestone": "2024-11-08 19:04:16 +0000"
    },
    "done": true
  },
  "securitycraft:recipes/building_blocks/reinforced_diorite": {
    "criteria": {
      "has_cobblestone": "2024-11-08 19:04:16 +0000"
    },
    "done": true
  },
  "minecraft:recipes/building_blocks/cobblestone_stairs_from_cobblestone_stonecutting": {
    "criteria": {
      "has_cobblestone": "2024-11-08 19:04:16 +0000"
    },
    "done": true
  },
  "minecraft:recipes/tools/stone_hoe": {
    "criteria": {
      "has_cobblestone": "2024-11-08 19:04:16 +0000"
    },
    "done": true
  },
  "minecraft:recipes/decorations/torch": {
    "criteria": {
      "has_stone_pickaxe": "2024-11-08 19:04:24 +0000"
    },
    "done": true
  },
  "minecraft:story/upgrade_tools": {
    "criteria": {
      "stone_pickaxe": "2024-11-08 19:04:24 +0000"
    },
    "done": true
  },
  "minecraft:recipes/decorations/chest": {
    "criteria": {
      "has_lots_of_items": "2024-11-08 19:05:36 +0000"
    },
    "done": true
  },
  "tombstone:adventure/first_grave": {
    "criteria": {
      "coded_trigger": "2024-11-08 19:09:33 +0000"
    },
    "done": true
  },
  "tombstone:recipes/from_grave_key": {
    "criteria": {
      "has_ingredient": "2024-11-08 19:09:35 +0000"
    },
    "done": true
  },
  "tombstone:adventure/cancel_ghostly_shape": {
    "criteria": {
      "coded_trigger": "2024-11-08 19:10:14 +0000"
    },
    "done": true
  },
  "alexsmobs:alexsmobs/acacia_blossom": {
    "criteria": {
      "acacia_blossom": "2024-11-08 19:10:15 +0000"
    },
    "done": true
  },
  "minecraft:husbandry/root": {
    "criteria": {
      "consumed_item": "2024-11-08 19:18:26 +0000"
    },
    "done": true
  },
  "swem:recipes/misc/halter_brown": {
    "criteria": {
      "has_iron_nugget": "2024-11-08 19:34:15 +0000"
    },
    "done": true
  },
  "securitycraft:recipes/misc/sentry": {
    "criteria": {
      "has_iron": "2024-11-08 19:35:29 +0000"
    },
    "done": true
  },
  "minecraft:recipes/combat/leather_helmet": {
    "criteria": {
      "has_leather": "2024-11-08 19:36:32 +0000"
    },
    "done": true
  },
  "mutantmonsters:root": {
    "criteria": {
      "killed_something": "2024-11-08 19:30:25 +0000"
    },
    "done": true
  },
  "swem:recipes/misc/web_guard_brown_rider": {
    "criteria": {
      "has_iron_nugget": "2024-11-08 19:34:15 +0000"
    },
    "done": true
  },
  "swem:recipes/misc/pasture_white_horse": {
    "criteria": {
      "has_iron_ingot": "2024-11-08 19:35:29 +0000"
    },
    "done": true
  },
  "minecraft:recipes/food/cooked_mutton_from_smoking": {
    "criteria": {
      "has_mutton": "2024-11-08 19:31:03 +0000"
    },
    "done": true
  },
  "swem:recipes/misc/separator_purple": {
    "criteria": {
      "has_iron_nugget": "2024-11-08 19:34:15 +0000"
    },
    "done": true
  },
  "majruszsdifficulty:recipes/misc/bandage": {
    "criteria": {
      "has_string": "2024-11-08 19:30:27 +0000"
    },
    "done": true
  },
  "majruszsdifficulty:bleeding_inflicted": {
    "criteria": {
      "bleeding_applied": "2024-11-08 19:31:08 +0000"
    },
    "done": true
  },
  "swem:recipes/misc/separator_orange": {
    "criteria": {
      "has_iron_nugget": "2024-11-08 19:34:15 +0000"
    },
    "done": true
  },
  "swem:recipes/misc/web_guard_purple_care": {
    "criteria": {
      "has_iron_nugget": "2024-11-08 19:34:15 +0000"
    },
    "done": true
  },
  "swem:recipes/misc/web_guard_purple_horse": {
    "criteria": {
      "has_iron_nugget": "2024-11-08 19:34:15 +0000"
    },
    "done": true
  },
  "swem:recipes/misc/web_guard_cyan_rider": {
    "criteria": {
      "has_iron_nugget": "2024-11-08 19:34:15 +0000"
    },
    "done": true
  },
  "swem:recipes/misc/bin_grain_spruce": {
    "criteria": {
      "has_chest": "2024-11-08 19:28:16 +0000"
    },
    "done": true
  },
  "swem:recipes/misc/web_guard_magenta_care": {
    "criteria": {
      "has_iron_nugget": "2024-11-08 19:34:15 +0000"
    },
    "done": true
  },
  "swem:recipes/misc/web_guard_pink_horse": {
    "criteria": {
      "has_iron_nugget": "2024-11-08 19:34:15 +0000"
    },
    "done": true
  },
  "travelersbackpack:recipes/misc/backpack_tank": {
    "criteria": {
      "has_iron": "2024-11-08 19:35:29 +0000"
    },
    "done": true
  },
  "swem:recipes/misc/web_guard_gray_rider": {
    "criteria": {
      "has_iron_nugget": "2024-11-08 19:34:15 +0000"
    },
    "done": true
  },
  "minecraft:recipes/building_blocks/polished_diorite": {
    "criteria": {
      "has_diorite": "2024-11-08 19:56:20 +0000"
    },
    "done": true
  },
  "swem:recipes/misc/halter_orange": {
    "criteria": {
      "has_iron_nugget": "2024-11-08 19:34:15 +0000"
    },
    "done": true
  },
  "swem:recipes/misc/pasture_cyan_care": {
    "criteria": {
      "has_iron_ingot": "2024-11-08 19:35:29 +0000"
    },
    "done": true
  },
  "swem:recipes/misc/web_guard_lime_horse": {
    "criteria": {
      "has_iron_nugget": "2024-11-08 19:34:15 +0000"
    },
    "done": true
  },
  "skilltree:recipes/combat/quiver": {
    "criteria": {
      "has_leather": "2024-11-08 19:36:32 +0000"
    },
    "done": true
  },
  "swem:recipes/misc/halter_purple": {
    "criteria": {
      "has_iron_nugget": "2024-11-08 19:34:15 +0000"
    },
    "done": true
  },
  "minecraft:recipes/combat/iron_helmet": {
    "criteria": {
      "has_iron_ingot": "2024-11-08 19:35:29 +0000"
    },
    "done": true
  },
  "swem:recipes/misc/pasture_magenta_care": {
    "criteria": {
      "has_iron_ingot": "2024-11-08 19:35:29 +0000"
    },
    "done": true
  },
  "swem:recipes/misc/pasture_brown_care": {
    "criteria": {
      "has_iron_ingot": "2024-11-08 19:35:29 +0000"
    },
    "done": true
  },
  "minecraft:recipes/building_blocks/andesite_stairs": {
    "criteria": {
      "has_andesite": "2024-11-08 19:56:20 +0000"
    },
    "done": true
  },
  "swem:recipes/misc/bin_grain_purple": {
    "criteria": {
      "has_chest": "2024-11-08 19:28:16 +0000"
    },
    "done": true
  },
  "swem:recipes/misc/pasture_lime_care": {
    "criteria": {
      "has_iron_ingot": "2024-11-08 19:35:29 +0000"
    },
    "done": true
  },
  "minecraft:recipes/misc/gold_nugget_from_blasting": {
    "criteria": {
      "has_golden_chestplate": "2024-11-08 19:34:13 +0000"
    },
    "done": true
  },
  "securitycraft:recipes/decorations/floor_trap": {
    "criteria": {
      "has_iron": "2024-11-08 19:35:29 +0000"
    },
    "done": true
  },
  "minecraft:recipes/combat/leather_chestplate": {
    "criteria": {
      "has_leather": "2024-11-08 19:36:32 +0000"
    },
    "done": true
  },
  "swem:recipes/misc/web_guard_red_care": {
    "criteria": {
      "has_iron_nugget": "2024-11-08 19:34:15 +0000"
    },
    "done": true
  },
  "swem:recipes/misc/web_guard_lime_rider": {
    "criteria": {
      "has_iron_nugget": "2024-11-08 19:34:15 +0000"
    },
    "done": true
  },
  "swem:recipes/misc/separator_blue": {
    "criteria": {
      "has_iron_nugget": "2024-11-08 19:34:15 +0000"
    },
    "done": true
  },
  "securitycraft:recipes/misc/storage_module": {
    "criteria": {
      "has_iron": "2024-11-08 19:35:29 +0000"
    },
    "done": true
  },
  "minecraft:recipes/tools/shears": {
    "criteria": {
      "has_iron_ingot": "2024-11-08 19:35:29 +0000"
    },
    "done": true
  },
  "swem:recipes/misc/pasture_lime_horse": {
    "criteria": {
      "has_iron_ingot": "2024-11-08 19:35:29 +0000"
    },
    "done": true
  },
  "swem:recipes/misc/pasture_light_gray_horse": {
    "criteria": {
      "has_iron_ingot": "2024-11-08 19:35:29 +0000"
    },
    "done": true
  },
  "minecraft:adventure/kill_all_mobs": {
    "criteria": {
      "minecraft:spider": "2024-11-08 19:30:25 +0000"
    },
    "done": false
  },
  "swem:recipes/misc/bin_grain_light_blue": {
    "criteria": {
      "has_chest": "2024-11-08 19:28:16 +0000"
    },
    "done": true
  },
  "minecraft:recipes/building_blocks/iron_block": {
    "criteria": {
      "has_iron_ingot": "2024-11-08 19:35:29 +0000"
    },
    "done": true
  },
  "swem:recipes/misc/wheel_barrow_brown": {
    "criteria": {
      "has_bucket": "2024-11-08 19:36:18 +0000"
    },
    "done": true
  },
  "swem:recipes/misc/toy_string_treats": {
    "criteria": {
      "has_string": "2024-11-08 19:30:27 +0000"
    },
    "done": true
  },
  "minecraft:recipes/redstone/tripwire_hook": {
    "criteria": {
      "has_string": "2024-11-08 19:30:27 +0000"
    },
    "done": true
  },
  "swem:recipes/misc/wheel_barrow_gray": {
    "criteria": {
      "has_bucket": "2024-11-08 19:36:18 +0000"
    },
    "done": true
  },
  "swem:recipes/misc/tack_box_cyan": {
    "criteria": {
      "has_iron_ingot": "2024-11-08 19:35:29 +0000"
    },
    "done": true
  },
  "securitycraft:recipes/transportation/track_mine": {
    "criteria": {
      "has_iron": "2024-11-08 19:35:29 +0000"
    },
    "done": true
  },
  "swem:recipes/misc/tack_box_lime": {
    "criteria": {
      "has_iron_ingot": "2024-11-08 19:35:29 +0000"
    },
    "done": true
  },
  "minecraft:recipes/decorations/candle": {
    "criteria": {
      "has_string": "2024-11-08 19:30:27 +0000"
    },
    "done": true
  },
  "swem:recipes/misc/bin_grain_jungle": {
    "criteria": {
      "has_chest": "2024-11-08 19:28:16 +0000"
    },
    "done": true
  },
  "minecraft:recipes/misc/leather_horse_armor": {
    "criteria": {
      "has_leather": "2024-11-08 19:36:32 +0000"
    },
    "done": true
  },
  "swem:recipes/misc/tack_box_blue": {
    "criteria": {
      "has_iron_ingot": "2024-11-08 19:35:29 +0000"
    },
    "done": true
  },
  "securitycraft:recipes/misc/whitelist_module": {
    "criteria": {
      "has_iron": "2024-11-08 19:35:29 +0000"
    },
    "done": true
  },
  "swem:recipes/misc/web_guard_gray_horse": {
    "criteria": {
      "has_iron_nugget": "2024-11-08 19:34:15 +0000"
    },
    "done": true
  },
  "swem:recipes/misc/bin_grain_orange": {
    "criteria": {
      "has_chest": "2024-11-08 19:28:16 +0000"
    },
    "done": true
  },
  "swem:recipes/misc/separator_cyan": {
    "criteria": {
      "has_iron_nugget": "2024-11-08 19:34:15 +0000"
    },
    "done": true
  },
  "swem:recipes/misc/bin_grain_dark_oak": {
    "criteria": {
      "has_chest": "2024-11-08 19:28:16 +0000"
    },
    "done": true
  },
  "minecraft:recipes/building_blocks/polished_diorite_stairs_from_diorite_stonecutting": {
    "criteria": {
      "has_diorite": "2024-11-08 19:56:20 +0000"
    },
    "done": true
  },
  "swem:recipes/misc/wheel_barrow_orange": {
    "criteria": {
      "has_bucket": "2024-11-08 19:36:18 +0000"
    },
    "done": true
  },
  "minecraft:recipes/misc/conduit": {
    "criteria": {
      "has_nautilus_shell": "2024-11-08 19:39:03 +0000"
    },
    "done": true
  },
  "skilltree:recipes/misc/assassin_necklace": {
    "criteria": {
      "has_bone": "2024-11-08 19:29:43 +0000"
    },
    "done": true
  },
  "travelersbackpack:recipes/misc/horse": {
    "criteria": {
      "has_leather": "2024-11-08 19:36:32 +0000"
    },
    "done": true
  },
  "swem:recipes/misc/separator_red": {
    "criteria": {
      "has_iron_nugget": "2024-11-08 19:34:15 +0000"
    },
    "done": true
  },
  "securitycraft:recipes/misc/security_camera": {
    "criteria": {
      "has_iron": "2024-11-08 19:35:29 +0000"
    },
    "done": true
  },
  "swem:recipes/misc/tack_box_orange": {
    "criteria": {
      "has_iron_ingot": "2024-11-08 19:35:29 +0000"
    },
    "done": true
  },
  "swem:recipes/misc/web_guard_yellow_horse": {
    "criteria": {
      "has_iron_nugget": "2024-11-08 19:34:15 +0000"
    },
    "done": true
  },
  "swem:recipes/misc/wheel_barrow_magenta": {
    "criteria": {
      "has_bucket": "2024-11-08 19:36:18 +0000"
    },
    "done": true
  },
  "minecraft:recipes/redstone/hopper": {
    "criteria": {
      "has_iron_ingot": "2024-11-08 19:35:29 +0000"
    },
    "done": true
  },
  "swem:recipes/misc/tack_box_purple": {
    "criteria": {
      "has_iron_ingot": "2024-11-08 19:35:29 +0000"
    },
    "done": true
  },
  "travelersbackpack:recipes/misc/iron": {
    "criteria": {
      "has_iron_ingot": "2024-11-08 19:35:29 +0000"
    },
    "done": true
  },
  "securitycraft:recipes/misc/briefcase": {
    "criteria": {
      "has_iron": "2024-11-08 19:35:29 +0000"
    },
    "done": true
  },
  "securitycraft:recipes/redstone/reinforced_fence_gate": {
    "criteria": {
      "has_iron": "2024-11-08 19:35:29 +0000"
    },
    "done": true
  },
  "minecraft:recipes/food/cooked_beef_from_smoking": {
    "criteria": {
      "has_beef": "2024-11-08 19:36:32 +0000"
    },
    "done": true
  },
  "majruszsdifficulty:bleeding": {
    "criteria": {
      "bleeding_applied": "2024-11-08 19:30:07 +0000"
    },
    "done": true
  },
  "swem:recipes/misc/separator_light_gray": {
    "criteria": {
      "has_iron_nugget": "2024-11-08 19:34:15 +0000"
    },
    "done": true
  },
  "securitycraft:recipes/misc/electrified_iron_fence": {
    "criteria": {
      "has_iron": "2024-11-08 19:35:29 +0000"
    },
    "done": true
  },
  "swem:recipes/misc/web_guard_light_blue_rider": {
    "criteria": {
      "has_iron_nugget": "2024-11-08 19:34:15 +0000"
    },
    "done": true
  },
  "minecraft:recipes/building_blocks/diorite_stairs_from_diorite_stonecutting": {
    "criteria": {
      "has_diorite": "2024-11-08 19:56:20 +0000"
    },
    "done": true
  },
  "swem:recipes/misc/bin_grain_brown": {
    "criteria": {
      "has_chest": "2024-11-08 19:28:16 +0000"
    },
    "done": true
  },
  "securitycraft:recipes/misc/keycard_lv5": {
    "criteria": {
      "has_iron": "2024-11-08 19:35:29 +0000"
    },
    "done": true
  },
  "securitycraft:recipes/misc/keycard_lv3": {
    "criteria": {
      "has_iron": "2024-11-08 19:35:29 +0000"
    },
    "done": true
  },
  "securitycraft:recipes/misc/keycard_lv4": {
    "criteria": {
      "has_iron": "2024-11-08 19:35:29 +0000"
    },
    "done": true
  },
  "securitycraft:recipes/misc/keycard_lv1": {
    "criteria": {
      "has_iron": "2024-11-08 19:35:29 +0000"
    },
    "done": true
  },
  "securitycraft:recipes/misc/keycard_lv2": {
    "criteria": {
      "has_iron": "2024-11-08 19:35:29 +0000"
    },
    "done": true
  },
  "mca:recipes/misc/comb": {
    "criteria": {
      "has_item": "2024-11-08 19:35:29 +0000"
    },
    "done": true
  },
  "minecraft:recipes/combat/iron_boots": {
    "criteria": {
      "has_iron_ingot": "2024-11-08 19:35:29 +0000"
    },
    "done": true
  },
  "minecraft:recipes/decorations/lantern": {
    "criteria": {
      "has_iron_nugget": "2024-11-08 19:34:15 +0000"
    },
    "done": true
  },
  "swem:recipes/misc/pasture_blue_care": {
    "criteria": {
      "has_iron_ingot": "2024-11-08 19:35:29 +0000"
    },
    "done": true
  },
  "securitycraft:recipes/misc/mine": {
    "criteria": {
      "has_iron": "2024-11-08 19:35:29 +0000"
    },
    "done": true
  },
  "swem:recipes/misc/pasture_gray_care": {
    "criteria": {
      "has_iron_ingot": "2024-11-08 19:35:29 +0000"
    },
    "done": true
  },
  "swem:recipes/misc/pasture_green_horse": {
    "criteria": {
      "has_iron_ingot": "2024-11-08 19:35:29 +0000"
    },
    "done": true
  },
  "travelersbackpack:recipes/misc/sheep": {
    "criteria": {
      "has_white_wool": "2024-11-08 19:31:03 +0000"
    },
    "done": true
  },
  "minecraft:recipes/building_blocks/polished_andesite_from_andesite_stonecutting": {
    "criteria": {
      "has_andesite": "2024-11-08 19:56:20 +0000"
    },
    "done": true
  },
  "minecraft:recipes/tools/iron_shovel": {
    "criteria": {
      "has_iron_ingot": "2024-11-08 19:35:29 +0000"
    },
    "done": true
  },
  "minecraft:recipes/decorations/item_frame": {
    "criteria": {
      "has_leather": "2024-11-08 19:36:32 +0000"
    },
    "done": true
  },
  "swem:recipes/misc/web_guard_white_rider": {
    "criteria": {
      "has_iron_nugget": "2024-11-08 19:34:15 +0000"
    },
    "done": true
  },
  "swem:recipes/misc/web_guard_light_blue_care": {
    "criteria": {
      "has_iron_nugget": "2024-11-08 19:34:15 +0000"
    },
    "done": true
  },
  "swem:recipes/misc/halter_pink": {
    "criteria": {
      "has_iron_nugget": "2024-11-08 19:34:15 +0000"
    },
    "done": true
  },
  "swem:recipes/misc/web_guard_purple_rider": {
    "criteria": {
      "has_iron_nugget": "2024-11-08 19:34:15 +0000"
    },
    "done": true
  },
  "swem:recipes/misc/web_guard_yellow_care": {
    "criteria": {
      "has_iron_nugget": "2024-11-08 19:34:15 +0000"
    },
    "done": true
  },
  "minecraft:recipes/building_blocks/andesite": {
    "criteria": {
      "has_stone": "2024-11-08 19:56:20 +0000"
    },
    "done": true
  },
  "skilltree:recipes/combat/bone_quiver": {
    "criteria": {
      "has_bone": "2024-11-08 19:29:43 +0000"
    },
    "done": true
  },
  "swem:recipes/misc/separator_lime": {
    "criteria": {
      "has_iron_nugget": "2024-11-08 19:34:15 +0000"
    },
    "done": true
  },
  "swem:recipes/misc/separator_magenta": {
    "criteria": {
      "has_iron_nugget": "2024-11-08 19:34:15 +0000"
    },
    "done": true
  },
  "swem:recipes/misc/wheel_barrow_blue": {
    "criteria": {
      "has_bucket": "2024-11-08 19:36:18 +0000"
    },
    "done": true
  },
  "minecraft:story/form_obsidian": {
    "criteria": {
      "obsidian": "2024-11-08 19:34:13 +0000"
    },
    "done": true
  },
  "swem:recipes/misc/bin_grain_pink": {
    "criteria": {
      "has_chest": "2024-11-08 19:28:16 +0000"
    },
    "done": true
  },
  "swem:recipes/misc/wheel_barrow_lime": {
    "criteria": {
      "has_bucket": "2024-11-08 19:36:18 +0000"
    },
    "done": true
  },
  "swem:recipes/misc/bin_grain_crimson": {
    "criteria": {
      "has_chest": "2024-11-08 19:28:16 +0000"
    },
    "done": true
  },
  "swem:recipes/misc/halter_yellow": {
    "criteria": {
      "has_iron_nugget": "2024-11-08 19:34:15 +0000"
    },
    "done": true
  },
  "swem:recipes/misc/web_guard_orange_care": {
    "criteria": {
      "has_iron_nugget": "2024-11-08 19:34:15 +0000"
    },
    "done": true
  },
  "swem:recipes/misc/pasture_pink_care": {
    "criteria": {
      "has_iron_ingot": "2024-11-08 19:35:29 +0000"
    },
    "done": true
  },
  "securitycraft:recipes/misc/trophy_system": {
    "criteria": {
      "has_iron": "2024-11-08 19:35:29 +0000"
    },
    "done": true
  },
  "minecraft:recipes/brewing/cauldron": {
    "criteria": {
      "has_water_bucket": "2024-11-08 19:37:14 +0000"
    },
    "done": true
  },
  "swem:recipes/misc/web_guard_black_horse": {
    "criteria": {
      "has_iron_nugget": "2024-11-08 19:34:15 +0000"
    },
    "done": true
  },
  "minecraft:recipes/redstone/iron_trapdoor": {
    "criteria": {
      "has_iron_ingot": "2024-11-08 19:35:29 +0000"
    },
    "done": true
  },
  "minecraft:adventure/root": {
    "criteria": {
      "killed_something": "2024-11-08 19:30:25 +0000"
    },
    "done": true
  },
  "swem:recipes/misc/pasture_blue_horse": {
    "criteria": {
      "has_iron_ingot": "2024-11-08 19:35:29 +0000"
    },
    "done": true
  },
  "minecraft:recipes/building_blocks/oak_planks": {
    "criteria": {
      "has_logs": "2024-11-08 19:55:17 +0000"
    },
    "done": true
  },
  "swem:recipes/misc/pasture_purple_horse": {
    "criteria": {
      "has_iron_ingot": "2024-11-08 19:35:29 +0000"
    },
    "done": true
  },
  "minecraft:recipes/combat/crossbow": {
    "criteria": {
      "has_string": "2024-11-08 19:30:27 +0000"
    },
    "done": true
  },
  "swem:recipes/misc/web_guard_black_rider": {
    "criteria": {
      "has_iron_nugget": "2024-11-08 19:34:15 +0000"
    },
    "done": true
  },
  "tombstone:recipes/from_grave_dust": {
    "criteria": {
      "has_ingredient": "2024-11-08 19:27:01 +0000"
    },
    "done": true
  },
  "swem:recipes/misc/tack_box_magenta": {
    "criteria": {
      "has_iron_ingot": "2024-11-08 19:35:29 +0000"
    },
    "done": true
  },
  "minecraft:recipes/combat/leather_boots": {
    "criteria": {
      "has_leather": "2024-11-08 19:36:32 +0000"
    },
    "done": true
  },
  "swem:recipes/misc/separator_white": {
    "criteria": {
      "has_iron_nugget": "2024-11-08 19:34:15 +0000"
    },
    "done": true
  },
  "swem:recipes/misc/wheel_barrow_light_gray": {
    "criteria": {
      "has_bucket": "2024-11-08 19:36:18 +0000"
    },
    "done": true
  },
  "minecraft:recipes/building_blocks/polished_andesite_stairs_from_andesite_stonecutting": {
    "criteria": {
      "has_andesite": "2024-11-08 19:56:20 +0000"
    },
    "done": true
  },
  "minecraft:recipes/decorations/white_bed": {
    "criteria": {
      "has_white_wool": "2024-11-08 19:31:03 +0000"
    },
    "done": true
  },
  "swem:recipes/misc/separator_gray": {
    "criteria": {
      "has_iron_nugget": "2024-11-08 19:34:15 +0000"
    },
    "done": true
  },
  "swem:recipes/misc/bin_grain_magenta": {
    "criteria": {
      "has_chest": "2024-11-08 19:28:16 +0000"
    },
    "done": true
  },
  "swem:recipes/misc/pasture_cyan_horse": {
    "criteria": {
      "has_iron_ingot": "2024-11-08 19:35:29 +0000"
    },
    "done": true
  },
  "securitycraft:recipes/misc/speed_module": {
    "criteria": {
      "has_iron": "2024-11-08 19:35:29 +0000"
    },
    "done": true
  },
  "skilltree:recipes/combat/armored_quiver": {
    "criteria": {
      "has_ingots_iron": "2024-11-08 19:35:29 +0000"
    },
    "done": true
  },
  "securitycraft:recipes/misc/camera_monitor": {
    "criteria": {
      "has_iron": "2024-11-08 19:35:29 +0000"
    },
    "done": true
  },
  "minecraft:recipes/building_blocks/polished_diorite_slab_from_diorite_stonecutting": {
    "criteria": {
      "has_diorite": "2024-11-08 19:56:20 +0000"
    },
    "done": true
  },
  "swem:recipes/misc/web_guard_brown_horse": {
    "criteria": {
      "has_iron_nugget": "2024-11-08 19:34:15 +0000"
    },
    "done": true
  },
  "swem:recipes/misc/web_guard_pink_rider": {
    "criteria": {
      "has_iron_nugget": "2024-11-08 19:34:15 +0000"
    },
    "done": true
  },
  "swem:recipes/misc/wheel_barrow_cyan": {
    "criteria": {
      "has_bucket": "2024-11-08 19:36:18 +0000"
    },
    "done": true
  },
  "swem:recipes/misc/separator_light_blue": {
    "criteria": {
      "has_iron_nugget": "2024-11-08 19:34:15 +0000"
    },
    "done": true
  },
  "securitycraft:recipes/misc/redstone_module": {
    "criteria": {
      "has_iron": "2024-11-08 19:35:29 +0000"
    },
    "done": true
  },
  "swem:recipes/misc/web_guard_light_blue_horse": {
    "criteria": {
      "has_iron_nugget": "2024-11-08 19:34:15 +0000"
    },
    "done": true
  },
  "swem:recipes/misc/bin_grain_oak": {
    "criteria": {
      "has_chest": "2024-11-08 19:28:16 +0000"
    },
    "done": true
  },
  "swem:recipes/misc/tack_box_red": {
    "criteria": {
      "has_iron_ingot": "2024-11-08 19:35:29 +0000"
    },
    "done": true
  },
  "swem:recipes/misc/plate_iron": {
    "criteria": {
      "has_ingredient": "2024-11-08 19:35:29 +0000"
    },
    "done": true
  },
  "swem:recipes/misc/separator_black": {
    "criteria": {
      "has_iron_nugget": "2024-11-08 19:34:15 +0000"
    },
    "done": true
  },
  "minecraft:recipes/building_blocks/oak_wood": {
    "criteria": {
      "has_log": "2024-11-08 19:55:17 +0000"
    },
    "done": true
  },
  "securitycraft:recipes/misc/door_indestructible_iron_item": {
    "criteria": {
      "has_iron": "2024-11-08 19:35:29 +0000"
    },
    "done": true
  },
  "swem:recipes/misc/separator_green": {
    "criteria": {
      "has_iron_nugget": "2024-11-08 19:34:15 +0000"
    },
    "done": true
  },
  "minecraft:recipes/food/cooked_beef": {
    "criteria": {
      "has_beef": "2024-11-08 19:36:32 +0000"
    },
    "done": true
  },
  "securitycraft:recipes/tools/universal_block_remover": {
    "criteria": {
      "has_iron": "2024-11-08 19:35:29 +0000"
    },
    "done": true
  },
  "minecraft:recipes/misc/iron_ingot_from_nuggets": {
    "criteria": {
      "has_iron_nugget": "2024-11-08 19:34:15 +0000"
    },
    "done": true
  },
  "minecraft:recipes/redstone/heavy_weighted_pressure_plate": {
    "criteria": {
      "has_iron_ingot": "2024-11-08 19:35:29 +0000"
    },
    "done": true
  },
  "swem:recipes/misc/web_guard_magenta_rider": {
    "criteria": {
      "has_iron_nugget": "2024-11-08 19:34:15 +0000"
    },
    "done": true
  },
  "swem:recipes/misc/halter_gray": {
    "criteria": {
      "has_iron_nugget": "2024-11-08 19:34:15 +0000"
    },
    "done": true
  },
  "swem:recipes/misc/web_guard_green_rider": {
    "criteria": {
      "has_iron_nugget": "2024-11-08 19:34:15 +0000"
    },
    "done": true
  },
  "minecraft:recipes/combat/iron_leggings": {
    "criteria": {
      "has_iron_ingot": "2024-11-08 19:35:29 +0000"
    },
    "done": true
  },
  "iceandfire:recipes/misc/dragon_meal": {
    "criteria": {
      "has_item": "2024-11-08 19:31:03 +0000"
    },
    "done": true
  },
  "minecraft:recipes/combat/leather_leggings": {
    "criteria": {
      "has_leather": "2024-11-08 19:36:32 +0000"
    },
    "done": true
  },
  "travelersbackpack:recipes/misc/coal": {
    "criteria": {
      "has_coal": "2024-11-08 19:26:20 +0000"
    },
    "done": true
  },
  "swem:recipes/misc/bin_grain_white": {
    "criteria": {
      "has_chest": "2024-11-08 19:28:16 +0000"
    },
    "done": true
  },
  "securitycraft:recipes/misc/blacklist_module": {
    "criteria": {
      "has_iron": "2024-11-08 19:35:29 +0000"
    },
    "done": true
  },
  "minecraft:recipes/combat/iron_chestplate": {
    "criteria": {
      "has_iron_ingot": "2024-11-08 19:35:29 +0000"
    },
    "done": true
  },
  "soulsweapons:recipes/combat/holy_greatsword": {
    "criteria": {
      "has_item": "2024-11-08 19:35:29 +0000"
    },
    "done": true
  },
  "swem:recipes/misc/tack_box_light_gray": {
    "criteria": {
      "has_iron_ingot": "2024-11-08 19:35:29 +0000"
    },
    "done": true
  },
  "swem:recipes/misc/pasture_light_blue_horse": {
    "criteria": {
      "has_iron_ingot": "2024-11-08 19:35:29 +0000"
    },
    "done": true
  },
  "minecraft:recipes/misc/gold_nugget_from_smelting": {
    "criteria": {
      "has_golden_chestplate": "2024-11-08 19:34:13 +0000"
    },
    "done": true
  },
  "swem:recipes/misc/web_guard_yellow_rider": {
    "criteria": {
      "has_iron_nugget": "2024-11-08 19:34:15 +0000"
    },
    "done": true
  },
  "securitycraft:recipes/misc/limited_use_keycard": {
    "criteria": {
      "has_iron": "2024-11-08 19:35:29 +0000"
    },
    "done": true
  },
  "swem:recipes/misc/wheel_barrow_black": {
    "criteria": {
      "has_bucket": "2024-11-08 19:36:18 +0000"
    },
    "done": true
  },
  "securitycraft:recipes/misc/bouncing_betty": {
    "criteria": {
      "has_iron": "2024-11-08 19:35:29 +0000"
    },
    "done": true
  },
  "minecraft:recipes/misc/iron_nugget": {
    "criteria": {
      "has_iron_ingot": "2024-11-08 19:35:29 +0000"
    },
    "done": true
  },
  "swem:recipes/misc/tack_box_white": {
    "criteria": {
      "has_iron_ingot": "2024-11-08 19:35:29 +0000"
    },
    "done": true
  },
  "minecraft:recipes/misc/bucket": {
    "criteria": {
      "has_iron_ingot": "2024-11-08 19:35:29 +0000"
    },
    "done": true
  },
  "minecraft:recipes/building_blocks/diorite_slab": {
    "criteria": {
      "has_diorite": "2024-11-08 19:56:20 +0000"
    },
    "done": true
  },
  "iceandfire:recipes/misc/blindfold": {
    "criteria": {
      "has_item": "2024-11-08 19:36:32 +0000"
    },
    "done": true
  },
  "securitycraft:recipes/misc/disguise_module": {
    "criteria": {
      "has_iron": "2024-11-08 19:35:29 +0000"
    },
    "done": true
  },
  "minecraft:recipes/combat/bow": {
    "criteria": {
      "has_string": "2024-11-08 19:30:27 +0000"
    },
    "done": true
  },
  "minecraft:recipes/transportation/minecart": {
    "criteria": {
      "has_iron_ingot": "2024-11-08 19:35:29 +0000"
    },
    "done": true
  },
  "minecraft:recipes/tools/iron_hoe": {
    "criteria": {
      "has_iron_ingot": "2024-11-08 19:35:29 +0000"
    },
    "done": true
  },
  "swem:recipes/misc/pasture_purple_care": {
    "criteria": {
      "has_iron_ingot": "2024-11-08 19:35:29 +0000"
    },
    "done": true
  },
  "swem:recipes/misc/halter_black": {
    "criteria": {
      "has_iron_nugget": "2024-11-08 19:34:15 +0000"
    },
    "done": true
  },
  "swem:recipes/misc/web_guard_orange_horse": {
    "criteria": {
      "has_iron_nugget": "2024-11-08 19:34:15 +0000"
    },
    "done": true
  },
  "swem:recipes/misc/pasture_red_horse": {
    "criteria": {
      "has_iron_ingot": "2024-11-08 19:35:29 +0000"
    },
    "done": true
  },
  "securitycraft:recipes/redstone/block_change_detector": {
    "criteria": {
      "has_iron": "2024-11-08 19:35:29 +0000"
    },
    "done": true
  },
  "minecraft:recipes/decorations/painting": {
    "criteria": {
      "has_wool": "2024-11-08 19:31:03 +0000"
    },
    "done": true
  },
  "swem:recipes/misc/wheel_barrow_green": {
    "criteria": {
      "has_bucket": "2024-11-08 19:36:18 +0000"
    },
    "done": true
  },
  "swem:recipes/misc/halter_green": {
    "criteria": {
      "has_iron_nugget": "2024-11-08 19:34:15 +0000"
    },
    "done": true
  },
  "swem:recipes/misc/pasture_orange_horse": {
    "criteria": {
      "has_iron_ingot": "2024-11-08 19:35:29 +0000"
    },
    "done": true
  },
  "minecraft:recipes/decorations/andesite_wall_from_andesite_stonecutting": {
    "criteria": {
      "has_andesite": "2024-11-08 19:56:20 +0000"
    },
    "done": true
  },
  "swem:recipes/misc/pasture_green_care": {
    "criteria": {
      "has_iron_ingot": "2024-11-08 19:35:29 +0000"
    },
    "done": true
  },
  "minecraft:story/smelt_iron": {
    "criteria": {
      "iron": "2024-11-08 19:35:29 +0000"
    },
    "done": true
  },
  "minecraft:recipes/tools/fishing_rod": {
    "criteria": {
      "has_string": "2024-11-08 19:30:27 +0000"
    },
    "done": true
  },
  "minecraft:recipes/decorations/smoker": {
    "criteria": {
      "has_furnace": "2024-11-08 19:26:03 +0000"
    },
    "done": true
  },
  "swem:recipes/misc/pasture_yellow_care": {
    "criteria": {
      "has_iron_ingot": "2024-11-08 19:35:29 +0000"
    },
    "done": true
  },
  "swem:recipes/misc/tack_box_pink": {
    "criteria": {
      "has_iron_ingot": "2024-11-08 19:35:29 +0000"
    },
    "done": true
  },
  "swem:recipes/misc/pasture_light_gray_care": {
    "criteria": {
      "has_iron_ingot": "2024-11-08 19:35:29 +0000"
    },
    "done": true
  },
  "swem:recipes/misc/web_guard_gray_care": {
    "criteria": {
      "has_iron_nugget": "2024-11-08 19:34:15 +0000"
    },
    "done": true
  },
  "minecraft:recipes/building_blocks/polished_andesite_slab_from_andesite_stonecutting": {
    "criteria": {
      "has_andesite": "2024-11-08 19:56:20 +0000"
    },
    "done": true
  },
  "swem:recipes/misc/pasture_orange_care": {
    "criteria": {
      "has_iron_ingot": "2024-11-08 19:35:29 +0000"
    },
    "done": true
  },
  "minecraft:recipes/decorations/chain": {
    "criteria": {
      "has_iron_nugget": "2024-11-08 19:34:15 +0000"
    },
    "done": true
  },
  "swem:recipes/misc/separator_pink": {
    "criteria": {
      "has_iron_nugget": "2024-11-08 19:34:15 +0000"
    },
    "done": true
  },
  "minecraft:recipes/misc/bone_meal": {
    "criteria": {
      "has_bone": "2024-11-08 19:29:43 +0000"
    },
    "done": true
  },
  "travelersbackpack:recipes/misc/spider": {
    "criteria": {
      "has_string": "2024-11-08 19:30:27 +0000"
    },
    "done": true
  },
  "swem:recipes/misc/bin_grain_yellow": {
    "criteria": {
      "has_chest": "2024-11-08 19:28:16 +0000"
    },
    "done": true
  },
  "minecraft:recipes/decorations/diorite_wall": {
    "criteria": {
      "has_diorite": "2024-11-08 19:56:20 +0000"
    },
    "done": true
  },
  "swem:recipes/misc/tack_box_green": {
    "criteria": {
      "has_iron_ingot": "2024-11-08 19:35:29 +0000"
    },
    "done": true
  },
  "swem:recipes/misc/bin_grain_cyan": {
    "criteria": {
      "has_chest": "2024-11-08 19:28:16 +0000"
    },
    "done": true
  },
  "swem:recipes/misc/web_guard_orange_rider": {
    "criteria": {
      "has_iron_nugget": "2024-11-08 19:34:15 +0000"
    },
    "done": true
  },
  "minecraft:recipes/decorations/smithing_table": {
    "criteria": {
      "has_iron_ingot": "2024-11-08 19:35:29 +0000"
    },
    "done": true
  },
  "swem:recipes/misc/halter_lime": {
    "criteria": {
      "has_iron_nugget": "2024-11-08 19:34:15 +0000"
    },
    "done": true
  },
  "travelersbackpack:recipes/decorations/white_sleeping_bag": {
    "criteria": {
      "has_white_wool": "2024-11-08 19:31:03 +0000"
    },
    "done": true
  },
  "swem:recipes/misc/leather_treated": {
    "criteria": {
      "has_leather": "2024-11-08 19:36:32 +0000"
    },
    "done": true
  },
  "mca:recipes/misc/needle_and_thread": {
    "criteria": {
      "has_item": "2024-11-08 19:30:27 +0000"
    },
    "done": true
  },
  "swem:recipes/misc/web_guard_red_rider": {
    "criteria": {
      "has_iron_nugget": "2024-11-08 19:34:15 +0000"
    },
    "done": true
  },
  "swem:recipes/misc/web_guard_white_care": {
    "criteria": {
      "has_iron_nugget": "2024-11-08 19:34:15 +0000"
    },
    "done": true
  },
  "swem:recipes/misc/halter_red": {
    "criteria": {
      "has_iron_nugget": "2024-11-08 19:34:15 +0000"
    },
    "done": true
  },
  "swem:recipes/misc/web_guard_magenta_horse": {
    "criteria": {
      "has_iron_nugget": "2024-11-08 19:34:15 +0000"
    },
    "done": true
  },
  "swem:recipes/misc/web_guard_green_care": {
    "criteria": {
      "has_iron_nugget": "2024-11-08 19:34:15 +0000"
    },
    "done": true
  },
  "minecraft:recipes/decorations/white_carpet": {
    "criteria": {
      "has_white_wool": "2024-11-08 19:31:03 +0000"
    },
    "done": true
  },
  "swem:recipes/misc/wheel_barrow_yellow": {
    "criteria": {
      "has_bucket": "2024-11-08 19:36:18 +0000"
    },
    "done": true
  },
  "swem:recipes/misc/tack_box_black": {
    "criteria": {
      "has_iron_ingot": "2024-11-08 19:35:29 +0000"
    },
    "done": true
  },
  "minecraft:recipes/building_blocks/andesite_slab_from_andesite_stonecutting": {
    "criteria": {
      "has_andesite": "2024-11-08 19:56:20 +0000"
    },
    "done": true
  },
  "minecraft:recipes/building_blocks/coal_block": {
    "criteria": {
      "has_coal": "2024-11-08 19:26:20 +0000"
    },
    "done": true
  },
  "swem:recipes/misc/web_guard_black_care": {
    "criteria": {
      "has_iron_nugget": "2024-11-08 19:34:15 +0000"
    },
    "done": true
  },
  "mca:recipes/misc/whistle": {
    "criteria": {
      "has_item": "2024-11-08 19:35:29 +0000"
    },
    "done": true
  },
  "swem:recipes/misc/tack_box_light_blue": {
    "criteria": {
      "has_iron_ingot": "2024-11-08 19:35:29 +0000"
    },
    "done": true
  },
  "swem:recipes/misc/web_guard_white_horse": {
    "criteria": {
      "has_iron_nugget": "2024-11-08 19:34:15 +0000"
    },
    "done": true
  },
  "swem:recipes/misc/separator_yellow": {
    "criteria": {
      "has_iron_nugget": "2024-11-08 19:34:15 +0000"
    },
    "done": true
  },
  "swem:recipes/misc/wheel_barrow_light_blue": {
    "criteria": {
      "has_bucket": "2024-11-08 19:36:18 +0000"
    },
    "done": true
  },
  "minecraft:recipes/combat/iron_sword": {
    "criteria": {
      "has_iron_ingot": "2024-11-08 19:35:29 +0000"
    },
    "done": true
  },
  "minecraft:recipes/tools/iron_pickaxe": {
    "criteria": {
      "has_iron_ingot": "2024-11-08 19:35:29 +0000"
    },
    "done": true
  },
  "swem:recipes/misc/pasture_magenta_horse": {
    "criteria": {
      "has_iron_ingot": "2024-11-08 19:35:29 +0000"
    },
    "done": true
  },
  "swem:recipes/misc/tack_box_brown": {
    "criteria": {
      "has_iron_ingot": "2024-11-08 19:35:29 +0000"
    },
    "done": true
  },
  "travelersbackpack:recipes/misc/standard": {
    "criteria": {
      "has_chest": "2024-11-08 19:28:16 +0000"
    },
    "done": true
  },
  "minecraft:recipes/combat/shield": {
    "criteria": {
      "has_iron_ingot": "2024-11-08 19:35:29 +0000"
    },
    "done": true
  },
  "swem:recipes/misc/pasture_gray_horse": {
    "criteria": {
      "has_iron_ingot": "2024-11-08 19:35:29 +0000"
    },
    "done": true
  },
  "swem:recipes/misc/pasture_red_care": {
    "criteria": {
      "has_iron_ingot": "2024-11-08 19:35:29 +0000"
    },
    "done": true
  },
  "minecraft:recipes/building_blocks/andesite_stairs_from_andesite_stonecutting": {
    "criteria": {
      "has_andesite": "2024-11-08 19:56:20 +0000"
    },
    "done": true
  },
  "minecraft:recipes/decorations/iron_bars": {
    "criteria": {
      "has_iron_ingot": "2024-11-08 19:35:29 +0000"
    },
    "done": true
  },
  "swem:recipes/misc/web_guard_cyan_care": {
    "criteria": {
      "has_iron_nugget": "2024-11-08 19:34:15 +0000"
    },
    "done": true
  },
  "swem:recipes/misc/web_guard_red_horse": {
    "criteria": {
      "has_iron_nugget": "2024-11-08 19:34:15 +0000"
    },
    "done": true
  },
  "swem:recipes/misc/bin_grain_warped": {
    "criteria": {
      "has_chest": "2024-11-08 19:28:16 +0000"
    },
    "done": true
  },
  "swem:recipes/misc/pasture_black_care": {
    "criteria": {
      "has_iron_ingot": "2024-11-08 19:35:29 +0000"
    },
    "done": true
  },
  "travelersbackpack:recipes/misc/iron_tier_upgrade": {
    "criteria": {
      "has_iron_ingot": "2024-11-08 19:35:29 +0000"
    },
    "done": true
  },
  "swem:recipes/misc/bin_grain_lime": {
    "criteria": {
      "has_chest": "2024-11-08 19:28:16 +0000"
    },
    "done": true
  },
  "travelersbackpack:recipes/misc/hose_nozzle": {
    "criteria": {
      "has_iron": "2024-11-08 19:35:29 +0000"
    },
    "done": true
  },
  "swem:recipes/misc/halter_cyan": {
    "criteria": {
      "has_iron_nugget": "2024-11-08 19:34:15 +0000"
    },
    "done": true
  },
  "swem:recipes/misc/web_guard_cyan_horse": {
    "criteria": {
      "has_iron_nugget": "2024-11-08 19:34:15 +0000"
    },
    "done": true
  },
  "minecraft:recipes/food/cooked_mutton": {
    "criteria": {
      "has_mutton": "2024-11-08 19:31:03 +0000"
    },
    "done": true
  },
  "swem:recipes/misc/halter_blue": {
    "criteria": {
      "has_iron_nugget": "2024-11-08 19:34:15 +0000"
    },
    "done": true
  },
  "minecraft:recipes/tools/flint_and_steel": {
    "criteria": {
      "has_obsidian": "2024-11-08 19:34:13 +0000"
    },
    "done": true
  },
  "swem:recipes/misc/halter_light_blue": {
    "criteria": {
      "has_iron_nugget": "2024-11-08 19:34:15 +0000"
    },
    "done": true
  },
  "swem:recipes/misc/pasture_brown_horse": {
    "criteria": {
      "has_iron_ingot": "2024-11-08 19:35:29 +0000"
    },
    "done": true
  },
  "travelersbackpack:recipes/misc/blank_upgrade": {
    "criteria": {
      "has_chest": "2024-11-08 19:28:16 +0000"
    },
    "done": true
  },
  "minecraft:recipes/decorations/white_banner": {
    "criteria": {
      "has_white_wool": "2024-11-08 19:31:03 +0000"
    },
    "done": true
  },
  "swem:recipes/misc/halter_white": {
    "criteria": {
      "has_iron_nugget": "2024-11-08 19:34:15 +0000"
    },
    "done": true
  },
  "securitycraft:recipes/misc/harming_module": {
    "criteria": {
      "has_iron": "2024-11-08 19:35:29 +0000"
    },
    "done": true
  },
  "minecraft:recipes/decorations/diorite_wall_from_diorite_stonecutting": {
    "criteria": {
      "has_diorite": "2024-11-08 19:56:20 +0000"
    },
    "done": true
  },
  "swem:recipes/misc/hitching_ring": {
    "criteria": {
      "has_nugget": "2024-11-08 19:34:15 +0000"
    },
    "done": true
  },
  "swem:recipes/misc/rivet_iron": {
    "criteria": {
      "has_ingredient": "2024-11-08 19:35:29 +0000"
    },
    "done": true
  },
  "swem:recipes/misc/bin_grain_blue": {
    "criteria": {
      "has_chest": "2024-11-08 19:28:16 +0000"
    },
    "done": true
  },
  "swem:recipes/misc/wheel_barrow_red": {
    "criteria": {
      "has_bucket": "2024-11-08 19:36:18 +0000"
    },
    "done": true
  },
  "swem:recipes/misc/bin_grain_red": {
    "criteria": {
      "has_chest": "2024-11-08 19:28:16 +0000"
    },
    "done": true
  },
  "swem:recipes/misc/web_guard_lime_care": {
    "criteria": {
      "has_iron_nugget": "2024-11-08 19:34:15 +0000"
    },
    "done": true
  },
  "swem:recipes/misc/bin_grain_acacia": {
    "criteria": {
      "has_chest": "2024-11-08 19:28:16 +0000"
    },
    "done": true
  },
  "travelersbackpack:recipes/misc/wolf": {
    "criteria": {
      "has_bone": "2024-11-08 19:29:43 +0000"
    },
    "done": true
  },
  "swem:recipes/misc/bin_grain_birch": {
    "criteria": {
      "has_chest": "2024-11-08 19:28:16 +0000"
    },
    "done": true
  },
  "securitycraft:recipes/misc/smart_module": {
    "criteria": {
      "has_iron": "2024-11-08 19:35:29 +0000"
    },
    "done": true
  },
  "minecraft:recipes/building_blocks/polished_andesite": {
    "criteria": {
      "has_andesite": "2024-11-08 19:56:20 +0000"
    },
    "done": true
  },
  "swem:recipes/misc/web_guard_blue_horse": {
    "criteria": {
      "has_iron_nugget": "2024-11-08 19:34:15 +0000"
    },
    "done": true
  },
  "swem:recipes/misc/web_guard_light_gray_care": {
    "criteria": {
      "has_iron_nugget": "2024-11-08 19:34:15 +0000"
    },
    "done": true
  },
  "swem:recipes/misc/wheel_barrow_purple": {
    "criteria": {
      "has_bucket": "2024-11-08 19:36:18 +0000"
    },
    "done": true
  },
  "minecraft:recipes/food/cooked_mutton_from_campfire_cooking": {
    "criteria": {
      "has_mutton": "2024-11-08 19:31:03 +0000"
    },
    "done": true
  },
  "swem:recipes/misc/halter_magenta": {
    "criteria": {
      "has_iron_nugget": "2024-11-08 19:34:15 +0000"
    },
    "done": true
  },
  "swem:recipes/misc/pasture_black_horse": {
    "criteria": {
      "has_iron_ingot": "2024-11-08 19:35:29 +0000"
    },
    "done": true
  },
  "swem:recipes/misc/separator_brown": {
    "criteria": {
      "has_iron_nugget": "2024-11-08 19:34:15 +0000"
    },
    "done": true
  },
  "swem:recipes/misc/halter_light_gray": {
    "criteria": {
      "has_iron_nugget": "2024-11-08 19:34:15 +0000"
    },
    "done": true
  },
  "swem:recipes/misc/web_guard_blue_rider": {
    "criteria": {
      "has_iron_nugget": "2024-11-08 19:34:15 +0000"
    },
    "done": true
  },
  "swem:recipes/misc/wheel_barrow_pink": {
    "criteria": {
      "has_bucket": "2024-11-08 19:36:18 +0000"
    },
    "done": true
  },
  "swem:recipes/misc/tack_box_gray": {
    "criteria": {
      "has_iron_ingot": "2024-11-08 19:35:29 +0000"
    },
    "done": true
  },
  "minecraft:recipes/building_blocks/white_wool_from_string": {
    "criteria": {
      "has_string": "2024-11-08 19:30:27 +0000"
    },
    "done": true
  },
  "swem:recipes/misc/bin_grain_gray": {
    "criteria": {
      "has_chest": "2024-11-08 19:28:16 +0000"
    },
    "done": true
  },
  "swem:recipes/misc/web_guard_light_gray_rider": {
    "criteria": {
      "has_iron_nugget": "2024-11-08 19:34:15 +0000"
    },
    "done": true
  },
  "minecraft:recipes/tools/iron_axe": {
    "criteria": {
      "has_iron_ingot": "2024-11-08 19:35:29 +0000"
    },
    "done": true
  },
  "swem:recipes/misc/wheel_barrow_white": {
    "criteria": {
      "has_bucket": "2024-11-08 19:36:18 +0000"
    },
    "done": true
  },
  "minecraft:recipes/building_blocks/polished_diorite_from_diorite_stonecutting": {
    "criteria": {
      "has_diorite": "2024-11-08 19:56:20 +0000"
    },
    "done": true
  },
  "minecraft:adventure/kill_a_mob": {
    "criteria": {
      "minecraft:spider": "2024-11-08 19:30:25 +0000"
    },
    "done": true
  },
  "swem:recipes/misc/web_guard_blue_care": {
    "criteria": {
      "has_iron_nugget": "2024-11-08 19:34:15 +0000"
    },
    "done": true
  },
  "swem:recipes/misc/web_guard_light_gray_horse": {
    "criteria": {
      "has_iron_nugget": "2024-11-08 19:34:15 +0000"
    },
    "done": true
  },
  "swem:recipes/misc/pasture_white_care": {
    "criteria": {
      "has_iron_ingot": "2024-11-08 19:35:29 +0000"
    },
    "done": true
  },
  "minecraft:recipes/decorations/andesite_wall": {
    "criteria": {
      "has_andesite": "2024-11-08 19:56:20 +0000"
    },
    "done": true
  },
  "minecraft:recipes/building_blocks/andesite_slab": {
    "criteria": {
      "has_andesite": "2024-11-08 19:56:20 +0000"
    },
    "done": true
  },
  "swem:recipes/misc/bin_grain_black": {
    "criteria": {
      "has_chest": "2024-11-08 19:28:16 +0000"
    },
    "done": true
  },
  "swem:recipes/misc/pasture_yellow_horse": {
    "criteria": {
      "has_iron_ingot": "2024-11-08 19:35:29 +0000"
    },
    "done": true
  },
  "swem:recipes/misc/helmet_riding": {
    "criteria": {
      "has_iron_nugget": "2024-11-08 19:34:15 +0000"
    },
    "done": true
  },
  "swem:recipes/misc/tack_box_yellow": {
    "criteria": {
      "has_iron_ingot": "2024-11-08 19:35:29 +0000"
    },
    "done": true
  },
  "minecraft:recipes/building_blocks/diorite_slab_from_diorite_stonecutting": {
    "criteria": {
      "has_diorite": "2024-11-08 19:56:20 +0000"
    },
    "done": true
  },
  "minecraft:husbandry/balanced_diet": {
    "criteria": {
      "cooked_mutton": "2024-11-08 19:34:59 +0000"
    },
    "done": false
  },
  "swem:recipes/misc/web_guard_pink_care": {
    "criteria": {
      "has_iron_nugget": "2024-11-08 19:34:15 +0000"
    },
    "done": true
  },
  "swem:recipes/misc/web_guard_green_horse": {
    "criteria": {
      "has_iron_nugget": "2024-11-08 19:34:15 +0000"
    },
    "done": true
  },
  "minecraft:recipes/decorations/enchanting_table": {
    "criteria": {
      "has_obsidian": "2024-11-08 19:34:13 +0000"
    },
    "done": true
  },
  "swem:recipes/misc/bin_grain_light_gray": {
    "criteria": {
      "has_chest": "2024-11-08 19:28:16 +0000"
    },
    "done": true
  },
  "swem:recipes/misc/pasture_light_blue_care": {
    "criteria": {
      "has_iron_ingot": "2024-11-08 19:35:29 +0000"
    },
    "done": true
  },
  "swem:recipes/misc/pasture_pink_horse": {
    "criteria": {
      "has_iron_ingot": "2024-11-08 19:35:29 +0000"
    },
    "done": true
  },
  "minecraft:recipes/decorations/loom": {
    "criteria": {
      "has_string": "2024-11-08 19:30:27 +0000"
    },
    "done": true
  },
  "swem:recipes/misc/bin_grain_green": {
    "criteria": {
      "has_chest": "2024-11-08 19:28:16 +0000"
    },
    "done": true
  },
  "minecraft:recipes/building_blocks/diorite_stairs": {
    "criteria": {
      "has_diorite": "2024-11-08 19:56:20 +0000"
    },
    "done": true
  },
  "swem:recipes/misc/web_guard_brown_care": {
    "criteria": {
      "has_iron_nugget": "2024-11-08 19:34:15 +0000"
    },
    "done": true
  },
  "minecraft:recipes/redstone/iron_door": {
    "criteria": {
      "has_iron_ingot": "2024-11-08 19:35:29 +0000"
    },
    "done": true
  },
  "skilltree:recipes/misc/iron_ring": {
    "criteria": {
      "has_nuggets_iron": "2024-11-08 19:34:15 +0000"
    },
    "done": true
  },
  "minecraft:recipes/food/cooked_beef_from_campfire_cooking": {
    "criteria": {
      "has_beef": "2024-11-08 19:36:32 +0000"
    },
    "done": true
  },
  "DataVersion": 3465
}